show
Traceback (most recent call last):
  File "<stdin>", line 1, in <module>
NameError: name 'show' isn't defined
>>> import config; print('CONFIG', config.GAINS, config.GEAR_RATIO, config.COUNTS_PER_MOTOR_REV, config.MOTOR_IN1, config.MOTOR_IN2, config.ENC_A, config.ENC_B)
CONFIG {'v_full': 1000.0, 'kd': 0.0008, 'kp': 0.03, 'vmax': 600.0, 'tau': 0.05, 'kfs': 0.08, 'ki': 0.0, 'tol': 2.0, 'amax': 6000.0} 1.0 720 2 3 4 5
>>> 
HOST import arm_test; arm = arm_test.Arm()
import arm_test; arm = arm_test.Arm()
>>> 
HOST arm.gains.set('kfs', 0.42); arm.gains.set('umax', 0.75); arm.gains.set('vmax', 60); arm.gains.set('amax', 200); arm.gains.set('max_err', 15)
arm.gains.set('kfs', 0.42); arm.gains.set('umax', 0.75); arm.gains.set('vmax', 60); arm.gains.set('amax', 200); arm.gains.set('max_err', 15)
>>> 
HOST arm.enc.zero(); arm.nominal = 0.0; arm_test.cmd_show(arm, []); arm_test.cmd_enc(arm, [])
arm.enc.zero(); arm.nominal = 0.0; arm_test.cmd_show(arm, []); arm_test.cmd_enc(arm, [])
  tol        2.0
  stall_time 0.15
  kfs        0.42
  vtol       60.0
  max_err    15.0
  stall_vel  20.0
  vmax       60.0
  tau        0.05
  umax       0.75
  ki         0.0
  timeout    0.5
  amax       200.0
  kd         0.0008
  settle     0.02
  v_full     1000.0
  kp         0.03
  hold       50
  1 计数 = 0.5000 度 (机械手)
计数 0, 马达 0.0 度, 机械手 0.00 度 (名义 0)
>>> 
HOST r = arm.move_to(90, "medium_installed_auto")
r = arm.move_to(90, "medium_installed_auto")
RESULT {"loops": 1010, "overshoot": 0.0, "t_reach": 1.6435, "type": "move", "t_settle": 1.6744, "target": 90, "state": "done", "q": null, "tag": "medium_installed_auto", "err": 1.0, "err_rest": 1.0, "ok": true, "max_dt_us": 10531, "t_profile": 1.8, "start": 0.0, "max_track_err": 3.29}
>>> 
HOST arm.nominal = 90
arm.nominal = 90
>>> 
HOST r = arm.move_to(0, "medium_installed_auto")
r = arm.move_to(0, "medium_installed_auto")
RESULT {"loops": 992, "overshoot": 0.0, "t_reach": 1.5985, "type": "move", "t_settle": 1.6953, "target": 0, "state": "done", "q": null, "tag": "medium_installed_auto", "err": 0.0, "err_rest": 0.0, "ok": true, "max_dt_us": 10522, "t_profile": 1.7833, "start": 89.00001, "max_track_err": 2.52}
>>> 
HOST arm.nominal = 0
arm.nominal = 0
>>> 
HOST arm.motor.coast(); arm.servo.off()
arm.motor.coast(); arm.servo.off()
>>> 
HOST print('STATUS', arm.angle(), arm.nominal, arm.gains.as_dict())
print('STATUS', arm.angle(), arm.nominal, arm.gains.as_dict())
STATUS 0.0 0 {'tol': 2.0, 'stall_time': 0.15, 'kfs': 0.42, 'vtol': 60.0, 'max_err': 15.0, 'stall_vel': 20.0, 'vmax': 60.0, 'tau': 0.05, 'umax': 0.75, 'ki': 0.0, 'timeout': 0.5, 'amax': 200.0, 'kd': 0.0008, 'settle': 0.02, 'v_full': 1000.0, 'kp': 0.03}
>>> 
HOST r = arm.move_to(-90, "medium_installed_repeat")
r = arm.move_to(-90, "medium_installed_repeat")
RESULT {"loops": 1007, "overshoot": 0.0, "t_reach": 1.666, "type": "move", "t_settle": 1.7227, "target": -90, "state": "done", "q": null, "tag": "medium_installed_repeat", "err": 0.0, "err_rest": 0.0, "ok": true, "max_dt_us": 10510, "t_profile": 1.8, "start": 0.0, "max_track_err": 3.39}
>>> 
HOST arm.nominal = -90
arm.nominal = -90
>>> 
HOST r = arm.move_to(0, "medium_installed_repeat")
r = arm.move_to(0, "medium_installed_repeat")
RESULT {"loops": 1008, "overshoot": 0.0, "t_reach": 1.6539, "type": "move", "t_settle": 1.6831, "target": 0, "state": "done", "q": null, "tag": "medium_installed_repeat", "err": 1.0, "err_rest": 1.0, "ok": true, "max_dt_us": 10490, "t_profile": 1.8, "start": -90.0, "max_track_err": 2.58}
>>> 
HOST arm.nominal = 0
arm.nominal = 0
>>> 
HOST r = arm.move_to(90, "medium_installed_repeat")
r = arm.move_to(90, "medium_installed_repeat")
RESULT {"loops": 870, "overshoot": 0.0, "t_reach": null, "type": "move", "t_settle": null, "target": 90, "state": "stall", "q": null, "tag": "medium_installed_repeat", "err": 18.0, "err_rest": 18.0, "ok": false, "max_dt_us": 10478, "t_profile": 1.8167, "start": -1.0, "max_track_err": 14.16}
!! 动作失败: stall (马达已断电)。检查接线/方向 (check), 或放宽参数。
>>> 
>>> arm.motor.coast(); arm.servo.off()
>>> 
HOST print('ANGLE', arm.angle()); arm_test.cmd_show(arm, [])
print('ANGLE', arm.angle()); arm_test.cmd_show(arm, [])
ANGLE 71.0
  tol        2.0
  stall_time 0.15
  kfs        0.42
  vtol       60.0
  max_err    15.0
  stall_vel  20.0
  vmax       60.0
  tau        0.05
  umax       0.75
  ki         0.0
  timeout    0.5
  amax       200.0
  kd         0.0008
  settle     0.02
  v_full     1000.0
  kp         0.03
  hold       50
  1 计数 = 0.5000 度 (机械手)
>>> 
HOST arm.gains.set('umax', 0.85)
arm.gains.set('umax', 0.85)
>>> 
HOST r = arm.move_to(90, "medium_installed_umax085")
r = arm.move_to(90, "medium_installed_umax085")
RESULT {"loops": 355, "overshoot": 0.0, "t_reach": 0.4493, "type": "move", "t_settle": 0.5882, "target": 90, "state": "done", "q": null, "tag": "medium_installed_umax085", "err": 1.0, "err_rest": 2.0, "ok": true, "max_dt_us": 10491, "t_profile": 0.6167, "start": 71.0, "max_track_err": 2.02}
>>> 
HOST arm.nominal = 90
arm.nominal = 90
>>> 
HOST r = arm.move_to(0, "medium_installed_umax085")
r = arm.move_to(0, "medium_installed_umax085")
RESULT {"loops": 980, "overshoot": 0.0, "t_reach": 1.6, "type": "move", "t_settle": 1.6372, "target": 0, "state": "done", "q": null, "tag": "medium_installed_umax085", "err": -1.0, "err_rest": -1.0, "ok": true, "max_dt_us": 10502, "t_profile": 1.7667, "start": 88.0, "max_track_err": 2.57}
>>> 
HOST arm.nominal = 0
arm.nominal = 0
>>> 
HOST r = arm.move_to(-90, "medium_installed_umax085")
r = arm.move_to(-90, "medium_installed_umax085")
RESULT {"loops": 1012, "overshoot": 0.0, "t_reach": 1.6413, "type": "move", "t_settle": 1.7939, "target": -90, "state": "done", "q": null, "tag": "medium_installed_umax085", "err": -2.0, "err_rest": -1.5, "ok": true, "max_dt_us": 10482, "t_profile": 1.8167, "start": 1.0, "max_track_err": 2.47}
>>> 
HOST arm.nominal = -90
arm.nominal = -90
>>> 
HOST r = arm.move_to(0, "medium_installed_umax085")
r = arm.move_to(0, "medium_installed_umax085")
RESULT {"loops": 999, "overshoot": 0.0, "t_reach": 1.6271, "type": "move", "t_settle": 1.6531, "target": 0, "state": "done", "q": null, "tag": "medium_installed_umax085", "err": 0.0, "err_rest": 0.0, "ok": true, "max_dt_us": 10541, "t_profile": 1.775, "start": -88.5, "max_track_err": 2.47}
>>> 
HOST arm.nominal = 0
arm.nominal = 0
>>> 
HOST r = arm.move_to(90, "medium_installed_umax085")
r = arm.move_to(90, "medium_installed_umax085")
RESULT {"loops": 1007, "overshoot": 0.0, "t_reach": 1.6402, "type": "move", "t_settle": 1.7219, "target": 90, "state": "done", "q": null, "tag": "medium_installed_umax085", "err": 0.0, "err_rest": 0.0, "ok": true, "max_dt_us": 10470, "t_profile": 1.8, "start": 0.0, "max_track_err": 2.95}
>>> 
HOST arm.nominal = 90
arm.nominal = 90
>>> 
HOST r = arm.move_to(0, "medium_installed_umax085")
r = arm.move_to(0, "medium_installed_umax085")
RESULT {"loops": 1004, "overshoot": 0.0, "t_reach": 1.634, "type": "move", "t_settle": 1.7862, "target": 0, "state": "done", "q": null, "tag": "medium_installed_umax085", "err": -1.5, "err_rest": -2.0, "ok": true, "max_dt_us": 10551, "t_profile": 1.8, "start": 90.0, "max_track_err": 2.31}
>>> 
HOST arm.nominal = 0
arm.nominal = 0
>>> 
HOST r = arm.move_to(-90, "medium_installed_umax085")
r = arm.move_to(-90, "medium_installed_umax085")
RESULT {"loops": 1094, "overshoot": 0.0, "t_reach": 1.6589, "type": "move", "t_settle": 1.9221, "target": -90, "state": "done", "q": null, "tag": "medium_installed_umax085", "err": -1.0, "err_rest": -2.0, "ok": true, "max_dt_us": 10522, "t_profile": 1.8333, "start": 2.0, "max_track_err": 2.43}
>>> 
HOST arm.nominal = -90
arm.nominal = -90
>>> 
HOST r = arm.move_to(0, "medium_installed_umax085")
r = arm.move_to(0, "medium_installed_umax085")
RESULT {"loops": 1202, "overshoot": 0.0, "t_reach": 1.6038, "type": "move", "t_settle": 2.0815, "target": 0, "state": "done", "q": null, "tag": "medium_installed_umax085", "err": 1.0, "err_rest": 2.0, "ok": true, "max_dt_us": 10493, "t_profile": 1.7667, "start": -88.0, "max_track_err": 2.95}
>>> 
HOST arm.nominal = 0
arm.nominal = 0
>>> 
HOST r = arm.move_to(90, "medium_installed_umax085")
r = arm.move_to(90, "medium_installed_umax085")
RESULT {"loops": 1040, "overshoot": 0.0, "t_reach": 1.683, "type": "move", "t_settle": 1.8324, "target": 90, "state": "done", "q": null, "tag": "medium_installed_umax085", "err": 1.0, "err_rest": 2.0, "ok": true, "max_dt_us": 10523, "t_profile": 1.8333, "start": -2.0, "max_track_err": 2.74}
>>> 
HOST arm.nominal = 90
arm.nominal = 90
>>> 
HOST r = arm.move_to(0, "medium_installed_umax085")
r = arm.move_to(0, "medium_installed_umax085")
RESULT {"loops": 1006, "overshoot": 0.0, "t_reach": 1.5995, "type": "move", "t_settle": 1.789, "target": 0, "state": "done", "q": null, "tag": "medium_installed_umax085", "err": -2.0, "err_rest": -2.0, "ok": true, "max_dt_us": 10495, "t_profile": 1.7667, "start": 88.0, "max_track_err": 2.5}
>>> 
HOST arm.nominal = 0
arm.nominal = 0
>>> 
HOST arm.motor.coast(); arm.servo.off()
arm.motor.coast(); arm.servo.off()
>>> 
HOST print('ANGLE', arm.angle()); arm_test.cmd_show(arm, [])
print('ANGLE', arm.angle()); arm_test.cmd_show(arm, [])
ANGLE 2.0
  tol        2.0
  stall_time 0.15
  kfs        0.42
  vtol       60.0
  max_err    15.0
  stall_vel  20.0
  vmax       60.0
  tau        0.05
  umax       0.85
  ki         0.0
  timeout    0.5
  amax       200.0
  kd         0.0008
  settle     0.02
  v_full     1000.0
  kp         0.03
  hold       50
  1 计数 = 0.5000 度 (机械手)
>>> 
HOST r = arm.move_to(30, "tuning085_baseline")
r = arm.move_to(30, "tuning085_baseline")
RESULT {"loops": 432, "overshoot": 1.0, "t_reach": 0.5814, "type": "move", "t_settle": 0.6315, "target": 30, "state": "done", "q": null, "tag": "tuning085_baseline", "err": -1.0, "err_rest": -2.0, "ok": true, "max_dt_us": 10530, "t_profile": 0.7667, "start": 2.0, "max_track_err": 3.2}
>>> 
HOST arm_test.cmd_trace(arm, [])
arm_test.cmd_trace(arm, [])
TRACE t_us,ref_deg,pos_deg,duty
TRACE 909,2.00,2.00,0.430
TRACE 2841,2.00,2.00,0.431
TRACE 4696,2.00,2.00,0.432
TRACE 6496,2.00,2.00,0.432
TRACE 8284,2.01,2.00,0.433
TRACE 10080,2.01,2.00,0.434
TRACE 11865,2.01,2.00,0.435
TRACE 13652,2.02,2.00,0.435
TRACE 15460,2.02,2.00,0.436
TRACE 17229,2.03,2.00,0.437
TRACE 19008,2.04,2.00,0.438
TRACE 20785,2.04,2.00,0.439
TRACE 22560,2.05,2.00,0.440
TRACE 24348,2.06,2.50,-0.446
TRACE 26161,2.07,3.00,-0.492
TRACE 27962,2.08,3.00,-0.492
TRACE 29754,2.09,3.00,-0.491
TRACE 31526,2.10,3.00,-0.490
TRACE 33335,2.11,3.00,-0.488
TRACE 35125,2.12,2.00,0.446
TRACE 36894,2.14,2.00,0.479
TRACE 38655,2.15,2.00,0.512
TRACE 40428,2.16,2.00,0.514
TRACE 42204,2.18,2.00,0.515
TRACE 44024,2.19,2.00,0.516
TRACE 45809,2.21,2.00,0.517
TRACE 47631,2.23,2.00,0.454
TRACE 49410,2.24,2.00,0.455
TRACE 51179,2.26,3.00,-0.478
TRACE 52991,2.28,3.00,-0.476
TRACE 54758,2.30,3.00,-0.475
TRACE 56587,2.32,3.00,-0.474
TRACE 58371,2.34,3.00,-0.472
TRACE 60147,2.36,3.00,-0.471
TRACE 61949,2.38,3.00,-0.470
TRACE 63738,2.41,3.00,0.435
TRACE 65503,2.43,3.00,0.436
TRACE 67265,2.45,3.00,0.438
TRACE 69043,2.48,3.00,0.439
TRACE 70816,2.50,3.00,0.441
TRACE 72589,2.53,3.00,0.442
TRACE 74356,2.55,3.00,0.443
TRACE 76125,2.58,4.00,-0.490
TRACE 77914,2.61,4.00,-0.488
TRACE 79699,2.64,4.00,-0.487
TRACE 81476,2.66,4.00,-0.485
TRACE 83251,2.69,4.00,-0.484
TRACE 85056,2.72,3.00,0.452
TRACE 86833,2.75,3.00,0.454
TRACE 88580,2.78,3.00,0.520
TRACE 90355,2.82,3.00,0.521
TRACE 92128,2.85,3.00,0.523
TRACE 93913,2.88,3.00,0.525
TRACE 95683,2.92,3.00,0.526
TRACE 97436,2.95,3.00,0.464
TRACE 99220,2.98,4.00,-0.469
TRACE 101015,3.02,4.00,-0.467
TRACE 102793,3.06,4.00,-0.466
TRACE 104586,3.09,4.00,-0.464
TRACE 106353,3.13,4.00,-0.462
TRACE 108138,3.17,4.00,-0.460
TRACE 109930,3.21,4.00,-0.458
TRACE 111703,3.25,3.50,0.495
TRACE 113484,3.29,3.00,0.544
TRACE 115243,3.33,3.00,0.546
TRACE 117003,3.37,3.00,0.548
TRACE 118773,3.41,3.00,0.549
TRACE 120534,3.45,3.00,0.552
TRACE 122308,3.50,3.00,0.554
TRACE 124070,3.54,3.00,0.523
TRACE 125827,3.58,4.00,-0.442
TRACE 127602,3.63,4.00,-0.440
TRACE 129379,3.67,4.00,-0.438
TRACE 131160,3.72,4.00,-0.436
TRACE 132949,3.77,4.00,-0.434
TRACE 134721,3.81,4.00,-0.431
TRACE 136518,3.86,4.00,-0.429
TRACE 138309,3.91,4.00,0.477
TRACE 140082,3.96,3.50,0.526
TRACE 141860,4.01,3.00,0.576
TRACE 143631,4.06,3.00,0.578
TRACE 145400,4.11,3.00,0.580
TRACE 147153,4.17,3.00,0.582
TRACE 148933,4.22,3.00,0.585
TRACE 150689,4.27,3.00,0.587
TRACE 152446,4.32,3.50,0.510
TRACE 154199,4.38,4.00,0.432
TRACE 155976,4.43,4.00,0.434
TRACE 157752,4.49,4.00,0.437
TRACE 159519,4.54,4.00,0.439
TRACE 161284,4.60,5.00,-0.493
TRACE 163072,4.66,5.00,-0.491
TRACE 164856,4.72,5.00,-0.456
TRACE 166654,4.78,5.00,-0.421
TRACE 168442,4.84,5.00,0.422
TRACE 170225,4.90,5.00,0.424
TRACE 172002,4.96,5.00,0.427
TRACE 173774,5.02,5.00,0.493
TRACE 175546,5.08,5.00,0.496
TRACE 177295,5.14,5.00,0.498
TRACE 179079,5.21,5.00,0.501
TRACE 180851,5.27,5.00,0.503
TRACE 182633,5.34,5.00,0.506
TRACE 184405,5.40,5.00,0.508
TRACE 186171,5.47,5.00,0.511
TRACE 187941,5.53,5.50,0.466
TRACE 189717,5.60,6.00,0.422
TRACE 191487,5.67,6.00,0.424
TRACE 193261,5.73,6.00,0.427
TRACE 195036,5.80,6.00,0.430
TRACE 196809,5.87,6.00,0.433
TRACE 198580,5.94,7.00,-0.499
TRACE 200366,6.01,7.00,-0.464
TRACE 210776,6.44,7.00,0.451
TRACE 212549,6.52,6.50,0.488
TRACE 214328,6.59,6.00,0.525
TRACE 216102,6.67,6.00,0.528
TRACE 217874,6.75,6.00,0.531
TRACE 219653,6.82,6.00,0.572
TRACE 221444,6.90,6.50,0.541
TRACE 223220,6.98,7.00,0.510
TRACE 224985,7.06,7.00,0.481
TRACE 226730,7.14,7.00,0.451
TRACE 228512,7.22,7.00,0.454
TRACE 230303,7.30,8.00,-0.477
TRACE 232084,7.39,8.00,-0.474
TRACE 233908,7.47,8.00,-0.438
TRACE 235705,7.56,9.00,-0.497
TRACE 237490,7.64,9.00,-0.493
TRACE 239273,7.73,9.00,-0.490
TRACE 241070,7.81,9.00,-0.486
TRACE 242860,7.90,8.50,0.468
TRACE 244624,7.98,8.00,0.518
TRACE 246387,8.07,8.00,0.521
TRACE 248209,8.16,8.00,0.588
TRACE 249973,8.25,8.00,0.592
TRACE 251754,8.34,8.00,0.595
TRACE 253546,8.43,8.00,0.598
TRACE 255325,8.52,9.00,0.475
TRACE 257148,8.61,9.00,0.447
TRACE 258900,8.70,9.00,0.450
TRACE 260695,8.80,9.00,0.454
TRACE 262475,8.89,10.00,-0.477
TRACE 264266,8.98,10.00,-0.473
TRACE 266050,9.08,10.00,-0.470
TRACE 267841,9.17,11.00,-0.496
TRACE 269632,9.27,11.00,-0.493
TRACE 271424,9.37,11.00,-0.489
TRACE 273211,9.46,10.50,-0.439
TRACE 274994,9.56,10.00,0.516
TRACE 276768,9.66,10.00,0.519
TRACE 278538,9.76,10.00,0.523
TRACE 280274,9.86,10.00,0.591
TRACE 282044,9.95,10.00,0.595
TRACE 283813,10.05,10.00,0.598
TRACE 285591,10.16,10.00,0.570
TRACE 287362,10.26,10.00,0.541
TRACE 289134,10.36,10.00,0.545
TRACE 290911,10.46,11.00,0.454
TRACE 292666,10.57,11.00,0.458
TRACE 294452,10.67,11.00,0.462
TRACE 296212,10.77,11.00,0.465
TRACE 297987,10.88,12.00,-0.465
TRACE 299783,10.99,12.00,-0.461
TRACE 301571,11.09,12.50,-0.515
TRACE 303404,11.20,13.00,-0.494
TRACE 305236,11.31,13.00,-0.490
TRACE 307077,11.42,13.00,-0.486
TRACE 308882,11.53,13.00,-0.482
TRACE 310701,11.64,13.00,0.424
TRACE 312505,11.75,13.00,0.428
TRACE 314321,11.86,13.00,0.462
TRACE 316119,11.97,13.00,0.497
TRACE 317919,12.08,13.00,0.500
TRACE 319719,12.18,13.00,0.503
TRACE 321537,12.29,13.00,0.507
TRACE 323341,12.40,13.00,0.510
TRACE 325135,12.51,14.00,-0.420
TRACE 326963,12.62,14.00,0.423
TRACE 328789,12.73,14.00,0.427
TRACE 330575,12.83,14.00,0.430
TRACE 332383,12.94,15.00,-0.500
TRACE 334228,13.05,15.00,-0.496
TRACE 336065,13.16,15.00,-0.493
TRACE 337883,13.27,15.00,-0.427
TRACE 339715,13.38,15.00,-0.423
TRACE 341528,13.49,15.00,-0.420
TRACE 343343,13.60,15.00,0.423
TRACE 345141,13.71,15.00,0.489
TRACE 346942,13.82,15.00,0.492
TRACE 348748,13.92,15.00,0.496
TRACE 350566,14.03,15.00,0.499
TRACE 352375,14.14,15.00,0.502
TRACE 354169,14.25,15.00,0.506
TRACE 355968,14.36,15.00,0.509
TRACE 357767,14.47,15.00,0.512
TRACE 359572,14.57,15.50,0.469
TRACE 361380,14.68,16.00,0.425
TRACE 363198,14.79,16.00,0.428
TRACE 365012,14.90,16.50,-0.455
TRACE 366835,15.01,17.00,-0.498
TRACE 368656,15.12,17.00,-0.495
TRACE 370460,15.23,17.00,-0.491
TRACE 372294,15.34,17.00,-0.456
TRACE 374127,15.45,17.00,-0.421
TRACE 375943,15.56,17.00,0.422
TRACE 377731,15.66,17.00,0.456
TRACE 379535,15.77,17.00,0.491
TRACE 381350,15.88,17.00,0.494
TRACE 383161,15.99,16.50,0.544
TRACE 384959,16.10,17.00,0.501
TRACE 386783,16.21,17.00,0.504
TRACE 388593,16.32,17.00,0.507
TRACE 390396,16.42,17.00,0.511
TRACE 392219,16.53,17.00,0.514
TRACE 394036,16.64,17.00,0.517
TRACE 395843,16.75,17.00,0.489
TRACE 397642,16.86,17.50,0.477
TRACE 399463,16.97,18.00,0.434
TRACE 401257,17.08,18.00,0.437
TRACE 403054,17.18,19.00,-0.493
TRACE 404856,17.29,19.00,-0.490
TRACE 415300,17.92,19.00,0.420
TRACE 417154,18.03,19.00,0.424
TRACE 418958,18.14,19.00,0.446
TRACE 420771,18.25,19.00,0.468
TRACE 422583,18.35,19.00,0.471
TRACE 424420,18.47,19.00,0.512
TRACE 426237,18.57,19.00,0.515
TRACE 428091,18.69,20.00,0.426
TRACE 429905,18.79,20.00,0.429
TRACE 431713,18.90,20.00,0.432
TRACE 433547,19.01,21.00,-0.497
TRACE 435376,19.12,21.00,-0.493
TRACE 437200,19.23,21.00,-0.490
TRACE 439044,19.34,21.00,-0.487
TRACE 440892,19.45,21.50,-0.467
TRACE 442716,19.56,22.00,-0.510
TRACE 444549,19.67,22.00,-0.506
TRACE 446396,19.78,21.50,0.445
TRACE 448219,19.89,21.00,0.495
TRACE 450013,20.00,21.00,0.498
TRACE 451850,20.11,21.00,0.501
TRACE 453672,20.22,21.50,0.490
TRACE 455487,20.33,22.00,0.478
TRACE 457366,20.44,22.00,0.481
TRACE 459172,20.55,22.00,0.453
TRACE 461018,20.66,22.00,0.425
TRACE 462833,20.77,22.50,-0.458
TRACE 464648,20.88,23.00,-0.501
TRACE 466487,20.99,23.00,-0.466
TRACE 468316,21.10,23.00,-0.442
TRACE 470230,21.21,23.00,-0.439
TRACE 472136,21.33,23.00,-0.436
TRACE 474035,21.44,23.00,-0.433
TRACE 475918,21.55,23.00,0.440
TRACE 477808,21.66,23.00,0.474
TRACE 479666,21.76,23.00,0.476
TRACE 481529,21.87,23.00,0.479
TRACE 483412,21.98,23.00,0.481
TRACE 485293,22.08,23.00,0.484
TRACE 487170,22.19,24.00,-0.445
TRACE 489048,22.29,24.00,-0.442
TRACE 490943,22.40,24.00,-0.440
TRACE 492828,22.50,24.00,-0.437
TRACE 494723,22.60,24.00,-0.435
TRACE 496619,22.71,24.00,-0.432
TRACE 498516,22.81,23.00,0.501
TRACE 500373,22.91,23.00,0.564
TRACE 502244,23.01,23.00,0.566
TRACE 504103,23.11,23.00,0.568
TRACE 505969,23.20,23.00,0.571
TRACE 507847,23.30,23.00,0.573
TRACE 509722,23.40,23.00,0.575
TRACE 511604,23.49,24.00,0.426
TRACE 513469,23.59,24.00,0.428
TRACE 515356,23.68,24.00,0.430
TRACE 517247,23.78,25.00,-0.499
TRACE 519131,23.87,25.00,-0.496
TRACE 521030,23.97,25.00,-0.494
TRACE 522936,24.06,25.00,-0.492
TRACE 524834,24.15,25.00,-0.429
TRACE 526744,24.24,25.00,-0.427
TRACE 528634,24.33,25.00,-0.425
TRACE 530531,24.42,25.00,0.478
TRACE 532405,24.51,25.00,0.480
TRACE 534296,24.60,25.00,0.482
TRACE 536164,24.69,25.00,0.484
TRACE 538055,24.77,25.00,0.486
TRACE 539949,24.86,25.00,0.487
TRACE 541828,24.94,25.00,0.489
TRACE 543707,25.03,25.00,0.491
TRACE 545576,25.11,25.00,0.493
TRACE 547449,25.19,26.00,-0.436
TRACE 549354,25.28,26.00,-0.434
TRACE 551260,25.36,26.00,-0.432
TRACE 553143,25.44,27.00,-0.521
TRACE 555030,25.52,27.00,-0.519
TRACE 556909,25.60,27.00,-0.518
TRACE 558805,25.68,27.00,-0.516
TRACE 560712,25.76,27.00,-0.453
TRACE 562611,25.84,26.50,0.433
TRACE 564499,25.91,26.00,0.480
TRACE 566370,25.99,26.00,0.542
TRACE 568241,26.06,26.00,0.544
TRACE 570101,26.14,26.00,0.545
TRACE 572011,26.21,27.00,0.456
TRACE 573877,26.28,27.00,0.458
TRACE 575740,26.35,27.00,0.429
TRACE 577631,26.43,27.00,-0.440
TRACE 579521,26.50,27.50,-0.484
TRACE 581397,26.57,28.00,-0.528
TRACE 583318,26.64,28.00,-0.526
TRACE 585220,26.71,28.00,-0.464
TRACE 587150,26.78,28.00,-0.462
TRACE 589060,26.85,28.00,-0.461
TRACE 590983,26.91,28.00,-0.459
TRACE 592892,26.98,27.50,0.457
TRACE 594774,27.05,27.00,0.533
TRACE 596660,27.11,27.00,0.534
TRACE 598541,27.17,27.00,0.536
TRACE 600456,27.24,27.00,0.537
TRACE 602336,27.30,27.50,0.493
TRACE 612866,27.63,29.00,-0.032
TRACE 614752,27.69,30.00,-0.116
TRACE 616632,27.75,30.00,-0.133
TRACE 618484,27.80,31.00,-0.199
TRACE 620366,27.86,31.00,-0.198
TRACE 622225,27.91,31.00,-0.198
TRACE 624107,27.97,31.00,-0.178
TRACE 625980,28.02,31.00,-0.171
TRACE 627836,28.07,31.00,-0.109
TRACE 629690,28.12,31.00,-0.108
TRACE 631541,28.17,31.00,-0.046
TRACE 633483,28.23,31.00,-0.045
TRACE 635368,28.28,31.00,-0.044
TRACE 637234,28.32,31.00,-0.044
TRACE 639096,28.37,31.00,-0.043
TRACE 640955,28.42,31.00,-0.042
TRACE 642879,28.47,31.00,-0.041
TRACE 644747,28.51,31.00,-0.041
TRACE 646662,28.56,31.00,-0.040
TRACE 648538,28.60,31.00,-0.039
TRACE 650452,28.65,31.00,-0.039
TRACE 652328,28.69,31.00,-0.038
TRACE 654232,28.74,31.00,-0.037
TRACE 656130,28.78,31.00,-0.037
TRACE 658026,28.82,31.00,-0.036
TRACE 659921,28.86,31.00,-0.036
TRACE 661842,28.90,31.00,-0.035
TRACE 663735,28.94,31.00,-0.035
TRACE 665625,28.98,31.00,-0.034
TRACE 667510,29.02,31.00,-0.034
TRACE 669400,29.05,31.00,-0.033
TRACE 671308,29.09,31.00,-0.033
TRACE 673191,29.13,31.00,-0.033
TRACE 675095,29.16,31.00,-0.032
TRACE 676966,29.20,31.00,-0.032
TRACE 678869,29.23,31.00,-0.032
TRACE 680747,29.26,31.00,-0.031
TRACE 682634,29.29,31.00,-0.031
TRACE 684501,29.32,31.00,-0.031
TRACE 686404,29.36,31.00,-0.030
TRACE 688269,29.39,31.00,-0.030
TRACE 690152,29.41,31.00,-0.030
TRACE 692026,29.44,31.00,-0.030
TRACE 693914,29.47,31.00,-0.030
TRACE 695774,29.50,31.00,-0.030
TRACE 697669,29.52,31.00,-0.029
TRACE 699546,29.55,31.00,-0.029
TRACE 701447,29.57,31.00,-0.029
TRACE 703338,29.60,31.00,-0.029
TRACE 705233,29.62,31.00,-0.029
TRACE 707106,29.65,31.00,-0.029
TRACE 708985,29.67,31.00,-0.029
TRACE 710859,29.69,31.00,-0.029
TRACE 712752,29.71,31.00,-0.029
TRACE 714622,29.73,31.00,-0.029
TRACE 716520,29.75,31.00,-0.029
TRACE 718401,29.77,31.00,-0.030
TRACE 720315,29.79,31.00,-0.030
TRACE 722186,29.80,31.00,-0.030
TRACE 724089,29.82,31.00,-0.030
TRACE 725976,29.83,31.00,-0.030
TRACE 727864,29.85,31.00,-0.031
TRACE 729743,29.86,31.00,-0.031
TRACE 731659,29.88,31.00,-0.031
TRACE 733555,29.89,31.00,-0.031
TRACE 735459,29.90,31.00,-0.032
TRACE 737341,29.91,31.00,-0.032
TRACE 739227,29.92,31.00,-0.032
TRACE 741124,29.93,31.00,-0.033
TRACE 743023,29.94,31.00,-0.033
TRACE 744898,29.95,31.00,-0.034
TRACE 746784,29.96,31.00,-0.034
TRACE 748681,29.97,31.00,-0.034
TRACE 750571,29.97,31.00,-0.035
TRACE 752433,29.98,31.00,-0.035
TRACE 754351,29.98,31.00,-0.036
TRACE 756232,29.99,31.00,-0.037
TRACE 758114,29.99,31.00,-0.037
TRACE 759985,30.00,31.00,-0.038
TRACE 761885,30.00,31.00,-0.038
TRACE 763753,30.00,31.00,-0.039
TRACE 765661,30.00,31.00,-0.040
TRACE 767549,30.00,31.00,-0.030
TRACE 769218,30.00,31.00,-0.030
TRACE 770841,30.00,31.00,-0.030
TRACE 772475,30.00,31.00,-0.030
TRACE 774094,30.00,31.00,-0.030
TRACE 775725,30.00,31.00,-0.030
TRACE 777381,30.00,31.00,-0.030
TRACE 779004,30.00,31.00,-0.030
TRACE 780647,30.00,31.00,-0.030
TRACE 782289,30.00,31.00,-0.030
TRACE 783922,30.00,31.00,-0.030
TRACE 785558,30.00,31.00,-0.030
TRACE 787185,30.00,31.00,-0.030
TRACE 788796,30.00,31.00,-0.030
TRACE 790446,30.00,31.00,-0.030
TRACE 792089,30.00,31.00,-0.030
TRACE 793731,30.00,31.00,-0.030
TRACE 795352,30.00,31.00,-0.030
TRACE 796976,30.00,31.00,-0.030
TRACE 798608,30.00,31.00,-0.030
TRACE 808901,30.00,31.00,-0.030
TRACE 810558,30.00,31.00,-0.030
TRACE 812209,30.00,31.00,-0.030
TRACE 813847,30.00,31.00,-0.030
TRACE 815503,30.00,31.00,-0.030
TRACE 817143,30.00,31.00,-0.030
TRACE 818780,30.00,31.00,-0.030
>>> 
HOST arm.nominal = 30
arm.nominal = 30
>>> 
HOST r = arm.move_to(0, "tuning085_baseline")
r = arm.move_to(0, "tuning085_baseline")
RESULT {"loops": 469, "overshoot": 0.0, "t_reach": 0.6527, "type": "move", "t_settle": 0.8121, "target": 0, "state": "done", "q": null, "tag": "tuning085_baseline", "err": 0.0, "err_rest": 0.0, "ok": true, "max_dt_us": 10571, "t_profile": 0.8333, "start": 32.0, "max_track_err": 2.21}
>>> 
HOST arm_test.cmd_trace(arm, [])
arm_test.cmd_trace(arm, [])
TRACE t_us,ref_deg,pos_deg,duty
TRACE 928,32.00,32.00,-0.430
TRACE 2888,32.00,32.00,-0.431
TRACE 4748,32.00,31.50,0.528
TRACE 6544,32.00,31.50,0.494
TRACE 8360,31.99,31.50,0.476
TRACE 10147,31.99,31.50,0.464
TRACE 11921,31.99,32.00,-0.435
TRACE 13744,31.98,32.00,-0.436
TRACE 15548,31.98,32.00,-0.436
TRACE 17327,31.97,32.00,-0.469
TRACE 19115,31.96,32.00,-0.470
TRACE 20900,31.96,32.00,-0.471
TRACE 22687,31.95,31.50,-0.425
TRACE 24487,31.94,31.00,0.493
TRACE 26246,31.93,31.00,0.492
TRACE 28004,31.92,31.00,0.492
TRACE 29782,31.91,31.00,0.491
TRACE 31580,31.90,31.00,0.490
TRACE 33365,31.89,31.00,0.489
TRACE 35153,31.88,32.00,-0.478
TRACE 36940,31.86,32.00,-0.512
TRACE 38742,31.85,32.00,-0.512
TRACE 40545,31.84,32.00,-0.513
TRACE 42361,31.82,32.00,-0.514
TRACE 44145,31.81,32.00,-0.515
TRACE 45984,31.79,32.00,-0.516
TRACE 47758,31.77,31.50,0.433
TRACE 49580,31.75,31.00,0.478
TRACE 51346,31.74,31.00,0.477
TRACE 53129,31.72,31.00,0.476
TRACE 54953,31.70,31.00,0.475
TRACE 56746,31.68,31.00,0.473
TRACE 58513,31.66,31.00,0.473
TRACE 60283,31.64,31.50,-0.448
TRACE 62086,31.61,32.00,-0.528
TRACE 63890,31.59,32.00,-0.529
TRACE 65676,31.57,32.00,-0.530
TRACE 67473,31.54,32.00,-0.532
TRACE 69272,31.52,32.00,-0.533
TRACE 71064,31.49,32.00,-0.534
TRACE 72867,31.47,31.50,-0.457
TRACE 74659,31.44,31.00,0.460
TRACE 76417,31.42,31.00,0.459
TRACE 78174,31.39,31.00,0.458
TRACE 79962,31.36,31.00,0.456
TRACE 81728,31.33,31.00,0.455
TRACE 83499,31.30,31.00,0.453
TRACE 85306,31.27,31.00,-0.420
TRACE 87086,31.24,31.00,-0.454
TRACE 88877,31.21,31.00,-0.456
TRACE 90672,31.18,31.00,-0.457
TRACE 92439,31.15,31.00,-0.459
TRACE 94210,31.11,31.00,-0.461
TRACE 96001,31.08,31.00,-0.462
TRACE 97802,31.04,31.00,-0.464
TRACE 99595,31.01,31.00,-0.466
TRACE 101380,30.97,31.00,-0.467
TRACE 103179,30.94,31.00,-0.469
TRACE 104963,30.90,31.00,-0.471
TRACE 106776,30.86,31.00,-0.473
TRACE 108563,30.82,31.00,-0.474
TRACE 110355,30.78,31.00,-0.476
TRACE 112165,30.74,31.00,-0.478
TRACE 113955,30.70,31.00,-0.480
TRACE 115723,30.66,30.00,0.452
TRACE 117478,30.62,30.00,0.450
TRACE 119249,30.58,30.00,0.449
TRACE 121020,30.54,30.00,0.447
TRACE 122791,30.49,30.00,0.445
TRACE 124578,30.45,30.00,0.443
TRACE 126345,30.40,30.00,0.441
TRACE 128114,30.36,30.00,-0.465
TRACE 129896,30.31,30.00,-0.467
TRACE 131692,30.27,30.00,-0.469
TRACE 133466,30.22,30.00,-0.471
TRACE 135264,30.17,30.00,-0.474
TRACE 137040,30.12,30.00,-0.476
TRACE 138826,30.07,30.00,-0.478
TRACE 140611,30.02,30.00,-0.480
TRACE 142412,29.97,29.50,-0.435
TRACE 144205,29.92,29.00,0.450
TRACE 145991,29.87,29.00,0.447
TRACE 147735,29.82,29.00,0.445
TRACE 149500,29.76,29.00,0.443
TRACE 151283,29.71,29.00,0.441
TRACE 153065,29.66,29.00,0.439
TRACE 154844,29.60,29.00,-0.435
TRACE 156629,29.55,30.00,-0.564
TRACE 158408,29.49,30.00,-0.567
TRACE 160210,29.43,30.00,-0.569
TRACE 162014,29.38,30.00,-0.571
TRACE 163817,29.32,30.00,-0.573
TRACE 165600,29.26,30.00,-0.576
TRACE 167398,29.20,30.00,-0.578
TRACE 169183,29.14,30.00,-0.517
TRACE 170968,29.08,29.50,-0.472
TRACE 172761,29.02,29.00,-0.428
TRACE 174534,28.95,29.00,-0.430
TRACE 176330,28.89,29.00,-0.433
TRACE 178125,28.83,29.00,-0.435
TRACE 179920,28.76,28.50,0.449
TRACE 181690,28.70,28.00,0.493
TRACE 183451,28.63,28.00,0.459
TRACE 185224,28.57,28.00,0.425
TRACE 187023,28.50,28.00,0.422
TRACE 188805,28.44,28.00,-0.421
TRACE 190596,28.37,28.00,-0.423
TRACE 192384,28.30,28.00,-0.458
TRACE 194172,28.23,28.00,-0.493
TRACE 204581,27.81,28.00,-0.509
TRACE 206414,27.74,28.00,-0.512
TRACE 208215,27.66,28.00,-0.515
TRACE 210002,27.59,27.00,-0.450
TRACE 211777,27.52,27.00,-0.453
TRACE 213580,27.44,27.00,-0.456
TRACE 215383,27.36,27.00,-0.459
TRACE 217194,27.28,26.00,0.497
TRACE 218985,27.20,26.00,0.495
TRACE 220773,27.13,26.00,0.492
TRACE 222565,27.05,26.00,0.425
TRACE 224351,26.97,26.00,0.422
TRACE 226128,26.89,26.00,-0.421
TRACE 227944,26.80,26.00,-0.424
TRACE 229733,26.72,26.00,-0.491
TRACE 231525,26.64,26.00,-0.494
TRACE 233315,26.56,26.00,-0.497
TRACE 235087,26.47,26.00,-0.500
TRACE 236901,26.39,26.00,-0.504
TRACE 238681,26.30,26.00,-0.507
TRACE 240456,26.22,25.50,-0.463
TRACE 242257,26.13,25.00,0.421
TRACE 244034,26.04,25.00,-0.423
TRACE 245849,25.96,25.00,-0.426
TRACE 247636,25.87,25.00,-0.429
TRACE 249452,25.78,24.50,0.454
TRACE 251226,25.69,24.00,0.498
TRACE 253009,25.60,24.00,0.462
TRACE 254782,25.51,24.00,0.427
TRACE 256554,25.42,24.00,0.424
TRACE 258373,25.32,25.00,-0.513
TRACE 260164,25.23,25.00,-0.517
TRACE 261951,25.14,25.00,-0.552
TRACE 263733,25.04,25.00,-0.588
TRACE 265507,24.95,25.00,-0.591
TRACE 267299,24.86,25.00,-0.594
TRACE 269078,24.76,25.00,-0.598
TRACE 270863,24.66,25.00,-0.538
TRACE 272637,24.57,25.00,-0.541
TRACE 274417,24.47,24.00,-0.451
TRACE 276200,24.37,24.00,-0.454
TRACE 277982,24.27,24.00,-0.458
TRACE 279784,24.17,24.00,-0.461
TRACE 281572,24.07,23.50,0.422
TRACE 283330,23.97,23.00,0.466
TRACE 285124,23.87,23.00,0.462
TRACE 286886,23.77,23.00,-0.446
TRACE 288680,23.67,23.00,-0.450
TRACE 290469,23.56,23.00,-0.454
TRACE 292285,23.46,23.00,-0.458
TRACE 294051,23.35,23.00,-0.493
TRACE 295839,23.25,23.00,-0.529
TRACE 297612,23.14,23.00,-0.533
TRACE 299403,23.04,23.00,-0.537
TRACE 301197,22.93,23.00,-0.530
TRACE 303031,22.82,23.00,-0.533
TRACE 304862,22.71,22.50,-0.490
TRACE 306689,22.60,22.00,-0.447
TRACE 308505,22.49,22.00,-0.450
TRACE 310327,22.38,22.00,-0.454
TRACE 312153,22.27,21.00,0.476
TRACE 313945,22.16,21.00,0.472
TRACE 315766,22.05,21.00,0.469
TRACE 317583,21.95,21.00,0.435
TRACE 319415,21.84,21.00,-0.440
TRACE 321249,21.73,21.00,-0.443
TRACE 323064,21.62,21.00,-0.447
TRACE 324880,21.51,21.00,-0.513
TRACE 326705,21.40,21.00,-0.516
TRACE 328511,21.29,21.00,-0.519
TRACE 330337,21.18,21.00,-0.523
TRACE 332156,21.07,21.00,-0.526
TRACE 333975,20.96,21.00,-0.529
TRACE 335822,20.85,20.50,-0.486
TRACE 337636,20.74,20.00,-0.443
TRACE 339455,20.63,20.00,-0.446
TRACE 341303,20.52,19.00,0.483
TRACE 343130,20.41,19.00,0.479
TRACE 344935,20.30,19.00,0.476
TRACE 346759,20.19,19.00,0.473
TRACE 348560,20.09,19.00,0.439
TRACE 350374,19.98,19.00,-0.436
TRACE 352196,19.87,19.00,-0.439
TRACE 354018,19.76,19.00,-0.505
TRACE 355850,19.65,19.00,-0.509
TRACE 357666,19.54,19.00,-0.512
TRACE 359500,19.43,19.00,-0.515
TRACE 361318,19.32,19.00,-0.518
TRACE 363122,19.21,18.00,-0.429
TRACE 364959,19.10,18.00,-0.432
TRACE 366788,18.99,18.00,-0.436
TRACE 368625,18.88,17.00,0.494
TRACE 370450,18.77,17.00,0.490
TRACE 372283,18.66,17.00,0.487
TRACE 374100,18.55,17.00,0.484
TRACE 375912,18.45,17.00,-0.422
TRACE 377731,18.34,17.00,-0.425
TRACE 379559,18.23,17.00,-0.429
TRACE 381378,18.12,17.00,-0.494
TRACE 383210,18.01,16.50,-0.451
TRACE 385033,17.90,16.00,0.432
TRACE 386867,17.79,16.00,0.428
TRACE 388665,17.68,16.00,0.425
TRACE 390480,17.57,16.00,0.422
TRACE 392287,17.46,17.00,-0.514
TRACE 394116,17.35,17.00,-0.517
TRACE 395939,17.24,17.00,-0.552
TRACE 406438,16.61,16.00,-0.510
TRACE 408272,16.50,16.00,-0.513
TRACE 410108,16.39,16.00,-0.516
TRACE 411948,16.28,15.50,-0.486
TRACE 413772,16.17,15.00,0.422
TRACE 415594,16.06,15.00,-0.422
TRACE 417426,15.95,15.00,-0.425
TRACE 419268,15.84,14.00,0.492
TRACE 421089,15.73,14.00,0.489
TRACE 422894,15.63,14.00,0.486
TRACE 424703,15.52,14.00,0.452
TRACE 426512,15.41,14.00,-0.423
TRACE 428357,15.30,14.00,-0.426
TRACE 430215,15.19,14.00,-0.430
TRACE 432047,15.08,14.00,-0.496
TRACE 433856,14.97,14.00,-0.499
TRACE 435671,14.86,14.00,-0.502
TRACE 437500,14.75,13.50,-0.459
TRACE 439311,14.64,13.00,0.424
TRACE 441130,14.53,13.00,0.421
TRACE 442957,14.42,13.00,-0.423
TRACE 444783,14.31,13.00,-0.426
TRACE 446650,14.20,13.00,-0.429
TRACE 448492,14.09,13.00,-0.433
TRACE 450354,13.98,13.00,-0.468
TRACE 452194,13.87,13.00,-0.502
TRACE 454060,13.76,12.50,-0.459
TRACE 455898,13.65,12.00,0.423
TRACE 457715,13.54,12.00,-0.420
TRACE 459579,13.43,12.00,-0.423
TRACE 461393,13.32,12.00,-0.426
TRACE 463209,13.21,11.00,0.503
TRACE 465022,13.10,11.00,0.500
TRACE 466845,12.99,11.00,0.466
TRACE 468651,12.88,11.00,0.431
TRACE 470470,12.77,11.00,0.428
TRACE 472294,12.66,11.00,0.425
TRACE 474088,12.55,11.00,0.422
TRACE 475899,12.45,12.00,-0.578
TRACE 477717,12.34,12.00,-0.581
TRACE 479560,12.23,12.00,-0.584
TRACE 481376,12.12,12.00,-0.587
TRACE 483187,12.01,12.00,-0.591
TRACE 484995,11.90,12.00,-0.594
TRACE 486798,11.79,12.00,-0.597
TRACE 488620,11.68,11.00,-0.445
TRACE 490440,11.57,11.00,-0.448
TRACE 492247,11.47,11.00,-0.451
TRACE 494071,11.36,10.50,0.432
TRACE 495887,11.25,10.00,0.475
TRACE 497701,11.14,10.00,0.472
TRACE 499513,11.03,9.50,0.515
TRACE 501334,10.92,9.00,0.495
TRACE 503147,10.81,9.50,0.446
TRACE 504946,10.70,10.00,-0.444
TRACE 506757,10.59,10.00,-0.479
TRACE 508583,10.49,10.00,-0.513
TRACE 510415,10.38,10.00,-0.517
TRACE 512222,10.27,10.00,-0.551
TRACE 514051,10.16,10.00,-0.586
TRACE 515877,10.05,10.00,-0.558
TRACE 517671,9.94,10.00,-0.530
TRACE 519493,9.83,9.50,-0.487
TRACE 521324,9.72,9.00,-0.444
TRACE 523135,9.61,9.00,-0.447
TRACE 524976,9.50,9.00,-0.450
TRACE 526796,9.39,9.00,-0.453
TRACE 528611,9.28,9.00,-0.457
TRACE 530459,9.17,8.00,0.472
TRACE 532272,9.06,8.00,0.438
TRACE 534092,8.95,7.50,0.460
TRACE 535975,8.84,7.00,0.503
TRACE 537864,8.73,7.00,0.500
TRACE 539749,8.62,7.50,0.451
TRACE 541641,8.51,8.00,-0.438
TRACE 543522,8.40,8.00,-0.502
TRACE 545431,8.29,8.00,-0.505
TRACE 547312,8.18,8.00,-0.538
TRACE 549204,8.07,8.00,-0.571
TRACE 551115,7.96,8.00,-0.573
TRACE 553010,7.86,8.00,-0.545
TRACE 554906,7.75,8.00,-0.518
TRACE 556804,7.65,8.00,-0.520
TRACE 558715,7.54,8.00,-0.523
TRACE 560611,7.44,8.00,-0.525
TRACE 562497,7.34,7.50,-0.482
TRACE 564405,7.23,7.00,-0.440
TRACE 566319,7.13,7.00,-0.442
TRACE 568228,7.03,7.00,-0.445
TRACE 570107,6.93,6.00,0.483
TRACE 571976,6.83,6.00,0.481
TRACE 573838,6.73,6.00,0.480
TRACE 575708,6.64,6.00,0.447
TRACE 577598,6.54,6.00,-0.425
TRACE 579479,6.44,6.00,-0.427
TRACE 581369,6.35,6.00,-0.429
TRACE 583274,6.25,5.50,-0.447
TRACE 585159,6.16,5.00,0.436
TRACE 587046,6.07,5.00,0.434
TRACE 588908,5.97,5.00,0.432
TRACE 590791,5.88,5.00,0.430
TRACE 592661,5.79,5.00,0.428
TRACE 603209,5.30,5.00,-0.447
TRACE 605108,5.21,5.50,-0.501
TRACE 607014,5.12,6.00,-0.554
TRACE 608907,5.04,5.50,-0.523
TRACE 610832,4.95,5.00,-0.492
TRACE 612738,4.87,5.00,-0.493
TRACE 614646,4.78,5.00,-0.495
TRACE 616556,4.70,5.00,-0.497
TRACE 618467,4.62,4.00,0.461
TRACE 620344,4.54,4.00,0.489
TRACE 622215,4.46,4.00,0.458
TRACE 624129,4.38,3.50,0.471
TRACE 626015,4.30,3.00,0.515
TRACE 627882,4.22,3.00,0.514
TRACE 629754,4.14,3.00,0.512
TRACE 631660,4.07,3.00,0.450
TRACE 633520,3.99,3.50,-0.437
TRACE 635429,3.92,3.50,-0.438
TRACE 637353,3.84,4.00,-0.516
TRACE 639251,3.77,3.50,-0.502
TRACE 641196,3.69,3.00,-0.458
TRACE 643100,3.62,3.00,-0.460
TRACE 645048,3.55,3.00,-0.461
TRACE 646929,3.47,3.00,-0.433
TRACE 648889,3.40,3.00,-0.435
TRACE 650778,3.33,2.50,0.479
TRACE 652717,3.26,2.00,0.492
TRACE 654637,3.19,2.00,0.461
TRACE 656534,3.13,2.00,0.460
TRACE 658424,3.06,2.00,0.459
TRACE 660325,2.99,2.00,0.457
TRACE 662248,2.93,2.00,0.456
TRACE 664151,2.86,2.00,0.425
TRACE 666081,2.80,2.00,-0.446
TRACE 668016,2.73,2.00,-0.448
TRACE 669939,2.67,2.00,-0.449
TRACE 671850,2.61,2.00,-0.450
TRACE 673780,2.55,2.00,-0.451
TRACE 675706,2.48,1.50,0.433
TRACE 677641,2.42,1.00,0.056
TRACE 679481,2.37,1.00,0.055
TRACE 681330,2.31,1.00,0.055
TRACE 683175,2.25,1.00,0.054
TRACE 685036,2.20,1.00,0.053
TRACE 686890,2.14,1.00,0.053
TRACE 688740,2.09,1.00,0.021
TRACE 690616,2.04,1.00,-0.010
TRACE 692486,1.98,1.50,-0.477
TRACE 694418,1.93,2.00,-0.523
TRACE 696341,1.88,2.00,-0.524
TRACE 698256,1.82,2.00,-0.524
TRACE 700158,1.77,2.00,-0.525
TRACE 702077,1.72,1.00,-0.016
TRACE 703953,1.67,1.00,-0.016
TRACE 705830,1.63,1.00,0.013
TRACE 707701,1.58,1.00,0.042
TRACE 709540,1.53,1.00,0.042
TRACE 711390,1.49,1.00,0.042
TRACE 713244,1.44,1.00,0.041
TRACE 715089,1.40,1.00,-0.021
TRACE 716954,1.35,1.00,-0.021
TRACE 718818,1.31,1.00,-0.022
TRACE 720683,1.27,1.50,-0.488
TRACE 722620,1.23,2.00,-0.534
TRACE 724514,1.18,2.00,-0.535
TRACE 726436,1.14,2.00,-0.535
TRACE 728332,1.10,1.50,-0.490
TRACE 730272,1.06,1.00,-0.025
TRACE 732156,1.02,1.00,-0.026
TRACE 734025,0.99,1.00,0.004
TRACE 735901,0.95,1.00,0.034
TRACE 737785,0.91,1.00,0.033
TRACE 739640,0.88,1.00,0.033
TRACE 741495,0.84,1.00,0.003
TRACE 743388,0.81,1.00,-0.028
TRACE 745261,0.78,1.00,-0.028
TRACE 747134,0.74,1.00,-0.029
TRACE 749013,0.71,1.50,-0.495
TRACE 750940,0.68,2.00,-0.540
TRACE 752858,0.65,2.00,-0.540
TRACE 754792,0.62,2.00,-0.540
TRACE 756710,0.59,1.50,-0.495
TRACE 758647,0.56,1.00,-0.030
TRACE 760511,0.53,1.00,-0.030
TRACE 762376,0.50,1.00,-0.001
TRACE 764253,0.48,1.00,0.030
TRACE 766124,0.45,1.00,0.030
TRACE 767978,0.43,1.00,0.030
TRACE 769858,0.40,1.00,-0.000
TRACE 771737,0.38,1.00,-0.031
TRACE 773589,0.36,1.00,-0.031
TRACE 775458,0.33,1.00,-0.031
TRACE 777330,0.31,1.00,-0.031
TRACE 779205,0.29,1.50,-0.496
TRACE 781127,0.27,2.00,-0.541
TRACE 783056,0.25,2.00,-0.541
TRACE 793627,0.16,1.00,-0.030
TRACE 795534,0.14,1.00,-0.029
TRACE 797408,0.13,1.00,-0.029
TRACE 799281,0.12,0.00,0.038
TRACE 801125,0.10,0.00,0.056
TRACE 802934,0.09,0.00,0.075
TRACE 804787,0.08,0.00,0.076
TRACE 806620,0.07,0.00,0.064
TRACE 808439,0.06,0.00,0.065
TRACE 810281,0.05,0.00,0.065
TRACE 812102,0.05,0.00,0.004
TRACE 813951,0.04,0.00,0.004
TRACE 815795,0.03,0.00,0.005
TRACE 817618,0.02,0.00,0.005
TRACE 819455,0.02,0.00,0.006
TRACE 821286,0.01,0.00,0.006
TRACE 823130,0.01,0.00,0.007
TRACE 824967,0.01,0.00,0.007
TRACE 826794,0.00,0.00,0.008
TRACE 828647,0.00,0.00,0.008
TRACE 830476,0.00,0.00,0.009
TRACE 832335,0.00,0.00,0.010
TRACE 834193,0.00,0.00,0.000
TRACE 835838,0.00,0.00,0.000
TRACE 837487,0.00,0.00,0.000
TRACE 839077,0.00,0.00,0.000
TRACE 840654,0.00,0.00,0.000
TRACE 842247,0.00,0.00,0.000
TRACE 843834,0.00,0.00,0.000
TRACE 845431,0.00,0.00,0.000
TRACE 847006,0.00,0.00,0.000
TRACE 848586,0.00,0.00,0.000
TRACE 850186,0.00,0.00,0.000
TRACE 851769,0.00,0.00,0.000
TRACE 853371,0.00,0.00,0.000
TRACE 854956,0.00,0.00,0.000
TRACE 856544,0.00,0.00,0.000
TRACE 858134,0.00,0.00,0.000
TRACE 859714,0.00,0.00,0.000
TRACE 861316,0.00,0.00,0.000
TRACE 862916,0.00,0.00,0.000
TRACE 864508,0.00,0.00,0.000
TRACE 866108,0.00,0.00,0.000
TRACE 867683,0.00,0.00,0.000
TRACE 869259,0.00,0.00,0.000
TRACE 870861,0.00,0.00,0.000
TRACE 872452,0.00,0.00,0.000
TRACE 874050,0.00,0.00,0.000
TRACE 875660,0.00,0.00,0.000
TRACE 877248,0.00,0.00,0.000
TRACE 878851,0.00,0.00,0.000
TRACE 880435,0.00,0.00,0.000
TRACE 882028,0.00,0.00,0.000
TRACE 883628,0.00,0.00,0.000
TRACE 885216,0.00,0.00,0.000
>>> 
HOST arm.nominal = 0
arm.nominal = 0
>>> 
HOST r = arm.move_to(-30, "tuning085_baseline")
r = arm.move_to(-30, "tuning085_baseline")
RESULT {"loops": 450, "overshoot": 0.0, "t_reach": 0.6626, "type": "move", "t_settle": 0.6969, "target": -30, "state": "done", "q": null, "tag": "tuning085_baseline", "err": -1.0, "err_rest": -1.0, "ok": true, "max_dt_us": 10569, "t_profile": 0.8, "start": 0.0, "max_track_err": 2.78}
>>> 
HOST arm_test.cmd_trace(arm, [])
arm_test.cmd_trace(arm, [])
TRACE t_us,ref_deg,pos_deg,duty
TRACE 927,-0.00,0.00,-0.430
TRACE 2860,-0.00,0.00,-0.431
TRACE 4661,-0.00,0.00,-0.432
TRACE 6462,-0.00,0.00,-0.432
TRACE 8255,-0.01,0.00,-0.433
TRACE 10045,-0.01,0.00,-0.434
TRACE 11823,-0.01,0.00,-0.435
TRACE 13609,-0.02,-0.50,0.451
TRACE 15433,-0.02,-0.50,0.451
TRACE 17182,-0.03,-0.50,0.450
TRACE 18972,-0.04,0.00,-0.438
TRACE 20730,-0.04,0.00,-0.439
TRACE 22496,-0.05,0.00,-0.440
TRACE 24287,-0.06,0.00,-0.441
TRACE 26060,-0.07,0.00,-0.474
TRACE 27808,-0.08,0.00,-0.475
TRACE 29568,-0.09,0.00,-0.476
TRACE 31327,-0.10,0.00,-0.444
TRACE 33112,-0.11,0.00,-0.445
TRACE 34887,-0.12,-0.50,0.441
TRACE 36638,-0.13,-1.00,0.488
TRACE 38476,-0.15,-1.00,0.486
TRACE 40257,-0.16,-1.00,0.485
TRACE 42032,-0.18,-0.50,0.437
TRACE 43818,-0.19,0.00,-0.452
TRACE 45565,-0.21,0.00,-0.453
TRACE 47388,-0.22,0.00,-0.486
TRACE 49135,-0.24,0.00,-0.519
TRACE 50943,-0.26,0.00,-0.520
TRACE 52698,-0.28,0.00,-0.522
TRACE 54443,-0.30,0.00,-0.491
TRACE 56225,-0.32,0.00,-0.460
TRACE 57988,-0.34,0.00,-0.461
TRACE 59738,-0.36,-1.00,0.473
TRACE 61525,-0.38,-1.00,0.471
TRACE 63301,-0.40,-1.00,0.470
TRACE 65077,-0.42,-1.00,0.468
TRACE 66877,-0.45,-1.00,0.467
TRACE 68654,-0.47,-1.00,0.466
TRACE 70420,-0.50,-1.00,0.464
TRACE 72172,-0.52,-1.00,-0.442
TRACE 73961,-0.55,0.00,-0.537
TRACE 75712,-0.57,0.00,-0.539
TRACE 77474,-0.60,0.00,-0.540
TRACE 79247,-0.63,0.00,-0.542
TRACE 80999,-0.66,0.00,-0.544
TRACE 82745,-0.68,0.00,-0.545
TRACE 84505,-0.71,0.00,-0.547
TRACE 86264,-0.74,0.00,-0.483
TRACE 88020,-0.77,-0.50,-0.437
TRACE 89800,-0.81,-1.00,0.448
TRACE 91572,-0.84,-1.00,0.447
TRACE 93342,-0.87,-1.00,0.445
TRACE 95127,-0.90,-1.00,0.443
TRACE 96911,-0.94,-1.00,0.441
TRACE 98685,-0.97,-1.00,0.440
TRACE 100456,-1.01,-1.00,-0.434
TRACE 102255,-1.05,-1.00,-0.468
TRACE 104035,-1.08,-1.00,-0.470
TRACE 105793,-1.12,-1.00,-0.472
TRACE 107576,-1.16,-1.00,-0.473
TRACE 109375,-1.20,-1.00,-0.475
TRACE 111183,-1.24,-1.00,-0.477
TRACE 112974,-1.28,-1.00,-0.479
TRACE 114767,-1.32,-2.00,0.453
TRACE 116544,-1.36,-2.00,0.451
TRACE 118304,-1.40,-2.00,0.449
TRACE 120084,-1.44,-2.00,0.447
TRACE 121838,-1.48,-2.00,0.446
TRACE 123618,-1.53,-2.00,0.444
TRACE 125406,-1.57,-2.00,0.442
TRACE 127190,-1.62,-2.00,-0.464
TRACE 128994,-1.66,-1.00,-0.561
TRACE 130760,-1.71,-1.00,-0.563
TRACE 132568,-1.76,-1.00,-0.565
TRACE 134363,-1.81,-1.00,-0.566
TRACE 136151,-1.85,-1.00,-0.568
TRACE 137948,-1.90,-1.50,-0.524
TRACE 139723,-1.95,-2.00,-0.479
TRACE 141510,-2.00,-2.00,0.423
TRACE 143287,-2.05,-2.50,0.468
TRACE 145071,-2.10,-3.00,0.513
TRACE 146861,-2.16,-3.00,0.510
TRACE 148635,-2.21,-3.00,0.508
TRACE 150388,-2.26,-3.00,0.474
TRACE 152147,-2.31,-3.00,0.440
TRACE 153920,-2.37,-3.00,0.438
TRACE 155708,-2.42,-2.50,-0.484
TRACE 157485,-2.48,-2.00,-0.566
TRACE 159270,-2.54,-2.00,-0.568
TRACE 161060,-2.59,-2.00,-0.570
TRACE 162867,-2.65,-2.00,-0.572
TRACE 164671,-2.71,-2.00,-0.575
TRACE 166457,-2.77,-2.00,-0.577
TRACE 168240,-2.83,-2.00,-0.547
TRACE 170023,-2.89,-2.00,-0.518
TRACE 171808,-2.95,-2.00,-0.520
TRACE 173614,-3.01,-2.00,-0.523
TRACE 175436,-3.08,-2.50,-0.479
TRACE 177216,-3.14,-3.00,-0.434
TRACE 179007,-3.20,-3.00,-0.437
TRACE 180793,-3.27,-3.00,-0.439
TRACE 182593,-3.33,-3.50,0.445
TRACE 184371,-3.40,-4.00,0.489
TRACE 186154,-3.47,-4.00,0.487
TRACE 187920,-3.53,-4.00,0.453
TRACE 189690,-3.60,-4.00,-0.422
TRACE 191496,-3.67,-4.00,-0.425
TRACE 193277,-3.74,-4.00,-0.428
TRACE 195065,-3.81,-4.00,-0.462
TRACE 205465,-4.22,-5.00,-0.443
TRACE 207305,-4.30,-5.00,-0.446
TRACE 209107,-4.37,-5.50,0.425
TRACE 210910,-4.45,-6.00,0.456
TRACE 212682,-4.52,-6.00,0.453
TRACE 214465,-4.60,-6.00,0.450
TRACE 216236,-4.68,-6.00,0.447
TRACE 218023,-4.75,-6.00,0.433
TRACE 219821,-4.83,-6.00,0.430
TRACE 221627,-4.91,-6.00,-0.445
TRACE 223417,-4.99,-6.00,-0.480
TRACE 225211,-5.07,-5.00,-0.577
TRACE 227012,-5.15,-5.00,-0.580
TRACE 228815,-5.24,-5.00,-0.583
TRACE 230622,-5.32,-5.00,-0.586
TRACE 232391,-5.40,-5.00,-0.589
TRACE 234180,-5.48,-5.00,-0.593
TRACE 235956,-5.57,-5.00,-0.596
TRACE 237778,-5.65,-5.00,-0.535
TRACE 239584,-5.74,-5.50,-0.492
TRACE 241374,-5.83,-6.00,-0.448
TRACE 243211,-5.92,-6.00,-0.451
TRACE 244985,-6.00,-6.00,-0.455
TRACE 246818,-6.09,-6.50,0.428
TRACE 248604,-6.18,-7.00,0.472
TRACE 250387,-6.27,-7.00,0.469
TRACE 252173,-6.36,-7.00,0.434
TRACE 253946,-6.45,-7.00,-0.441
TRACE 255769,-6.54,-7.00,-0.445
TRACE 257556,-6.63,-7.00,-0.448
TRACE 259363,-6.73,-7.00,-0.483
TRACE 261135,-6.82,-7.00,-0.519
TRACE 262943,-6.91,-7.00,-0.522
TRACE 264720,-7.01,-7.00,-0.526
TRACE 266517,-7.10,-7.00,-0.529
TRACE 268305,-7.20,-7.00,-0.533
TRACE 270106,-7.30,-7.00,-0.536
TRACE 271896,-7.39,-7.00,-0.540
TRACE 273693,-7.49,-7.50,-0.496
TRACE 275503,-7.59,-8.00,-0.453
TRACE 277291,-7.69,-8.00,-0.457
TRACE 279079,-7.79,-8.50,0.426
TRACE 280854,-7.89,-9.00,0.470
TRACE 282643,-7.99,-9.00,0.466
TRACE 284402,-8.09,-9.00,0.463
TRACE 286198,-8.19,-9.00,0.427
TRACE 287972,-8.29,-9.00,-0.448
TRACE 289774,-8.40,-9.00,-0.452
TRACE 291558,-8.50,-9.00,-0.488
TRACE 293325,-8.60,-8.50,-0.571
TRACE 295098,-8.71,-8.50,-0.575
TRACE 296892,-8.81,-8.50,-0.578
TRACE 298673,-8.92,-8.50,-0.582
TRACE 300445,-9.03,-9.00,-0.529
TRACE 302275,-9.14,-9.00,-0.532
TRACE 304094,-9.25,-9.00,-0.535
TRACE 305934,-9.36,-9.00,-0.507
TRACE 307765,-9.47,-9.00,-0.510
TRACE 309575,-9.57,-9.00,-0.514
TRACE 311411,-9.68,-9.50,-0.471
TRACE 313244,-9.79,-10.00,-0.459
TRACE 315079,-9.90,-10.00,-0.463
TRACE 316893,-10.01,-11.00,0.467
TRACE 318718,-10.12,-11.00,0.463
TRACE 320539,-10.23,-11.00,0.460
TRACE 322358,-10.34,-11.00,0.457
TRACE 324154,-10.45,-11.00,0.423
TRACE 325966,-10.56,-11.00,-0.452
TRACE 327790,-10.67,-11.00,-0.455
TRACE 329615,-10.78,-11.00,-0.521
TRACE 331438,-10.89,-11.00,-0.525
TRACE 333265,-11.00,-12.00,-0.435
TRACE 335088,-11.11,-12.00,-0.438
TRACE 336907,-11.21,-12.00,-0.442
TRACE 338738,-11.32,-12.00,-0.445
TRACE 340560,-11.43,-12.50,0.438
TRACE 342372,-11.54,-13.00,0.481
TRACE 344182,-11.65,-13.00,0.478
TRACE 345990,-11.76,-13.00,-0.428
TRACE 347824,-11.87,-13.00,-0.431
TRACE 349635,-11.98,-13.00,-0.434
TRACE 351454,-12.09,-13.00,-0.438
TRACE 353281,-12.20,-13.00,-0.472
TRACE 355109,-12.31,-14.00,0.426
TRACE 356911,-12.41,-14.00,0.422
TRACE 358717,-12.52,-14.00,-0.421
TRACE 360551,-12.63,-14.00,-0.424
TRACE 362391,-12.74,-14.00,-0.428
TRACE 364217,-12.85,-14.00,-0.431
TRACE 366044,-12.96,-14.00,-0.434
TRACE 367867,-13.07,-14.00,-0.500
TRACE 369691,-13.18,-14.00,-0.503
TRACE 371527,-13.29,-14.00,-0.507
TRACE 373357,-13.40,-14.50,-0.464
TRACE 375178,-13.51,-15.00,-0.421
TRACE 377008,-13.62,-15.00,-0.424
TRACE 378853,-13.73,-15.00,-0.427
TRACE 380696,-13.84,-16.00,0.501
TRACE 382527,-13.95,-16.00,0.498
TRACE 384339,-14.06,-16.00,0.495
TRACE 386182,-14.17,-16.00,0.460
TRACE 387984,-14.28,-16.50,0.472
TRACE 389809,-14.39,-17.00,0.515
TRACE 391631,-14.50,-17.00,0.512
TRACE 393416,-14.60,-17.00,0.447
TRACE 395217,-14.71,-16.50,-0.443
TRACE 397030,-14.82,-16.50,-0.446
TRACE 407490,-15.45,-17.00,-0.444
TRACE 409316,-15.56,-17.00,-0.466
TRACE 411140,-15.67,-17.00,-0.488
TRACE 412975,-15.78,-17.50,-0.458
TRACE 414792,-15.89,-18.00,-0.427
TRACE 416613,-16.00,-18.00,0.428
TRACE 418443,-16.11,-18.00,0.425
TRACE 420281,-16.22,-19.00,0.521
TRACE 422089,-16.33,-19.00,0.518
TRACE 423917,-16.44,-19.00,0.514
TRACE 425739,-16.54,-19.00,0.480
TRACE 427545,-16.65,-19.00,0.445
TRACE 429370,-16.76,-18.00,-0.491
TRACE 431196,-16.87,-18.00,-0.494
TRACE 433026,-16.98,-18.00,-0.560
TRACE 434859,-17.09,-18.00,-0.563
TRACE 436704,-17.20,-18.00,-0.567
TRACE 438537,-17.31,-18.00,-0.570
TRACE 440383,-17.42,-18.50,-0.527
TRACE 442222,-17.53,-19.00,-0.422
TRACE 444093,-17.65,-19.00,-0.425
TRACE 445933,-17.76,-19.00,-0.429
TRACE 447821,-17.87,-19.50,0.454
TRACE 449623,-17.98,-20.00,0.497
TRACE 451460,-18.09,-20.00,0.493
TRACE 453261,-18.20,-20.50,0.505
TRACE 455081,-18.30,-21.00,0.517
TRACE 456889,-18.41,-21.00,0.515
TRACE 458699,-18.52,-20.00,-0.421
TRACE 460544,-18.63,-20.00,-0.456
TRACE 462370,-18.74,-20.00,-0.490
TRACE 464198,-18.85,-20.00,-0.494
TRACE 466010,-18.96,-20.00,-0.528
TRACE 467832,-19.07,-20.00,-0.563
TRACE 469640,-19.18,-20.00,-0.566
TRACE 471462,-19.29,-20.00,-0.507
TRACE 473283,-19.40,-20.00,-0.510
TRACE 475105,-19.51,-21.00,-0.420
TRACE 476919,-19.62,-21.00,-0.424
TRACE 478749,-19.72,-21.00,-0.427
TRACE 480567,-19.83,-21.00,-0.430
TRACE 482389,-19.94,-21.50,0.453
TRACE 484209,-20.05,-22.00,0.496
TRACE 486029,-20.16,-22.00,0.493
TRACE 487844,-20.27,-22.00,0.427
TRACE 489635,-20.38,-22.00,0.424
TRACE 491447,-20.49,-22.00,0.420
TRACE 493243,-20.59,-22.00,-0.423
TRACE 495073,-20.70,-22.00,-0.458
TRACE 496898,-20.81,-22.00,-0.492
TRACE 498736,-20.92,-21.50,-0.542
TRACE 500556,-21.03,-21.50,-0.535
TRACE 502458,-21.15,-21.50,-0.538
TRACE 504358,-21.26,-22.00,-0.494
TRACE 506273,-21.37,-22.00,-0.497
TRACE 508172,-21.48,-22.00,-0.500
TRACE 510038,-21.59,-22.00,-0.502
TRACE 511921,-21.70,-22.50,-0.429
TRACE 513808,-21.81,-23.00,0.453
TRACE 515681,-21.92,-23.00,0.451
TRACE 517571,-22.02,-23.00,-0.422
TRACE 519457,-22.13,-23.00,-0.424
TRACE 521341,-22.23,-23.50,0.459
TRACE 523227,-22.34,-24.00,0.501
TRACE 525090,-22.44,-24.00,0.469
TRACE 526955,-22.54,-24.00,0.436
TRACE 528840,-22.65,-24.00,0.434
TRACE 530718,-22.75,-23.50,-0.454
TRACE 532590,-22.85,-23.00,-0.502
TRACE 534491,-22.95,-23.00,-0.535
TRACE 536399,-23.05,-23.00,-0.567
TRACE 538275,-23.15,-23.00,-0.569
TRACE 540158,-23.25,-23.00,-0.572
TRACE 542069,-23.35,-23.00,-0.574
TRACE 543977,-23.45,-24.00,-0.455
TRACE 545874,-23.54,-24.00,-0.428
TRACE 547767,-23.64,-24.00,-0.430
TRACE 549676,-23.73,-24.50,0.453
TRACE 551553,-23.83,-25.00,0.496
TRACE 553440,-23.92,-25.00,0.494
TRACE 555318,-24.01,-25.00,0.492
TRACE 557201,-24.10,-25.00,0.430
TRACE 559077,-24.20,-25.00,0.428
TRACE 560946,-24.29,-25.00,0.426
TRACE 562817,-24.37,-25.00,-0.446
TRACE 564735,-24.47,-25.00,-0.479
TRACE 566635,-24.55,-25.00,-0.481
TRACE 568540,-24.64,-25.00,-0.483
TRACE 570425,-24.73,-25.00,-0.485
TRACE 572342,-24.82,-25.00,-0.486
TRACE 574234,-24.90,-25.00,-0.488
TRACE 576136,-24.99,-25.00,-0.490
TRACE 578036,-25.07,-25.50,-0.447
TRACE 579939,-25.16,-26.00,0.436
TRACE 581810,-25.24,-26.00,0.435
TRACE 583694,-25.32,-26.00,0.433
TRACE 585569,-25.40,-27.00,0.522
TRACE 587444,-25.48,-27.00,0.520
TRACE 589306,-25.56,-27.00,0.519
TRACE 591169,-25.64,-27.00,0.487
TRACE 593050,-25.72,-27.00,0.455
TRACE 603619,-26.14,-26.00,-0.485
TRACE 605538,-26.22,-25.50,-0.520
TRACE 607449,-26.29,-25.00,-0.591
TRACE 609358,-26.37,-25.00,-0.593
TRACE 611280,-26.44,-25.00,-0.594
TRACE 613195,-26.51,-25.00,-0.595
TRACE 615109,-26.58,-25.00,-0.597
TRACE 617018,-26.65,-25.00,-0.585
TRACE 618945,-26.72,-25.00,-0.557
TRACE 620835,-26.79,-25.50,-0.483
TRACE 622736,-26.86,-26.00,-0.440
TRACE 624657,-26.93,-26.00,-0.441
TRACE 626555,-26.99,-26.00,-0.442
TRACE 628450,-27.06,-27.00,0.486
TRACE 630332,-27.12,-27.00,0.485
TRACE 632236,-27.19,-27.00,0.484
TRACE 634115,-27.25,-27.00,0.453
TRACE 635999,-27.31,-27.00,0.422
TRACE 637912,-27.37,-27.00,0.421
TRACE 639818,-27.43,-27.00,-0.420
TRACE 641740,-27.50,-27.00,-0.482
TRACE 643621,-27.55,-27.00,-0.483
TRACE 645527,-27.61,-27.00,-0.484
TRACE 647436,-27.67,-26.50,-0.530
TRACE 649364,-27.73,-27.00,-0.486
TRACE 651260,-27.79,-27.00,-0.487
TRACE 653158,-27.84,-27.00,-0.488
TRACE 655052,-27.90,-27.00,-0.489
TRACE 656960,-27.95,-27.00,-0.490
TRACE 658859,-28.01,-27.00,-0.491
TRACE 660760,-28.06,-27.50,0.423
TRACE 662634,-28.11,-28.00,0.437
TRACE 664568,-28.17,-28.00,0.436
TRACE 666476,-28.22,-28.00,0.435
TRACE 668386,-28.27,-28.50,0.480
TRACE 670275,-28.32,-28.50,0.479
TRACE 672177,-28.37,-28.50,0.478
TRACE 674079,-28.41,-28.00,-0.438
TRACE 676035,-28.46,-28.00,-0.469
TRACE 677970,-28.51,-28.00,-0.469
TRACE 679913,-28.56,-28.00,-0.470
TRACE 681843,-28.60,-28.00,-0.500
TRACE 683789,-28.65,-28.50,-0.456
TRACE 685740,-28.69,-29.00,0.008
TRACE 687601,-28.74,-29.00,0.037
TRACE 689481,-28.78,-29.00,0.036
TRACE 691323,-28.82,-29.00,0.036
TRACE 693179,-28.86,-29.00,0.036
TRACE 695048,-28.90,-29.00,0.036
TRACE 696894,-28.94,-29.00,0.005
TRACE 698765,-28.98,-29.00,-0.026
TRACE 700649,-29.01,-29.00,-0.026
TRACE 702530,-29.05,-29.00,-0.027
TRACE 704400,-29.09,-29.00,-0.027
TRACE 706262,-29.12,-29.00,-0.027
TRACE 708114,-29.16,-29.00,-0.028
TRACE 709991,-29.19,-29.00,-0.028
TRACE 711874,-29.22,-29.00,-0.028
TRACE 713728,-29.26,-29.00,-0.029
TRACE 715609,-29.29,-29.00,-0.029
TRACE 717450,-29.32,-29.00,-0.029
TRACE 719335,-29.35,-29.00,-0.030
TRACE 721220,-29.38,-29.00,-0.030
TRACE 723116,-29.41,-29.00,-0.030
TRACE 724972,-29.44,-29.00,-0.030
TRACE 726843,-29.46,-29.00,-0.030
TRACE 728736,-29.49,-29.00,-0.030
TRACE 730622,-29.52,-29.00,-0.031
TRACE 732493,-29.54,-29.00,-0.031
TRACE 734374,-29.57,-29.00,-0.031
TRACE 736268,-29.59,-29.00,-0.031
TRACE 738163,-29.62,-29.00,-0.031
TRACE 740045,-29.64,-29.00,-0.031
TRACE 741939,-29.66,-29.00,-0.031
TRACE 743810,-29.68,-29.00,-0.031
TRACE 745685,-29.70,-29.00,-0.031
TRACE 747560,-29.73,-29.00,-0.031
TRACE 749470,-29.74,-29.00,-0.031
TRACE 751347,-29.76,-29.00,-0.030
TRACE 753242,-29.78,-29.00,-0.030
TRACE 755153,-29.80,-29.00,-0.030
TRACE 757041,-29.82,-29.00,-0.030
TRACE 758917,-29.83,-29.00,-0.030
TRACE 760806,-29.85,-29.00,-0.030
TRACE 762689,-29.86,-29.00,-0.029
TRACE 764565,-29.87,-29.00,-0.029
TRACE 766464,-29.89,-29.00,-0.029
TRACE 768345,-29.90,-29.00,-0.028
TRACE 770229,-29.91,-29.00,-0.028
TRACE 772103,-29.92,-29.00,-0.028
TRACE 773989,-29.93,-29.00,-0.027
TRACE 775873,-29.94,-29.00,-0.027
TRACE 777752,-29.95,-29.00,-0.027
TRACE 779648,-29.96,-29.00,-0.026
TRACE 781521,-29.97,-29.00,-0.026
TRACE 792009,-29.99,-29.00,-0.023
TRACE 793928,-30.00,-29.00,-0.022
TRACE 795843,-30.00,-29.00,-0.021
TRACE 797729,-30.00,-29.00,-0.021
TRACE 799639,-30.00,-29.00,-0.020
TRACE 801543,-30.00,-29.00,-0.030
TRACE 803231,-30.00,-29.00,-0.030
TRACE 804904,-30.00,-29.00,-0.030
TRACE 806547,-30.00,-29.00,-0.030
TRACE 808193,-30.00,-29.00,-0.030
TRACE 809840,-30.00,-29.00,-0.030
TRACE 811481,-30.00,-29.00,-0.030
TRACE 813123,-30.00,-29.00,-0.030
TRACE 814763,-30.00,-29.00,-0.030
TRACE 816432,-30.00,-29.00,-0.030
TRACE 818079,-30.00,-29.00,-0.030
TRACE 819726,-30.00,-29.00,-0.030
TRACE 821368,-30.00,-29.00,-0.030
TRACE 823006,-30.00,-29.00,-0.030
TRACE 824636,-30.00,-29.00,-0.030
TRACE 826296,-30.00,-29.00,-0.030
TRACE 827957,-30.00,-29.00,-0.030
TRACE 829598,-30.00,-29.00,-0.030
TRACE 831222,-30.00,-29.00,-0.030
TRACE 832914,-30.00,-29.00,-0.030
TRACE 834552,-30.00,-29.00,-0.030
TRACE 836192,-30.00,-29.00,-0.030
TRACE 837865,-30.00,-29.00,-0.030
TRACE 839508,-30.00,-29.00,-0.030
TRACE 841146,-30.00,-29.00,-0.030
TRACE 842816,-30.00,-29.00,-0.030
TRACE 844462,-30.00,-29.00,-0.030
TRACE 846110,-30.00,-29.00,-0.030
TRACE 847799,-30.00,-29.00,-0.030
TRACE 849447,-30.00,-29.00,-0.030
TRACE 851067,-30.00,-29.00,-0.030
TRACE 852758,-30.00,-29.00,-0.030
>>> 
HOST arm.nominal = -30
arm.nominal = -30
>>> 
HOST r = arm.move_to(0, "tuning085_baseline")
r = arm.move_to(0, "tuning085_baseline")
RESULT {"loops": 482, "overshoot": 0.0, "t_reach": 0.5957, "type": "move", "t_settle": 0.8282, "target": 0, "state": "done", "q": null, "tag": "tuning085_baseline", "err": 0.0, "err_rest": 0.0, "ok": true, "max_dt_us": 10518, "t_profile": 0.7833, "start": -29.0, "max_track_err": 2.31}
>>> 
HOST arm_test.cmd_trace(arm, [])
arm_test.cmd_trace(arm, [])
TRACE t_us,ref_deg,pos_deg,duty
TRACE 912,-29.00,-29.00,0.430
TRACE 2883,-29.00,-29.00,0.431
TRACE 4730,-29.00,-29.00,0.432
TRACE 6525,-29.00,-29.00,0.432
TRACE 8306,-28.99,-29.00,0.433
TRACE 10086,-28.99,-29.00,0.434
TRACE 11882,-28.99,-29.00,0.435
TRACE 13696,-28.98,-28.00,-0.497
TRACE 15489,-28.98,-28.00,-0.497
TRACE 17271,-28.97,-28.00,-0.497
TRACE 19092,-28.96,-28.00,-0.496
TRACE 20874,-28.96,-28.00,-0.495
TRACE 22666,-28.95,-28.00,-0.494
TRACE 24477,-28.94,-28.00,-0.493
TRACE 26257,-28.93,-28.50,0.458
TRACE 28035,-28.92,-29.00,0.506
TRACE 29817,-28.91,-29.00,0.507
TRACE 31560,-28.90,-29.00,0.509
TRACE 33352,-28.89,-29.00,0.509
TRACE 35119,-28.88,-29.00,0.511
TRACE 36890,-28.86,-29.00,0.512
TRACE 38662,-28.85,-29.00,0.481
TRACE 40445,-28.84,-28.00,-0.485
TRACE 42230,-28.82,-28.00,-0.484
TRACE 44010,-28.81,-28.00,-0.483
TRACE 45784,-28.79,-28.00,-0.482
TRACE 47601,-28.77,-28.00,-0.480
TRACE 49384,-28.76,-28.00,-0.479
TRACE 51191,-28.74,-28.00,-0.478
TRACE 52986,-28.72,-28.00,0.427
TRACE 54758,-28.70,-28.50,0.476
TRACE 56537,-28.68,-29.00,0.524
TRACE 58306,-28.66,-29.00,0.525
TRACE 60075,-28.64,-29.00,0.527
TRACE 61857,-28.62,-29.00,0.528
TRACE 63618,-28.60,-29.00,0.529
TRACE 65360,-28.57,-28.00,0.436
TRACE 67115,-28.55,-28.00,-0.435
TRACE 68913,-28.53,-28.00,-0.466
TRACE 70707,-28.50,-28.00,-0.464
TRACE 72500,-28.47,-27.50,-0.510
TRACE 74297,-28.45,-27.50,-0.508
TRACE 76072,-28.42,-28.00,-0.459
TRACE 77865,-28.39,-28.00,0.446
TRACE 79631,-28.37,-28.00,0.448
TRACE 81393,-28.34,-28.00,0.449
TRACE 83152,-28.31,-28.50,0.498
TRACE 84911,-28.28,-29.00,0.579
TRACE 86684,-28.25,-29.00,0.581
TRACE 88466,-28.22,-28.50,0.503
TRACE 90238,-28.19,-28.00,0.457
TRACE 92003,-28.15,-28.00,0.459
TRACE 93792,-28.12,-28.00,0.460
TRACE 95571,-28.09,-28.00,0.430
TRACE 97342,-28.05,-28.00,-0.441
TRACE 99116,-28.02,-27.00,-0.534
TRACE 100921,-27.98,-27.00,-0.499
TRACE 102697,-27.95,-27.00,-0.466
TRACE 104469,-27.91,-27.00,-0.464
TRACE 106234,-27.87,-27.00,-0.462
TRACE 108017,-27.83,-27.00,-0.460
TRACE 109795,-27.79,-27.00,-0.459
TRACE 111569,-27.76,-27.00,0.448
TRACE 113351,-27.72,-27.00,0.449
TRACE 115134,-27.67,-27.00,0.451
TRACE 116893,-27.63,-27.00,0.453
TRACE 118683,-27.59,-27.00,0.455
TRACE 120449,-27.55,-27.00,0.457
TRACE 122190,-27.51,-27.00,0.459
TRACE 123969,-27.46,-26.00,-0.474
TRACE 125759,-27.42,-26.00,-0.472
TRACE 127537,-27.37,-26.00,-0.470
TRACE 129337,-27.33,-26.00,-0.468
TRACE 131116,-27.28,-26.00,-0.466
TRACE 132885,-27.23,-26.00,-0.464
TRACE 134661,-27.19,-26.00,-0.461
TRACE 136444,-27.14,-27.00,0.539
TRACE 138207,-27.09,-27.00,0.541
TRACE 139977,-27.04,-27.00,0.543
TRACE 141749,-26.99,-27.00,0.546
TRACE 143544,-26.94,-27.00,0.548
TRACE 145315,-26.89,-27.00,0.550
TRACE 147084,-26.84,-27.00,0.552
TRACE 148835,-26.78,-27.00,0.490
TRACE 150597,-26.73,-26.00,-0.442
TRACE 152376,-26.68,-26.00,-0.440
TRACE 154153,-26.62,-26.00,-0.438
TRACE 155942,-26.57,-26.00,-0.435
TRACE 157727,-26.51,-26.00,-0.433
TRACE 159514,-26.46,-26.00,-0.431
TRACE 161298,-26.40,-26.00,-0.428
TRACE 163090,-26.34,-26.00,0.479
TRACE 164877,-26.28,-26.00,0.481
TRACE 166645,-26.22,-26.00,0.483
TRACE 168417,-26.16,-26.50,0.533
TRACE 170181,-26.10,-27.00,0.582
TRACE 171940,-26.04,-27.00,0.585
TRACE 173707,-25.98,-27.00,0.588
TRACE 175460,-25.92,-27.00,0.590
TRACE 177207,-25.86,-26.50,0.545
TRACE 178959,-25.80,-26.00,0.501
TRACE 180739,-25.73,-26.00,0.471
TRACE 182506,-25.67,-26.00,0.441
TRACE 184276,-25.60,-26.00,0.443
TRACE 186037,-25.54,-26.00,0.446
TRACE 187807,-25.47,-25.50,-0.439
TRACE 189589,-25.41,-25.00,-0.451
TRACE 191368,-25.34,-25.00,0.424
TRACE 193132,-25.27,-25.00,0.427
TRACE 194884,-25.20,-25.00,0.429
TRACE 196647,-25.13,-25.00,0.432
TRACE 198399,-25.06,-25.00,0.435
TRACE 200176,-24.99,-24.50,0.423
TRACE 210659,-24.56,-23.00,-0.457
TRACE 212466,-24.49,-23.00,-0.454
TRACE 214262,-24.41,-23.00,-0.451
TRACE 216041,-24.33,-23.00,-0.448
TRACE 217834,-24.25,-23.00,-0.445
TRACE 219628,-24.18,-23.00,-0.442
TRACE 221425,-24.10,-23.00,0.420
TRACE 223213,-24.02,-23.00,0.480
TRACE 224995,-23.94,-23.00,0.483
TRACE 226776,-23.86,-23.50,0.533
TRACE 228532,-23.78,-24.00,0.583
TRACE 230306,-23.70,-24.00,0.586
TRACE 232065,-23.61,-23.00,0.495
TRACE 233843,-23.53,-23.00,0.498
TRACE 235617,-23.45,-23.00,0.501
TRACE 237357,-23.37,-23.00,0.504
TRACE 239130,-23.28,-23.00,0.475
TRACE 240897,-23.20,-23.00,0.446
TRACE 242699,-23.11,-22.00,-0.485
TRACE 244492,-23.02,-22.00,0.423
TRACE 246262,-22.94,-22.00,0.426
TRACE 248085,-22.85,-21.00,-0.504
TRACE 249892,-22.76,-21.00,-0.500
TRACE 251738,-22.66,-21.00,-0.496
TRACE 253514,-22.57,-21.00,-0.493
TRACE 255295,-22.48,-21.00,-0.426
TRACE 257124,-22.39,-21.00,-0.422
TRACE 258914,-22.30,-21.00,0.421
TRACE 260704,-22.20,-21.00,0.488
TRACE 262471,-22.11,-22.00,0.585
TRACE 264275,-22.02,-22.00,0.588
TRACE 266040,-21.92,-22.00,0.592
TRACE 267819,-21.83,-22.00,0.595
TRACE 269576,-21.73,-22.00,0.599
TRACE 271336,-21.64,-21.50,0.556
TRACE 273110,-21.54,-21.00,0.512
TRACE 274874,-21.44,-21.00,0.451
TRACE 276653,-21.35,-21.00,0.455
TRACE 278438,-21.25,-21.00,0.458
TRACE 280195,-21.15,-20.00,-0.473
TRACE 281986,-21.05,-20.00,-0.469
TRACE 283767,-20.95,-20.00,-0.433
TRACE 285552,-20.85,-19.50,-0.444
TRACE 287344,-20.74,-19.00,-0.487
TRACE 289124,-20.64,-19.50,-0.436
TRACE 290916,-20.54,-20.00,0.455
TRACE 292713,-20.43,-20.00,0.522
TRACE 294479,-20.33,-20.00,0.526
TRACE 296254,-20.22,-20.00,0.530
TRACE 298033,-20.12,-20.00,0.566
TRACE 299790,-20.01,-20.00,0.602
TRACE 301558,-19.91,-20.00,0.563
TRACE 303385,-19.80,-20.00,0.534
TRACE 305196,-19.69,-20.00,0.537
TRACE 307000,-19.58,-19.00,0.447
TRACE 308805,-19.47,-19.00,0.450
TRACE 310609,-19.36,-19.00,0.453
TRACE 312414,-19.26,-19.00,0.457
TRACE 314221,-19.15,-19.00,0.460
TRACE 316022,-19.04,-18.00,-0.470
TRACE 317851,-18.93,-18.00,-0.466
TRACE 319671,-18.82,-17.50,-0.446
TRACE 321490,-18.71,-17.00,-0.489
TRACE 323304,-18.60,-17.00,-0.486
TRACE 325121,-18.49,-17.00,-0.483
TRACE 326937,-18.38,-17.50,-0.433
TRACE 328737,-18.28,-18.00,0.520
TRACE 330529,-18.17,-18.00,0.523
TRACE 332354,-18.06,-18.00,0.558
TRACE 334160,-17.95,-18.00,0.593
TRACE 335965,-17.84,-18.00,0.596
TRACE 337773,-17.73,-18.00,0.599
TRACE 339594,-17.62,-18.00,0.571
TRACE 341398,-17.52,-18.00,0.543
TRACE 343213,-17.41,-18.00,0.546
TRACE 345006,-17.30,-18.00,0.549
TRACE 346819,-17.19,-18.00,0.552
TRACE 348637,-17.08,-18.00,0.556
TRACE 350442,-16.97,-17.50,0.512
TRACE 352228,-16.87,-17.00,0.469
TRACE 354044,-16.76,-17.00,0.472
TRACE 355861,-16.65,-17.00,0.475
TRACE 357663,-16.54,-16.00,-0.455
TRACE 359484,-16.43,-16.00,-0.451
TRACE 361315,-16.32,-16.00,-0.448
TRACE 363137,-16.21,-15.00,-0.506
TRACE 364954,-16.10,-15.00,-0.471
TRACE 366773,-15.99,-15.00,-0.468
TRACE 368595,-15.88,-15.00,-0.464
TRACE 370411,-15.78,-15.00,0.442
TRACE 372207,-15.67,-15.00,0.445
TRACE 374008,-15.56,-15.00,0.448
TRACE 375807,-15.45,-15.00,0.514
TRACE 377622,-15.34,-15.00,0.518
TRACE 379435,-15.23,-15.00,0.521
TRACE 381251,-15.12,-15.00,0.524
TRACE 383070,-15.02,-15.00,0.528
TRACE 384873,-14.91,-14.00,0.438
TRACE 386717,-14.80,-14.00,0.441
TRACE 388524,-14.69,-14.00,0.444
TRACE 390332,-14.58,-13.00,-0.485
TRACE 392161,-14.47,-13.00,-0.482
TRACE 393976,-14.36,-13.00,-0.479
TRACE 395788,-14.25,-13.00,-0.475
TRACE 397616,-14.14,-13.00,0.431
TRACE 399421,-14.03,-13.00,0.434
TRACE 401220,-13.93,-13.00,0.437
TRACE 403038,-13.82,-13.00,0.503
TRACE 404841,-13.71,-13.00,0.507
TRACE 415295,-13.08,-13.00,0.526
TRACE 417129,-12.97,-13.00,0.529
TRACE 418963,-12.86,-13.00,0.532
TRACE 420791,-12.75,-13.00,0.535
TRACE 422598,-12.64,-12.50,0.505
TRACE 424426,-12.53,-12.00,0.475
TRACE 426237,-12.43,-12.00,0.478
TRACE 428067,-12.32,-11.50,-0.430
TRACE 429903,-12.21,-11.00,-0.473
TRACE 431729,-12.10,-11.00,-0.470
TRACE 433574,-11.99,-11.00,-0.467
TRACE 435409,-11.88,-11.00,-0.432
TRACE 437249,-11.77,-11.00,0.443
TRACE 439082,-11.66,-11.00,0.446
TRACE 440885,-11.55,-11.00,0.480
TRACE 442690,-11.44,-11.00,0.515
TRACE 444477,-11.33,-11.00,0.518
TRACE 446288,-11.22,-11.00,0.521
TRACE 448111,-11.11,-11.00,0.525
TRACE 449923,-11.00,-10.50,0.481
TRACE 451734,-10.90,-10.00,0.438
TRACE 453553,-10.79,-10.00,0.441
TRACE 455374,-10.68,-9.00,-0.488
TRACE 457239,-10.57,-9.00,-0.484
TRACE 459068,-10.46,-9.00,-0.481
TRACE 460945,-10.34,-9.00,-0.477
TRACE 462773,-10.23,-9.00,-0.442
TRACE 464640,-10.12,-9.00,0.432
TRACE 466452,-10.01,-9.00,0.436
TRACE 468250,-9.90,-9.00,0.501
TRACE 470075,-9.80,-9.00,0.504
TRACE 471883,-9.69,-8.50,0.461
TRACE 473695,-9.58,-8.00,-0.422
TRACE 475491,-9.47,-8.00,0.421
TRACE 477309,-9.36,-8.00,0.424
TRACE 479121,-9.25,-8.00,0.427
TRACE 480916,-9.15,-8.00,0.430
TRACE 482710,-9.04,-7.50,-0.453
TRACE 484522,-8.93,-7.00,-0.475
TRACE 486416,-8.82,-7.00,-0.440
TRACE 488322,-8.70,-7.00,-0.437
TRACE 490214,-8.59,-7.00,-0.434
TRACE 492098,-8.48,-7.00,-0.431
TRACE 493984,-8.37,-7.00,-0.428
TRACE 495870,-8.26,-7.00,0.445
TRACE 497760,-8.16,-7.00,0.478
TRACE 499628,-8.05,-7.00,0.481
TRACE 501494,-7.94,-7.00,0.483
TRACE 503371,-7.84,-7.00,0.486
TRACE 505265,-7.73,-7.00,0.488
TRACE 507131,-7.63,-7.00,0.491
TRACE 508996,-7.53,-7.00,0.493
TRACE 510861,-7.42,-6.00,-0.436
TRACE 512743,-7.32,-6.00,-0.433
TRACE 514638,-7.22,-6.00,-0.431
TRACE 516543,-7.12,-5.00,-0.519
TRACE 518431,-7.02,-5.00,-0.517
TRACE 520311,-6.92,-5.00,-0.514
TRACE 522198,-6.82,-5.00,-0.512
TRACE 524081,-6.72,-5.00,-0.449
TRACE 525968,-6.62,-5.00,-0.447
TRACE 527862,-6.53,-5.00,-0.444
TRACE 529752,-6.43,-5.50,0.504
TRACE 531618,-6.34,-6.00,0.551
TRACE 533501,-6.24,-6.00,0.553
TRACE 535377,-6.15,-6.00,0.556
TRACE 537246,-6.06,-5.50,0.512
TRACE 539125,-5.96,-5.00,0.469
TRACE 540983,-5.87,-5.00,0.471
TRACE 542888,-5.78,-5.00,0.443
TRACE 544790,-5.69,-4.50,-0.471
TRACE 546673,-5.60,-4.00,-0.514
TRACE 548561,-5.51,-4.00,-0.512
TRACE 550459,-5.42,-4.00,-0.480
TRACE 552351,-5.34,-4.00,-0.447
TRACE 554244,-5.25,-4.00,-0.445
TRACE 556129,-5.16,-4.00,-0.443
TRACE 558017,-5.08,-4.00,0.429
TRACE 559894,-4.99,-4.00,0.461
TRACE 561786,-4.91,-4.00,0.463
TRACE 563667,-4.83,-3.50,-0.421
TRACE 565569,-4.74,-3.00,-0.464
TRACE 567436,-4.66,-3.00,-0.463
TRACE 569322,-4.58,-3.00,-0.461
TRACE 571211,-4.50,-3.00,-0.459
TRACE 573107,-4.42,-3.00,-0.457
TRACE 574998,-4.34,-3.50,0.430
TRACE 576892,-4.26,-4.00,0.507
TRACE 578771,-4.18,-4.00,0.539
TRACE 580636,-4.11,-4.00,0.540
TRACE 582494,-4.03,-3.50,0.497
TRACE 584347,-3.96,-3.00,0.453
TRACE 586244,-3.88,-3.00,0.454
TRACE 588126,-3.81,-3.00,0.425
TRACE 590002,-3.74,-3.00,-0.444
TRACE 591902,-3.66,-3.00,-0.442
TRACE 593777,-3.59,-2.50,-0.486
TRACE 595656,-3.52,-2.00,-0.499
TRACE 597597,-3.45,-2.00,-0.467
TRACE 599502,-3.38,-2.50,-0.420
TRACE 601383,-3.31,-3.00,0.466
TRACE 611901,-2.94,-4.00,0.540
TRACE 613771,-2.88,-4.50,0.575
TRACE 615665,-2.81,-4.50,0.594
TRACE 617557,-2.75,-5.00,0.647
TRACE 619459,-2.69,-5.00,0.648
TRACE 621355,-2.62,-4.50,0.598
TRACE 623251,-2.56,-4.00,0.547
TRACE 625123,-2.50,-4.00,0.512
TRACE 626998,-2.44,-4.00,0.483
TRACE 628895,-2.39,-3.00,-0.447
TRACE 630780,-2.33,-3.00,-0.476
TRACE 632661,-2.27,-3.00,-0.475
TRACE 634592,-2.21,-3.00,-0.443
TRACE 636490,-2.16,-3.00,0.428
TRACE 638357,-2.10,-3.00,0.429
TRACE 640225,-2.05,-3.00,0.430
TRACE 642117,-1.99,-3.00,0.491
TRACE 644007,-1.94,-3.00,0.492
TRACE 645872,-1.89,-3.00,0.493
TRACE 647803,-1.84,-3.00,0.494
TRACE 649691,-1.79,-2.50,0.449
TRACE 651592,-1.74,-2.00,-0.435
TRACE 653505,-1.69,-2.00,-0.434
TRACE 655438,-1.64,-2.00,-0.433
TRACE 657342,-1.59,-1.00,-0.102
TRACE 659216,-1.54,-1.00,-0.101
TRACE 661049,-1.50,-1.00,-0.102
TRACE 662951,-1.45,-1.50,-0.445
TRACE 664849,-1.40,-1.50,0.425
TRACE 666781,-1.36,-2.00,0.471
TRACE 668685,-1.31,-2.00,0.472
TRACE 670588,-1.27,-2.00,0.533
TRACE 672490,-1.23,-2.00,0.533
TRACE 674383,-1.19,-1.50,0.489
TRACE 676304,-1.15,-1.00,-0.006
TRACE 678157,-1.11,-1.00,-0.005
TRACE 680036,-1.07,-1.00,-0.035
TRACE 681891,-1.03,-1.00,-0.035
TRACE 683735,-0.99,-1.00,-0.035
TRACE 685595,-0.96,-1.00,-0.035
TRACE 687435,-0.92,-1.00,-0.004
TRACE 689304,-0.88,-1.00,0.027
TRACE 691165,-0.85,-1.00,0.028
TRACE 693014,-0.82,-1.00,0.028
TRACE 694890,-0.78,-1.00,0.028
TRACE 696741,-0.75,-1.00,0.029
TRACE 698616,-0.72,-1.50,0.495
TRACE 700545,-0.69,-2.00,0.540
TRACE 702432,-0.65,-2.00,0.540
TRACE 704332,-0.62,-2.00,0.540
TRACE 706229,-0.59,-1.50,0.495
TRACE 708144,-0.57,-1.00,0.030
TRACE 710006,-0.54,-1.00,0.030
TRACE 711865,-0.51,-1.00,0.000
TRACE 713735,-0.48,-1.00,-0.030
TRACE 715585,-0.46,-1.00,-0.030
TRACE 717435,-0.43,-1.00,-0.030
TRACE 719285,-0.41,-1.00,0.000
TRACE 721136,-0.39,-1.00,0.031
TRACE 722996,-0.36,-1.50,0.497
TRACE 724898,-0.34,-2.00,0.542
TRACE 726794,-0.32,-2.00,0.542
TRACE 728698,-0.30,-2.00,0.542
TRACE 730591,-0.28,-1.50,0.496
TRACE 732505,-0.26,-1.00,0.031
TRACE 734352,-0.24,-1.00,0.030
TRACE 736228,-0.22,-1.00,0.000
TRACE 738075,-0.20,-1.00,-0.031
TRACE 739925,-0.19,-1.00,-0.031
TRACE 741767,-0.17,-1.00,-0.031
TRACE 743625,-0.16,-1.00,-0.001
TRACE 745474,-0.14,-1.00,0.029
TRACE 747323,-0.13,-1.50,0.495
TRACE 749246,-0.12,-2.00,0.540
TRACE 751159,-0.10,-2.00,0.540
TRACE 753043,-0.09,-2.00,0.539
TRACE 754948,-0.08,-1.50,0.493
TRACE 756880,-0.07,-1.00,0.027
TRACE 758757,-0.06,-1.00,0.027
TRACE 760618,-0.05,-1.00,-0.003
TRACE 762468,-0.04,-1.00,-0.034
TRACE 764303,-0.04,-1.00,-0.035
TRACE 766164,-0.03,-1.00,-0.036
TRACE 768038,-0.02,-1.00,-0.006
TRACE 769894,-0.02,-1.00,0.024
TRACE 771754,-0.01,-1.50,0.490
TRACE 773673,-0.01,-2.00,0.534
TRACE 775585,-0.01,-2.00,0.534
TRACE 777473,-0.00,-2.00,0.533
TRACE 779374,-0.00,-1.50,0.487
TRACE 781314,-0.00,-1.00,0.021
TRACE 783186,-0.00,-1.00,0.020
TRACE 785035,0.00,-1.00,-0.000
TRACE 786698,0.00,-1.00,-0.031
TRACE 788323,0.00,-1.00,-0.033
TRACE 789943,0.00,-1.00,-0.034
TRACE 791567,0.00,-1.00,-0.003
TRACE 793220,0.00,-1.00,0.030
TRACE 794886,0.00,-1.00,0.030
TRACE 796538,0.00,-1.50,0.500
TRACE 798238,0.00,-2.00,0.549
TRACE 799921,0.00,-2.00,0.549
TRACE 801608,0.00,-2.00,0.549
TRACE 811998,0.00,-1.00,0.030
TRACE 813673,0.00,-1.00,0.030
TRACE 815324,0.00,-1.00,0.030
TRACE 816967,0.00,0.00,-0.059
TRACE 818550,0.00,0.00,-0.079
TRACE 820163,0.00,0.00,-0.079
TRACE 821787,0.00,0.00,-0.079
TRACE 823399,0.00,0.00,-0.070
TRACE 824998,0.00,0.00,-0.071
TRACE 826618,0.00,0.00,-0.071
TRACE 828244,0.00,0.00,0.000
TRACE 829861,0.00,0.00,0.000
TRACE 831466,0.00,0.00,0.000
TRACE 833084,0.00,0.00,0.000
TRACE 834692,0.00,0.00,0.000
TRACE 836299,0.00,0.00,0.000
TRACE 837900,0.00,0.00,0.000
TRACE 839538,0.00,0.00,0.000
TRACE 841169,0.00,0.00,0.000
TRACE 842777,0.00,0.00,0.000
TRACE 844382,0.00,0.00,0.000
TRACE 846000,0.00,0.00,0.000
TRACE 847631,0.00,0.00,0.000
TRACE 849240,0.00,0.00,0.000
TRACE 850887,0.00,0.00,0.000
TRACE 852494,0.00,0.00,0.000
TRACE 854098,0.00,0.00,0.000
TRACE 855673,0.00,0.00,0.000
TRACE 857309,0.00,0.00,0.000
TRACE 858915,0.00,0.00,0.000
TRACE 860515,0.00,0.00,0.000
TRACE 862103,0.00,0.00,0.000
TRACE 863698,0.00,0.00,0.000
TRACE 865294,0.00,0.00,0.000
TRACE 866900,0.00,0.00,0.000
TRACE 868514,0.00,0.00,0.000
TRACE 870118,0.00,0.00,0.000
TRACE 871717,0.00,0.00,0.000
TRACE 873348,0.00,0.00,0.000
TRACE 874942,0.00,0.00,0.000
TRACE 876521,0.00,0.00,0.000
TRACE 878110,0.00,0.00,0.000
TRACE 879721,0.00,0.00,0.000
TRACE 881302,0.00,0.00,0.000
TRACE 882912,0.00,0.00,0.000
TRACE 884506,0.00,0.00,0.000
TRACE 886106,0.00,0.00,0.000
TRACE 887687,0.00,0.00,0.000
TRACE 889282,0.00,0.00,0.000
TRACE 890879,0.00,0.00,0.000
TRACE 892455,0.00,0.00,0.000
TRACE 894053,0.00,0.00,0.000
TRACE 895640,0.00,0.00,0.000
TRACE 897249,0.00,0.00,0.000
TRACE 898832,0.00,0.00,0.000
TRACE 900432,0.00,0.00,0.000
>>> 
HOST arm.nominal = 0
arm.nominal = 0
>>> 
HOST arm.motor.coast(); arm.servo.off()
arm.motor.coast(); arm.servo.off()
>>> 
HOST arm.gains.set('kfs', 0.40)
arm.gains.set('kfs', 0.40)
>>> 
HOST r = arm.move_to(30, "tuning_kfs040")
r = arm.move_to(30, "tuning_kfs040")
RESULT {"loops": 471, "overshoot": 0.0, "t_reach": 0.6179, "type": "move", "t_settle": 0.8123, "target": 30, "state": "done", "q": null, "tag": "tuning_kfs040", "err": 0.0, "err_rest": 0.0, "ok": true, "max_dt_us": 10523, "t_profile": 0.8, "start": 0.0, "max_track_err": 2.31}
>>> 
HOST arm_test.cmd_trace(arm, [])
arm_test.cmd_trace(arm, [])
TRACE t_us,ref_deg,pos_deg,duty
TRACE 948,0.00,0.00,0.410
TRACE 2868,0.00,0.00,0.411
TRACE 4700,0.00,0.00,0.412
TRACE 6478,0.00,0.00,0.412
TRACE 8251,0.01,0.00,0.413
TRACE 10016,0.01,0.00,0.414
TRACE 11788,0.01,0.00,0.415
TRACE 13550,0.02,0.00,0.415
TRACE 15320,0.02,0.00,0.416
TRACE 17067,0.03,0.50,-0.430
TRACE 18892,0.04,1.00,-0.477
TRACE 20685,0.04,1.00,-0.476
TRACE 22465,0.05,0.50,-0.428
TRACE 24235,0.06,0.00,0.420
TRACE 26003,0.07,0.00,0.421
TRACE 27744,0.08,0.00,0.422
TRACE 29476,0.09,0.00,0.455
TRACE 31232,0.10,0.00,0.489
TRACE 32962,0.11,0.00,0.490
TRACE 34733,0.12,0.00,0.459
TRACE 36454,0.13,0.00,0.427
TRACE 38191,0.15,0.00,0.428
TRACE 39948,0.16,0.00,0.429
TRACE 41681,0.17,1.00,-0.465
TRACE 43461,0.19,1.00,-0.464
TRACE 45276,0.20,1.00,-0.463
TRACE 47062,0.22,1.00,-0.461
TRACE 48874,0.24,1.00,-0.460
TRACE 50642,0.26,1.00,-0.458
TRACE 52455,0.28,0.50,-0.410
TRACE 54234,0.29,0.00,0.502
TRACE 55956,0.31,0.00,0.504
TRACE 57706,0.33,0.00,0.505
TRACE 59436,0.35,-0.50,0.554
TRACE 61186,0.37,-0.50,0.556
TRACE 62935,0.40,0.00,0.510
TRACE 64668,0.42,0.00,0.479
TRACE 66405,0.44,0.00,0.447
TRACE 68146,0.46,0.00,0.448
TRACE 69880,0.49,1.00,-0.446
TRACE 71671,0.51,1.00,-0.477
TRACE 73445,0.54,1.00,-0.475
TRACE 75223,0.57,1.00,-0.441
TRACE 77017,0.59,1.00,-0.439
TRACE 78812,0.62,1.00,-0.437
TRACE 80618,0.65,1.00,-0.436
TRACE 82413,0.68,1.00,0.430
TRACE 84176,0.71,1.00,0.432
TRACE 85933,0.74,1.00,0.433
TRACE 87693,0.77,0.50,0.482
TRACE 89448,0.80,0.00,0.531
TRACE 91195,0.83,0.00,0.532
TRACE 92935,0.86,0.00,0.534
TRACE 94684,0.90,0.00,0.536
TRACE 96417,0.93,0.50,0.490
TRACE 98172,0.96,1.00,0.444
TRACE 99956,1.00,1.00,0.413
TRACE 101728,1.03,1.00,-0.417
TRACE 103521,1.07,1.00,-0.415
TRACE 105302,1.11,1.00,-0.414
TRACE 107091,1.15,1.00,-0.412
TRACE 108860,1.19,1.00,0.423
TRACE 110611,1.22,1.00,0.457
TRACE 112390,1.26,1.00,0.458
TRACE 114152,1.30,1.00,0.460
TRACE 115918,1.34,1.00,0.462
TRACE 117712,1.39,2.00,-0.431
TRACE 119503,1.43,2.00,-0.429
TRACE 121294,1.47,2.00,-0.427
TRACE 123055,1.51,2.00,-0.425
TRACE 124826,1.56,2.00,-0.423
TRACE 126601,1.60,2.00,-0.421
TRACE 128375,1.65,2.00,-0.419
TRACE 130145,1.69,1.00,0.542
TRACE 131906,1.74,1.00,0.544
TRACE 133677,1.79,1.00,0.546
TRACE 135450,1.83,1.00,0.548
TRACE 137227,1.88,1.00,0.550
TRACE 139000,1.93,1.00,0.553
TRACE 140768,1.98,1.50,0.507
TRACE 142533,2.03,2.00,-0.402
TRACE 144313,2.08,2.00,-0.400
TRACE 146099,2.13,2.00,0.402
TRACE 147867,2.19,2.50,-0.443
TRACE 149660,2.24,3.00,-0.488
TRACE 151440,2.29,3.00,-0.485
TRACE 153232,2.35,3.00,-0.451
TRACE 155013,2.40,2.50,0.431
TRACE 156796,2.46,2.00,0.480
TRACE 158558,2.51,2.00,0.483
TRACE 160311,2.57,2.00,0.517
TRACE 162090,2.63,2.00,0.552
TRACE 163857,2.68,2.00,0.554
TRACE 165613,2.74,2.00,0.557
TRACE 167370,2.80,2.00,0.527
TRACE 169151,2.86,3.00,0.402
TRACE 170923,2.92,3.00,0.404
TRACE 172705,2.98,3.00,0.407
TRACE 174463,3.04,3.00,0.409
TRACE 176228,3.11,3.50,-0.435
TRACE 177999,3.17,4.00,-0.480
TRACE 179763,3.23,4.00,-0.477
TRACE 181541,3.30,4.00,-0.410
TRACE 183314,3.36,4.00,-0.408
TRACE 185094,3.43,4.00,-0.405
TRACE 186905,3.49,4.00,-0.402
TRACE 188696,3.56,4.00,0.433
TRACE 190480,3.63,3.00,0.562
TRACE 192265,3.70,3.00,0.564
TRACE 194034,3.76,3.00,0.567
TRACE 195794,3.83,3.00,0.570
TRACE 197571,3.90,3.00,0.572
TRACE 199369,3.97,3.00,0.575
TRACE 201131,4.05,3.00,0.578
TRACE 211551,4.48,5.00,-0.406
TRACE 213359,4.55,5.00,-0.402
TRACE 215160,4.63,5.50,-0.433
TRACE 216961,4.71,6.00,-0.464
TRACE 218752,4.79,6.00,-0.461
TRACE 220551,4.86,6.00,-0.458
TRACE 222326,4.94,6.00,-0.455
TRACE 224125,5.02,6.00,-0.402
TRACE 225924,5.10,5.50,0.448
TRACE 227709,5.19,5.00,0.529
TRACE 229492,5.27,5.00,0.564
TRACE 231272,5.35,5.00,0.568
TRACE 233042,5.43,5.00,0.571
TRACE 234834,5.51,5.00,0.574
TRACE 236635,5.60,5.00,0.577
TRACE 238398,5.68,5.00,0.548
TRACE 240171,5.77,5.00,0.520
TRACE 241937,5.85,5.00,0.523
TRACE 243727,5.94,5.00,0.526
TRACE 245514,6.03,6.00,0.435
TRACE 247265,6.11,6.00,0.438
TRACE 249035,6.20,6.00,0.441
TRACE 250804,6.29,6.00,0.445
TRACE 252568,6.38,7.00,-0.447
TRACE 254386,6.47,7.00,-0.443
TRACE 256176,6.56,7.00,-0.439
TRACE 257994,6.66,7.00,0.428
TRACE 259755,6.75,7.00,0.432
TRACE 261515,6.84,7.00,0.435
TRACE 263283,6.93,7.00,0.439
TRACE 265045,7.02,7.00,0.506
TRACE 266858,7.12,7.00,0.510
TRACE 268616,7.22,7.50,0.466
TRACE 270394,7.31,8.00,0.422
TRACE 272156,7.41,8.00,0.426
TRACE 273929,7.50,8.00,0.429
TRACE 275689,7.60,9.00,-0.462
TRACE 277461,7.70,9.00,-0.458
TRACE 279241,7.80,9.00,-0.455
TRACE 281022,7.90,9.00,-0.419
TRACE 282791,8.00,9.00,0.417
TRACE 284565,8.10,9.00,0.421
TRACE 286335,8.20,9.00,0.425
TRACE 288112,8.30,9.00,0.493
TRACE 289888,8.40,9.00,0.496
TRACE 291659,8.51,9.00,0.500
TRACE 293431,8.61,9.00,0.504
TRACE 295187,8.71,9.00,0.508
TRACE 296962,8.82,9.50,0.464
TRACE 298728,8.92,10.00,0.421
TRACE 300500,9.03,10.00,0.414
TRACE 302316,9.14,11.00,-0.477
TRACE 304154,9.25,11.00,-0.473
TRACE 305993,9.36,11.00,-0.469
TRACE 307818,9.47,11.00,-0.465
TRACE 309622,9.58,11.50,-0.476
TRACE 311452,9.69,12.00,-0.487
TRACE 313269,9.80,12.00,-0.483
TRACE 315129,9.91,11.50,0.429
TRACE 316914,10.01,11.50,0.432
TRACE 318733,10.12,11.00,0.482
TRACE 320520,10.23,11.00,0.485
TRACE 322322,10.34,11.50,0.473
TRACE 324128,10.45,12.00,0.461
TRACE 325939,10.56,12.00,0.465
TRACE 327748,10.66,12.00,0.436
TRACE 329565,10.77,12.00,0.440
TRACE 331383,10.88,12.00,0.411
TRACE 333195,10.99,13.00,-0.478
TRACE 335021,11.10,13.00,-0.443
TRACE 336828,11.21,13.00,-0.409
TRACE 338649,11.32,13.00,-0.405
TRACE 340478,11.43,13.00,-0.402
TRACE 342320,11.54,13.00,0.401
TRACE 344125,11.65,13.00,0.405
TRACE 345940,11.76,13.00,0.471
TRACE 347758,11.87,13.00,0.474
TRACE 349576,11.97,13.00,0.477
TRACE 351392,12.08,13.50,0.434
TRACE 353194,12.19,13.50,0.437
TRACE 354998,12.30,14.00,-0.406
TRACE 356828,12.41,14.00,-0.403
TRACE 358654,12.52,14.00,0.401
TRACE 360451,12.63,14.00,0.404
TRACE 362266,12.74,13.50,0.454
TRACE 364067,12.84,13.50,0.488
TRACE 365871,12.95,13.50,0.492
TRACE 367675,13.06,13.50,0.526
TRACE 369487,13.17,13.50,0.530
TRACE 371290,13.28,13.50,0.533
TRACE 373104,13.39,14.00,0.490
TRACE 374899,13.49,14.00,0.461
TRACE 376713,13.60,14.00,0.464
TRACE 378523,13.71,14.00,0.468
TRACE 380335,13.82,14.00,0.471
TRACE 382149,13.93,14.00,0.474
TRACE 383959,14.04,15.00,-0.416
TRACE 385803,14.15,15.00,0.419
TRACE 387624,14.26,15.00,0.423
TRACE 389436,14.37,15.00,0.426
TRACE 391259,14.48,15.50,-0.417
TRACE 393113,14.59,16.00,-0.460
TRACE 394942,14.70,16.00,-0.456
TRACE 396755,14.81,16.00,0.410
TRACE 398564,14.91,16.00,0.413
TRACE 400377,15.02,16.00,0.416
TRACE 402174,15.13,17.00,-0.474
TRACE 403999,15.24,17.00,-0.439
TRACE 405837,15.35,17.00,-0.404
TRACE 407673,15.46,17.00,-0.401
TRACE 418196,16.09,16.00,0.511
TRACE 420028,16.20,16.00,0.514
TRACE 421838,16.31,16.00,0.517
TRACE 423651,16.42,16.00,0.558
TRACE 425463,16.53,16.00,0.561
TRACE 427286,16.64,16.00,0.564
TRACE 429080,16.74,16.50,0.534
TRACE 430907,16.85,17.00,0.441
TRACE 432717,16.96,17.00,0.444
TRACE 434527,17.07,17.00,0.447
TRACE 436346,17.18,18.00,-0.443
TRACE 438169,17.29,18.00,-0.439
TRACE 440008,17.40,19.00,-0.529
TRACE 441849,17.51,19.00,-0.493
TRACE 443672,17.62,19.00,-0.459
TRACE 445504,17.73,19.00,-0.455
TRACE 447337,17.84,19.00,-0.452
TRACE 449166,17.95,19.00,0.414
TRACE 450995,18.06,18.00,0.510
TRACE 452788,18.17,18.00,0.576
TRACE 454646,18.28,18.00,0.579
TRACE 456451,18.39,18.00,0.582
TRACE 458269,18.50,18.00,0.586
TRACE 460083,18.60,18.00,0.589
TRACE 461899,18.71,19.00,0.499
TRACE 463732,18.82,19.00,0.440
TRACE 465549,18.93,19.00,0.443
TRACE 467401,19.04,19.00,0.447
TRACE 469212,19.15,20.00,-0.443
TRACE 471072,19.26,20.00,-0.439
TRACE 472895,19.37,20.00,-0.436
TRACE 474718,19.48,21.00,-0.462
TRACE 476530,19.59,21.00,-0.459
TRACE 478366,19.70,21.00,-0.456
TRACE 480193,19.81,21.00,-0.453
TRACE 482021,19.92,20.50,0.459
TRACE 483819,20.03,20.00,0.509
TRACE 485628,20.14,20.00,0.512
TRACE 487449,20.25,20.00,0.578
TRACE 489243,20.35,20.00,0.582
TRACE 491069,20.46,20.00,0.585
TRACE 492881,20.57,20.00,0.588
TRACE 494686,20.68,20.00,0.560
TRACE 496496,20.79,20.00,0.532
TRACE 498303,20.90,20.50,0.488
TRACE 500107,21.01,21.00,0.435
TRACE 501982,21.12,21.00,0.438
TRACE 503856,21.23,21.00,0.441
TRACE 505734,21.34,21.50,-0.402
TRACE 507627,21.45,22.00,-0.445
TRACE 509529,21.56,22.00,-0.441
TRACE 511426,21.67,22.50,-0.453
TRACE 513321,21.78,22.50,-0.419
TRACE 515212,21.89,22.50,-0.416
TRACE 517108,22.00,22.00,0.431
TRACE 518986,22.10,22.00,0.464
TRACE 520852,22.21,22.00,0.497
TRACE 522711,22.31,22.00,0.499
TRACE 524569,22.41,22.00,0.532
TRACE 526442,22.52,22.00,0.534
TRACE 528299,22.62,22.00,0.537
TRACE 530187,22.72,22.00,0.509
TRACE 532060,22.82,22.00,0.511
TRACE 533932,22.92,22.00,0.513
TRACE 535810,23.02,22.00,0.516
TRACE 537686,23.12,22.00,0.518
TRACE 539538,23.22,22.00,0.520
TRACE 541400,23.31,23.00,0.431
TRACE 543283,23.41,23.00,0.434
TRACE 545175,23.51,23.00,0.436
TRACE 547037,23.60,23.00,0.438
TRACE 548919,23.70,24.00,-0.451
TRACE 550823,23.79,24.00,-0.448
TRACE 552710,23.88,24.00,-0.446
TRACE 554619,23.98,25.00,-0.473
TRACE 556512,24.07,25.00,-0.471
TRACE 558403,24.16,25.00,-0.469
TRACE 560269,24.25,25.00,-0.467
TRACE 562164,24.34,25.00,-0.404
TRACE 564034,24.43,25.00,-0.403
TRACE 565938,24.52,25.00,-0.401
TRACE 567844,24.61,25.00,0.462
TRACE 569730,24.70,25.00,0.464
TRACE 571602,24.78,25.00,0.466
TRACE 573503,24.87,25.00,0.468
TRACE 575379,24.95,25.00,0.469
TRACE 577259,25.04,25.00,0.471
TRACE 579154,25.12,25.00,0.473
TRACE 581027,25.21,25.50,0.430
TRACE 582901,25.29,26.00,-0.414
TRACE 584787,25.37,26.00,-0.412
TRACE 586694,25.45,26.00,-0.410
TRACE 588569,25.53,27.00,-0.499
TRACE 590450,25.61,27.00,-0.498
TRACE 592330,25.69,27.00,-0.496
TRACE 594226,25.77,27.00,-0.464
TRACE 596115,25.84,27.00,-0.432
TRACE 598019,25.92,27.00,-0.430
TRACE 599916,26.00,26.00,0.462
TRACE 601814,26.07,26.00,0.524
TRACE 603678,26.15,26.00,0.526
TRACE 605547,26.22,26.00,0.527
TRACE 616032,26.62,27.00,0.445
TRACE 617942,26.69,28.00,-0.421
TRACE 619897,26.76,28.00,-0.419
TRACE 621829,26.83,29.00,-0.121
TRACE 623694,26.89,29.00,-0.119
TRACE 625558,26.96,29.00,-0.118
TRACE 627439,27.02,29.00,-0.117
TRACE 629306,27.09,29.00,-0.126
TRACE 631153,27.15,29.00,-0.065
TRACE 633020,27.21,29.00,-0.064
TRACE 634903,27.27,29.00,-0.002
TRACE 636779,27.34,29.00,-0.001
TRACE 638637,27.40,29.00,-0.000
TRACE 640495,27.46,29.00,0.001
TRACE 642361,27.51,29.00,0.002
TRACE 644224,27.57,28.50,0.449
TRACE 646147,27.63,28.00,0.495
TRACE 648055,27.69,28.00,0.496
TRACE 649979,27.75,28.00,0.497
TRACE 651907,27.81,28.50,0.453
TRACE 653823,27.86,29.00,0.009
TRACE 655704,27.92,29.00,0.009
TRACE 657546,27.97,29.00,-0.020
TRACE 659445,28.02,29.00,-0.049
TRACE 661290,28.08,29.00,-0.048
TRACE 663188,28.13,29.00,-0.047
TRACE 665034,28.18,29.00,-0.017
TRACE 666962,28.23,29.00,0.015
TRACE 668828,28.28,29.00,0.016
TRACE 670692,28.33,28.50,0.462
TRACE 672606,28.38,28.00,0.508
TRACE 674492,28.42,28.00,0.509
TRACE 676387,28.47,28.00,0.509
TRACE 678273,28.52,28.50,0.465
TRACE 680209,28.57,29.00,0.020
TRACE 682074,28.61,29.00,0.021
TRACE 683953,28.65,29.00,-0.009
TRACE 685824,28.70,29.00,-0.039
TRACE 687676,28.74,29.00,-0.038
TRACE 689529,28.78,29.00,-0.038
TRACE 691375,28.82,29.00,-0.007
TRACE 693254,28.86,29.00,0.024
TRACE 695121,28.90,28.50,0.470
TRACE 697041,28.94,28.00,0.516
TRACE 698955,28.98,28.00,0.517
TRACE 700851,29.02,28.00,0.517
TRACE 702754,29.05,28.50,0.472
TRACE 704682,29.09,29.00,0.027
TRACE 706535,29.13,29.00,0.027
TRACE 708381,29.16,29.00,-0.002
TRACE 710249,29.19,29.00,-0.032
TRACE 712100,29.23,29.00,-0.032
TRACE 713947,29.26,29.00,-0.032
TRACE 715809,29.29,29.00,-0.002
TRACE 717693,29.32,29.00,0.029
TRACE 719573,29.35,28.50,0.475
TRACE 721484,29.38,28.00,0.521
TRACE 723374,29.41,28.00,0.521
TRACE 725283,29.44,28.00,0.521
TRACE 727159,29.47,28.50,0.476
TRACE 729078,29.50,29.00,0.030
TRACE 730944,29.52,29.00,0.031
TRACE 732778,29.55,29.00,0.000
TRACE 734651,29.57,29.00,-0.030
TRACE 736499,29.60,29.00,-0.030
TRACE 738364,29.62,29.00,-0.030
TRACE 740219,29.64,29.00,0.000
TRACE 742073,29.66,29.00,0.031
TRACE 743949,29.69,29.00,0.031
TRACE 745799,29.71,28.50,0.476
TRACE 747712,29.73,28.00,0.522
TRACE 749612,29.75,28.00,0.522
TRACE 751526,29.77,28.00,0.521
TRACE 753417,29.78,28.50,0.476
TRACE 755350,29.80,29.00,0.030
TRACE 757191,29.82,29.00,0.030
TRACE 759034,29.83,29.00,-0.001
TRACE 760904,29.85,29.00,-0.031
TRACE 762763,29.86,29.00,-0.032
TRACE 764611,29.87,29.00,-0.032
TRACE 766451,29.89,29.00,-0.002
TRACE 768351,29.90,29.00,0.028
TRACE 770205,29.91,29.00,0.028
TRACE 772077,29.92,29.00,0.028
TRACE 773922,29.93,28.50,0.473
TRACE 775860,29.94,28.00,0.518
TRACE 777771,29.95,28.00,0.517
TRACE 779670,29.96,28.00,0.517
TRACE 781590,29.97,28.50,0.471
TRACE 783500,29.97,29.00,0.025
TRACE 785355,29.98,29.00,0.025
TRACE 787218,29.98,29.00,-0.006
TRACE 789086,29.99,29.00,-0.037
TRACE 790935,29.99,29.00,-0.038
TRACE 792780,29.99,29.00,-0.039
TRACE 794622,30.00,29.00,-0.009
TRACE 796483,30.00,29.00,0.021
TRACE 798352,30.00,29.00,0.021
TRACE 800213,30.00,28.50,0.476
TRACE 801916,30.00,28.00,0.522
TRACE 812260,30.00,29.00,0.030
TRACE 813924,30.00,29.00,0.030
TRACE 815584,30.00,29.00,0.030
TRACE 817250,30.00,29.00,0.030
TRACE 818898,30.00,29.00,0.030
TRACE 820553,30.00,29.00,0.010
TRACE 822207,30.00,29.00,-0.009
TRACE 823876,30.00,29.00,0.030
TRACE 825502,30.00,29.00,0.030
TRACE 827159,30.00,29.00,0.030
TRACE 828811,30.00,29.00,0.030
TRACE 830476,30.00,29.00,0.030
TRACE 832103,30.00,29.00,0.030
TRACE 833745,30.00,29.00,0.030
TRACE 835427,30.00,29.00,0.030
TRACE 837077,30.00,29.00,0.030
TRACE 838698,30.00,29.00,0.030
TRACE 840343,30.00,29.00,0.030
TRACE 841974,30.00,29.00,0.030
TRACE 843600,30.00,29.50,-0.020
TRACE 845236,30.00,30.00,-0.070
TRACE 846856,30.00,30.00,-0.070
TRACE 848492,30.00,30.00,-0.070
TRACE 850131,30.00,30.00,-0.070
TRACE 851764,30.00,30.00,-0.070
TRACE 853405,30.00,30.00,-0.070
TRACE 855027,30.00,30.00,-0.035
TRACE 856680,30.00,30.00,0.000
TRACE 858308,30.00,30.00,0.000
TRACE 859938,30.00,30.00,0.000
TRACE 861549,30.00,30.00,0.000
TRACE 863177,30.00,30.00,0.000
TRACE 864790,30.00,30.00,0.000
TRACE 866432,30.00,30.00,0.000
TRACE 868070,30.00,30.00,0.000
TRACE 869694,30.00,30.00,0.000
TRACE 871334,30.00,30.00,0.000
TRACE 872966,30.00,30.00,0.000
TRACE 874581,30.00,30.00,0.000
TRACE 876212,30.00,30.00,0.000
TRACE 877851,30.00,30.00,0.000
TRACE 879469,30.00,30.00,0.000
TRACE 881086,30.00,30.00,0.000
TRACE 882702,30.00,30.00,0.000
TRACE 884327,30.00,30.00,0.000
>>> 
HOST arm.nominal = 30
arm.nominal = 30
>>> 
HOST r = arm.move_to(0, "tuning_kfs040")
r = arm.move_to(0, "tuning_kfs040")
RESULT {"loops": 448, "overshoot": 0.0, "t_reach": 0.6137, "type": "move", "t_settle": 0.7805, "target": 0, "state": "done", "q": null, "tag": "tuning_kfs040", "err": -1.0, "err_rest": -1.0, "ok": true, "max_dt_us": 10543, "t_profile": 0.8, "start": 30.0, "max_track_err": 2.27}
>>> 
HOST arm_test.cmd_trace(arm, [])
arm_test.cmd_trace(arm, [])
TRACE t_us,ref_deg,pos_deg,duty
TRACE 916,30.00,30.00,-0.410
TRACE 2867,30.00,30.00,-0.411
TRACE 4714,30.00,30.00,-0.412
TRACE 6518,30.00,30.00,-0.412
TRACE 8332,29.99,30.00,-0.413
TRACE 10160,29.99,30.00,-0.414
TRACE 11974,29.99,30.00,-0.415
TRACE 13801,29.98,30.00,-0.416
TRACE 15605,29.98,30.00,-0.416
TRACE 17423,29.97,30.00,-0.417
TRACE 19235,29.96,30.00,-0.418
TRACE 21041,29.96,30.00,-0.419
TRACE 22841,29.95,30.00,-0.420
TRACE 24650,29.94,30.00,-0.421
TRACE 26445,29.93,30.00,-0.422
TRACE 28246,29.92,30.00,-0.423
TRACE 30047,29.91,30.00,-0.424
TRACE 31861,29.90,30.00,-0.425
TRACE 33666,29.89,30.00,-0.426
TRACE 35467,29.87,30.00,-0.427
TRACE 37294,29.86,30.00,-0.428
TRACE 39099,29.85,30.00,-0.429
TRACE 40882,29.83,30.00,-0.430
TRACE 42705,29.82,30.00,-0.431
TRACE 44495,29.80,30.00,-0.432
TRACE 46327,29.79,30.00,-0.433
TRACE 48106,29.77,30.00,-0.434
TRACE 49952,29.75,30.00,-0.435
TRACE 51757,29.73,30.00,-0.437
TRACE 53589,29.71,30.00,-0.438
TRACE 55390,29.69,30.00,-0.439
TRACE 57182,29.67,30.00,-0.440
TRACE 58986,29.65,30.00,-0.442
TRACE 60792,29.63,30.00,-0.443
TRACE 62600,29.61,30.00,-0.444
TRACE 64389,29.59,30.00,-0.446
TRACE 66176,29.56,30.00,-0.447
TRACE 67978,29.54,30.00,-0.448
TRACE 69785,29.51,30.00,-0.450
TRACE 71596,29.49,30.00,-0.451
TRACE 73394,29.46,30.00,-0.453
TRACE 75190,29.43,30.00,-0.454
TRACE 76998,29.41,30.00,-0.456
TRACE 78790,29.38,30.00,-0.457
TRACE 80592,29.35,30.00,-0.458
TRACE 82404,29.32,30.00,-0.460
TRACE 84202,29.29,30.00,-0.462
TRACE 86009,29.26,30.00,-0.463
TRACE 87812,29.23,30.00,-0.465
TRACE 89623,29.20,30.00,-0.466
TRACE 91417,29.16,30.00,-0.468
TRACE 93212,29.13,30.00,-0.470
TRACE 95005,29.10,30.00,-0.471
TRACE 96799,29.06,30.00,-0.473
TRACE 98603,29.03,30.00,-0.475
TRACE 100409,28.99,30.00,-0.476
TRACE 102223,28.96,30.00,-0.478
TRACE 104027,28.92,30.00,-0.480
TRACE 105805,28.88,30.00,-0.482
TRACE 107604,28.84,29.50,-0.437
TRACE 109396,28.80,29.50,-0.439
TRACE 111197,28.76,29.50,-0.440
TRACE 112997,28.72,29.50,-0.442
TRACE 114795,28.68,29.50,-0.444
TRACE 116608,28.64,29.50,-0.446
TRACE 118396,28.60,29.50,-0.448
TRACE 120195,28.56,29.50,-0.482
TRACE 121991,28.51,29.50,-0.484
TRACE 123791,28.47,29.50,-0.486
TRACE 125590,28.42,29.50,-0.488
TRACE 127390,28.38,29.50,-0.490
TRACE 129185,28.33,29.50,-0.492
TRACE 130982,28.28,29.50,-0.494
TRACE 132807,28.24,29.50,-0.496
TRACE 134592,28.19,29.50,-0.498
TRACE 136391,28.14,29.50,-0.500
TRACE 138179,28.09,29.50,-0.502
TRACE 139973,28.04,29.00,-0.457
TRACE 141763,27.99,29.00,-0.460
TRACE 143561,27.94,29.00,-0.462
TRACE 145344,27.89,29.00,-0.464
TRACE 147129,27.84,29.00,-0.466
TRACE 148930,27.78,29.00,-0.468
TRACE 150725,27.73,29.00,-0.471
TRACE 152523,27.67,29.00,-0.505
TRACE 154329,27.62,29.00,-0.507
TRACE 156112,27.56,29.00,-0.509
TRACE 157911,27.51,29.00,-0.512
TRACE 159698,27.45,29.00,-0.514
TRACE 161497,27.39,28.00,-0.423
TRACE 163288,27.33,28.00,-0.425
TRACE 165074,27.28,28.00,-0.427
TRACE 166852,27.22,27.00,0.464
TRACE 168640,27.16,27.00,0.462
TRACE 170417,27.10,27.00,0.459
TRACE 172212,27.03,27.00,0.457
TRACE 173995,26.97,27.00,-0.409
TRACE 175790,26.91,26.50,0.435
TRACE 177565,26.85,26.50,0.433
TRACE 179340,26.78,26.50,-0.434
TRACE 181139,26.72,27.00,-0.484
TRACE 182923,26.65,27.00,-0.486
TRACE 184687,26.59,27.00,-0.489
TRACE 186489,26.52,27.00,-0.491
TRACE 188284,26.45,27.00,-0.526
TRACE 190072,26.39,26.50,-0.482
TRACE 191872,26.32,26.00,-0.438
TRACE 193646,26.25,26.00,-0.408
TRACE 204145,25.83,25.00,0.417
TRACE 205934,25.76,25.00,0.414
TRACE 207709,25.69,25.00,0.411
TRACE 209488,25.61,25.00,0.408
TRACE 211276,25.54,25.00,-0.413
TRACE 213081,25.46,25.00,-0.435
TRACE 214876,25.38,25.00,-0.438
TRACE 216668,25.31,25.00,-0.479
TRACE 218466,25.23,25.00,-0.482
TRACE 220266,25.15,25.00,-0.485
TRACE 222071,25.07,25.00,-0.488
TRACE 223848,24.99,25.00,-0.491
TRACE 225643,24.91,25.00,-0.494
TRACE 227451,24.83,25.00,-0.497
TRACE 229209,24.75,25.00,-0.500
TRACE 230986,24.66,25.00,-0.503
TRACE 232784,24.58,24.50,-0.459
TRACE 234602,24.50,24.00,-0.416
TRACE 236403,24.41,24.00,-0.419
TRACE 238190,24.33,24.00,-0.422
TRACE 240020,24.24,24.00,-0.426
TRACE 241829,24.15,24.00,-0.429
TRACE 243642,24.06,23.50,0.414
TRACE 245443,23.98,23.00,0.426
TRACE 247222,23.89,23.00,-0.409
TRACE 249045,23.80,23.00,-0.412
TRACE 250826,23.71,23.00,-0.416
TRACE 252657,23.62,23.00,-0.419
TRACE 254444,23.53,23.00,-0.422
TRACE 256245,23.43,23.00,-0.457
TRACE 258053,23.34,23.00,-0.493
TRACE 259842,23.25,23.00,-0.496
TRACE 261626,23.16,22.00,-0.406
TRACE 263389,23.06,22.00,-0.409
TRACE 265174,22.97,22.00,-0.413
TRACE 266946,22.87,22.00,-0.416
TRACE 268733,22.78,22.00,-0.419
TRACE 270512,22.68,21.00,0.472
TRACE 272302,22.59,21.00,0.468
TRACE 274079,22.49,21.00,0.400
TRACE 275871,22.39,21.00,-0.404
TRACE 277662,22.29,21.00,-0.407
TRACE 279450,22.19,21.00,-0.411
TRACE 281231,22.09,21.00,-0.415
TRACE 283004,21.99,21.00,-0.482
TRACE 284803,21.89,21.00,-0.486
TRACE 286595,21.79,21.00,-0.490
TRACE 288370,21.68,20.50,-0.446
TRACE 290155,21.58,20.00,-0.403
TRACE 291957,21.48,20.00,-0.407
TRACE 293746,21.37,19.50,0.436
TRACE 295529,21.27,19.00,0.479
TRACE 297312,21.16,19.00,0.476
TRACE 299082,21.05,19.00,0.472
TRACE 300886,20.95,19.00,0.446
TRACE 302700,20.84,19.00,0.411
TRACE 304533,20.73,19.00,0.407
TRACE 306363,20.62,20.00,-0.521
TRACE 308181,20.51,20.00,-0.556
TRACE 310009,20.40,20.00,-0.559
TRACE 311847,20.29,20.00,-0.562
TRACE 313675,20.18,20.00,-0.565
TRACE 315482,20.07,20.00,-0.568
TRACE 317286,19.96,20.00,-0.572
TRACE 319114,19.85,20.00,-0.512
TRACE 320949,19.74,19.50,-0.469
TRACE 322783,19.63,19.00,-0.426
TRACE 324612,19.52,19.00,-0.430
TRACE 326430,19.41,19.00,-0.433
TRACE 328253,19.30,18.50,0.410
TRACE 330064,19.20,18.00,0.453
TRACE 331860,19.09,18.00,0.450
TRACE 333676,18.98,18.00,0.416
TRACE 335475,18.87,18.00,-0.419
TRACE 337294,18.76,18.00,-0.422
TRACE 339110,18.65,18.00,-0.425
TRACE 340922,18.54,18.00,-0.460
TRACE 342752,18.43,18.00,-0.495
TRACE 344577,18.33,18.00,-0.498
TRACE 346406,18.22,18.00,-0.502
TRACE 348229,18.11,18.00,-0.505
TRACE 350068,18.00,18.00,-0.508
TRACE 351890,17.89,18.00,-0.511
TRACE 353706,17.78,17.50,-0.468
TRACE 355523,17.67,17.00,-0.425
TRACE 357345,17.56,17.00,-0.429
TRACE 359178,17.45,17.00,-0.432
TRACE 361003,17.34,17.00,-0.435
TRACE 362834,17.23,16.00,0.454
TRACE 364626,17.12,16.00,0.451
TRACE 366432,17.01,16.00,0.417
TRACE 368243,16.91,16.00,-0.418
TRACE 370064,16.80,16.00,-0.421
TRACE 371886,16.69,16.00,-0.424
TRACE 373719,16.58,16.00,-0.428
TRACE 375540,16.47,16.00,-0.494
TRACE 377367,16.36,15.50,-0.451
TRACE 379195,16.25,15.00,-0.408
TRACE 381004,16.14,15.00,-0.411
TRACE 382836,16.03,15.00,-0.414
TRACE 384675,15.92,15.00,-0.418
TRACE 386482,15.81,14.00,0.472
TRACE 388294,15.70,14.00,0.469
TRACE 390103,15.59,14.00,0.434
TRACE 391919,15.48,14.00,-0.401
TRACE 393749,15.38,14.00,-0.404
TRACE 404181,14.75,13.00,0.419
TRACE 406027,14.64,13.00,0.416
TRACE 407846,14.53,13.00,-0.425
TRACE 409678,14.42,12.50,0.406
TRACE 411493,14.31,12.50,0.402
TRACE 413308,14.20,12.50,-0.401
TRACE 415126,14.09,13.00,-0.438
TRACE 416968,13.98,13.00,-0.479
TRACE 418805,13.87,13.00,-0.482
TRACE 420629,13.76,12.50,-0.439
TRACE 422452,13.65,12.00,-0.427
TRACE 424292,13.54,12.00,-0.430
TRACE 426082,13.44,12.00,-0.434
TRACE 427923,13.32,11.50,0.441
TRACE 429741,13.22,11.00,0.484
TRACE 431549,13.11,11.00,0.481
TRACE 433353,13.00,11.00,0.446
TRACE 435169,12.89,11.00,0.412
TRACE 436976,12.78,11.00,0.409
TRACE 438777,12.67,11.00,0.405
TRACE 440620,12.56,12.00,-0.523
TRACE 442448,12.45,12.00,-0.557
TRACE 444310,12.34,12.00,-0.560
TRACE 446151,12.23,12.00,-0.564
TRACE 447997,12.12,12.00,-0.567
TRACE 449861,12.01,12.00,-0.570
TRACE 451667,11.90,12.00,-0.573
TRACE 453556,11.79,11.00,-0.423
TRACE 455369,11.68,11.00,-0.426
TRACE 457217,11.57,11.00,-0.429
TRACE 459038,11.46,10.50,0.414
TRACE 460871,11.35,10.00,0.457
TRACE 462682,11.24,10.00,0.454
TRACE 464493,11.13,10.00,0.451
TRACE 466308,11.02,9.50,0.432
TRACE 468115,10.91,9.50,0.429
TRACE 469927,10.80,10.00,-0.421
TRACE 471763,10.69,10.00,-0.456
TRACE 473577,10.59,10.00,-0.490
TRACE 475406,10.48,10.00,-0.494
TRACE 477230,10.37,10.00,-0.497
TRACE 479057,10.26,10.00,-0.532
TRACE 480884,10.15,10.00,-0.535
TRACE 482708,10.04,10.00,-0.507
TRACE 484547,9.93,9.50,-0.464
TRACE 486384,9.82,9.00,-0.421
TRACE 488203,9.71,9.00,-0.424
TRACE 490050,9.60,9.00,-0.428
TRACE 491890,9.49,9.00,-0.431
TRACE 493716,9.38,9.00,-0.434
TRACE 495527,9.27,8.00,0.455
TRACE 497355,9.16,8.00,0.420
TRACE 499172,9.05,8.00,-0.414
TRACE 500995,8.94,8.00,-0.407
TRACE 502876,8.83,7.50,0.436
TRACE 504759,8.72,7.50,0.433
TRACE 506631,8.61,7.00,0.476
TRACE 508514,8.50,7.00,0.412
TRACE 510404,8.39,7.50,-0.437
TRACE 512308,8.28,8.00,-0.485
TRACE 514207,8.17,8.00,-0.488
TRACE 516084,8.06,8.00,-0.521
TRACE 517976,7.95,8.00,-0.523
TRACE 519887,7.85,8.00,-0.556
TRACE 521782,7.74,8.00,-0.558
TRACE 523675,7.64,7.00,-0.440
TRACE 525558,7.53,7.00,-0.412
TRACE 527458,7.43,7.00,-0.415
TRACE 529343,7.33,7.00,-0.417
TRACE 531217,7.22,6.50,0.426
TRACE 533082,7.12,6.00,0.469
TRACE 534987,7.02,6.00,0.466
TRACE 536890,6.92,6.00,0.403
TRACE 538775,6.82,6.00,0.401
TRACE 540650,6.73,6.00,-0.401
TRACE 542547,6.63,6.00,-0.403
TRACE 544432,6.53,6.00,-0.436
TRACE 546312,6.44,6.50,-0.513
TRACE 548221,6.34,7.00,-0.561
TRACE 550119,6.24,7.00,-0.563
TRACE 551994,6.15,7.00,-0.565
TRACE 553894,6.06,6.50,-0.522
TRACE 555812,5.96,6.00,-0.479
TRACE 557716,5.87,6.00,-0.481
TRACE 559607,5.78,6.00,-0.453
TRACE 561496,5.69,6.00,-0.425
TRACE 563395,5.60,6.00,-0.427
TRACE 565286,5.51,6.00,-0.429
TRACE 567177,5.42,5.50,-0.416
TRACE 569056,5.33,5.00,-0.403
TRACE 570960,5.25,5.00,-0.405
TRACE 572881,5.16,5.00,-0.407
TRACE 574776,5.07,4.50,0.436
TRACE 576647,4.99,4.00,0.480
TRACE 578525,4.91,4.00,0.478
TRACE 580401,4.82,4.00,0.446
TRACE 582288,4.74,4.00,0.414
TRACE 584179,4.66,4.00,0.413
TRACE 586071,4.58,4.00,0.411
TRACE 587951,4.50,4.00,-0.421
TRACE 589852,4.42,4.00,-0.453
TRACE 600395,3.98,4.00,-0.462
TRACE 602298,3.91,4.00,-0.464
TRACE 604188,3.83,3.00,0.401
TRACE 606081,3.76,3.00,-0.400
TRACE 607984,3.69,3.00,-0.402
TRACE 609880,3.61,3.00,-0.404
TRACE 611794,3.54,3.00,-0.405
TRACE 613662,3.47,2.00,0.508
TRACE 615581,3.40,2.00,0.506
TRACE 617497,3.33,2.00,0.444
TRACE 619408,3.26,2.00,0.443
TRACE 621335,3.19,2.00,0.441
TRACE 623244,3.12,2.00,0.440
TRACE 625143,3.06,2.00,0.439
TRACE 627060,2.99,2.00,-0.423
TRACE 629045,2.92,2.00,-0.424
TRACE 630984,2.86,2.00,-0.425
TRACE 632909,2.79,2.00,-0.426
TRACE 634913,2.73,2.00,-0.428
TRACE 636829,2.66,1.50,0.416
TRACE 638795,2.60,1.00,0.059
TRACE 640646,2.54,1.00,0.058
TRACE 642534,2.48,1.00,0.057
TRACE 644383,2.42,1.00,0.056
TRACE 646270,2.36,1.00,0.055
TRACE 648116,2.31,1.00,0.055
TRACE 650023,2.25,1.50,-0.422
TRACE 651983,2.19,2.00,-0.498
TRACE 653900,2.13,2.00,-0.499
TRACE 655828,2.08,2.00,-0.500
TRACE 657765,2.02,2.00,-0.500
TRACE 659686,1.97,1.50,-0.456
TRACE 661624,1.91,1.00,-0.012
TRACE 663484,1.86,1.00,0.016
TRACE 665371,1.81,1.00,0.046
TRACE 667215,1.76,1.00,0.045
TRACE 669079,1.71,1.00,0.045
TRACE 670921,1.67,1.00,0.044
TRACE 672794,1.62,1.00,0.013
TRACE 674667,1.57,1.00,-0.018
TRACE 676548,1.52,1.00,-0.019
TRACE 678407,1.48,1.00,-0.019
TRACE 680273,1.43,1.50,-0.466
TRACE 682229,1.39,2.00,-0.512
TRACE 684149,1.34,2.00,-0.512
TRACE 686079,1.30,2.00,-0.512
TRACE 687997,1.25,1.50,-0.468
TRACE 689922,1.21,1.00,-0.023
TRACE 691825,1.17,1.00,-0.024
TRACE 693686,1.13,1.00,0.005
TRACE 695535,1.09,1.00,0.035
TRACE 697392,1.05,1.00,0.035
TRACE 699265,1.01,1.00,0.035
TRACE 701106,0.98,1.00,0.004
TRACE 702979,0.94,1.00,-0.027
TRACE 704844,0.91,1.00,-0.027
TRACE 706706,0.87,1.50,-0.473
TRACE 708621,0.84,2.00,-0.519
TRACE 710555,0.80,2.00,-0.519
TRACE 712480,0.77,2.00,-0.519
TRACE 714406,0.73,1.50,-0.474
TRACE 716335,0.70,1.00,-0.029
TRACE 718204,0.67,1.00,-0.029
TRACE 720097,0.64,1.00,0.000
TRACE 721969,0.61,1.00,0.030
TRACE 723814,0.58,1.00,0.030
TRACE 725663,0.55,1.00,0.031
TRACE 727530,0.53,1.00,0.000
TRACE 729405,0.50,1.00,-0.030
TRACE 731286,0.47,1.00,-0.031
TRACE 733158,0.45,1.50,-0.476
TRACE 735095,0.42,2.00,-0.522
TRACE 737010,0.40,2.00,-0.521
TRACE 738928,0.37,2.00,-0.521
TRACE 740850,0.35,1.50,-0.476
TRACE 742811,0.33,1.00,-0.031
TRACE 744687,0.31,1.00,-0.031
TRACE 746557,0.29,1.00,-0.001
TRACE 748451,0.27,1.00,0.029
TRACE 750299,0.25,1.00,0.030
TRACE 752167,0.23,1.00,0.030
TRACE 754028,0.21,1.00,0.000
TRACE 755898,0.19,1.00,-0.030
TRACE 757798,0.18,1.00,-0.030
TRACE 759662,0.16,1.50,-0.475
TRACE 761598,0.15,2.00,-0.520
TRACE 763508,0.13,2.00,-0.520
TRACE 765422,0.12,2.00,-0.519
TRACE 767357,0.11,1.50,-0.474
TRACE 769311,0.09,1.00,-0.028
TRACE 771199,0.08,1.00,-0.028
TRACE 773075,0.07,1.00,0.002
TRACE 774921,0.06,1.00,0.033
TRACE 776776,0.05,1.00,0.034
TRACE 778631,0.05,1.00,0.034
TRACE 780505,0.04,1.00,0.005
TRACE 791042,0.01,2.00,-0.490
TRACE 792983,0.00,2.00,-0.489
TRACE 794923,0.00,2.00,-0.488
TRACE 796876,0.00,2.00,-0.488
TRACE 798823,0.00,1.50,-0.454
TRACE 800764,0.00,1.00,-0.030
TRACE 802455,0.00,1.00,-0.030
TRACE 804106,0.00,1.00,0.031
TRACE 805754,0.00,1.00,0.033
TRACE 807380,0.00,1.00,0.034
TRACE 809003,0.00,1.00,0.036
TRACE 810629,0.00,1.00,0.004
TRACE 812258,0.00,1.00,-0.030
TRACE 813901,0.00,1.00,-0.030
TRACE 815541,0.00,1.00,-0.030
TRACE 817174,0.00,1.00,-0.030
TRACE 818827,0.00,1.00,-0.030
TRACE 820463,0.00,1.00,-0.030
TRACE 822082,0.00,1.00,-0.030
TRACE 823728,0.00,1.00,-0.030
TRACE 825379,0.00,1.00,-0.030
TRACE 827012,0.00,1.00,-0.030
TRACE 828655,0.00,1.00,-0.030
TRACE 830282,0.00,1.00,-0.030
TRACE 831929,0.00,1.00,-0.030
TRACE 833565,0.00,1.00,-0.030
TRACE 835202,0.00,1.00,-0.030
TRACE 836839,0.00,1.00,-0.030
TRACE 838451,0.00,1.00,-0.030
TRACE 840084,0.00,1.00,-0.030
TRACE 841734,0.00,1.00,-0.030
TRACE 843358,0.00,1.00,-0.030
TRACE 845014,0.00,1.00,-0.030
TRACE 846669,0.00,1.00,-0.030
TRACE 848303,0.00,1.00,-0.030
TRACE 849979,0.00,1.00,-0.030
TRACE 851596,0.00,1.00,-0.030
>>> 
HOST arm.nominal = 0
arm.nominal = 0
>>> 
HOST r = arm.move_to(-30, "tuning_kfs040")
r = arm.move_to(-30, "tuning_kfs040")
RESULT {"loops": 589, "overshoot": 0.0, "t_reach": 0.6097, "type": "move", "t_settle": 1.0221, "target": -30, "state": "done", "q": null, "tag": "tuning_kfs040", "err": 0.0, "err_rest": 0.0, "ok": true, "max_dt_us": 10539, "t_profile": 0.8167, "start": 1.0, "max_track_err": 2.28}
>>> 
HOST arm_test.cmd_trace(arm, [])
arm_test.cmd_trace(arm, [])
TRACE t_us,ref_deg,pos_deg,duty
TRACE 915,1.00,1.00,-0.410
TRACE 2876,1.00,1.00,-0.411
TRACE 4713,1.00,1.00,-0.412
TRACE 6522,1.00,1.00,-0.412
TRACE 8336,0.99,1.00,-0.413
TRACE 10177,0.99,1.00,-0.414
TRACE 11988,0.99,0.00,0.488
TRACE 13760,0.98,0.00,0.477
TRACE 15515,0.98,0.00,0.477
TRACE 17262,0.97,0.00,0.477
TRACE 19007,0.96,0.00,0.476
TRACE 20747,0.96,0.00,0.476
TRACE 22478,0.95,0.00,0.475
TRACE 24234,0.94,0.00,0.410
TRACE 25985,0.93,0.00,0.409
TRACE 27721,0.92,0.50,-0.440
TRACE 29477,0.91,1.00,-0.489
TRACE 31253,0.90,1.00,-0.490
TRACE 33070,0.89,1.00,-0.490
TRACE 34862,0.88,1.00,-0.491
TRACE 36641,0.87,0.50,-0.444
TRACE 38456,0.85,0.00,0.402
TRACE 40190,0.84,0.00,0.433
TRACE 41932,0.82,0.00,0.464
TRACE 43680,0.81,-0.50,0.510
TRACE 45446,0.79,-0.50,0.509
TRACE 47255,0.78,0.00,0.461
TRACE 48990,0.76,0.00,0.428
TRACE 50756,0.74,0.00,-0.406
TRACE 52507,0.72,0.00,-0.407
TRACE 54284,0.71,0.50,-0.456
TRACE 56067,0.69,0.50,-0.489
TRACE 57828,0.67,0.50,-0.490
TRACE 59580,0.65,0.00,-0.412
TRACE 61335,0.62,0.00,-0.413
TRACE 63082,0.60,0.00,-0.415
TRACE 64837,0.58,0.00,-0.416
TRACE 66623,0.56,-1.00,0.510
TRACE 68402,0.53,-1.00,0.509
TRACE 70182,0.51,-1.00,0.507
TRACE 71971,0.48,-1.00,0.473
TRACE 73715,0.46,-1.00,0.472
TRACE 75472,0.43,-1.00,0.470
TRACE 77237,0.40,-1.00,0.469
TRACE 79008,0.38,0.00,-0.492
TRACE 80758,0.35,0.00,-0.493
TRACE 82516,0.32,0.00,-0.495
TRACE 84284,0.29,0.50,-0.544
TRACE 86047,0.26,0.50,-0.545
TRACE 87814,0.23,0.50,-0.547
TRACE 89579,0.20,0.00,-0.501
TRACE 91343,0.17,0.00,-0.438
TRACE 93096,0.13,0.00,-0.440
TRACE 94846,0.10,-0.50,0.406
TRACE 96599,0.07,-1.00,0.485
TRACE 98367,0.03,-1.00,0.483
TRACE 100117,-0.00,-1.00,0.481
TRACE 101899,-0.04,-1.00,0.447
TRACE 103679,-0.07,-1.00,0.445
TRACE 105450,-0.11,-1.00,0.443
TRACE 107253,-0.15,-0.50,-0.438
TRACE 109015,-0.19,0.00,-0.519
TRACE 110781,-0.23,0.00,-0.521
TRACE 112540,-0.27,0.00,-0.523
TRACE 114284,-0.31,0.00,-0.525
TRACE 116047,-0.35,0.00,-0.527
TRACE 117805,-0.39,0.00,-0.529
TRACE 119562,-0.43,0.00,-0.498
TRACE 121318,-0.47,0.00,-0.468
TRACE 123068,-0.51,-0.50,-0.422
TRACE 124836,-0.56,-1.00,0.423
TRACE 126605,-0.60,-1.00,0.421
TRACE 128394,-0.65,-1.00,0.419
TRACE 130156,-0.69,-1.00,0.417
TRACE 131926,-0.74,-1.00,0.415
TRACE 133702,-0.79,-1.00,0.413
TRACE 135475,-0.84,-1.00,-0.422
TRACE 137265,-0.88,-1.00,-0.456
TRACE 139058,-0.93,-1.00,-0.458
TRACE 140822,-0.98,-1.00,-0.460
TRACE 142612,-1.03,-1.00,-0.462
TRACE 144388,-1.08,-1.00,-0.465
TRACE 146171,-1.14,-1.00,-0.467
TRACE 147955,-1.19,-1.00,-0.469
TRACE 149739,-1.24,-1.00,-0.471
TRACE 151513,-1.30,-1.00,-0.473
TRACE 153308,-1.35,-1.00,-0.476
TRACE 155099,-1.41,-1.50,-0.431
TRACE 156882,-1.46,-2.00,0.414
TRACE 158650,-1.52,-2.00,0.411
TRACE 160425,-1.57,-2.00,0.409
TRACE 162207,-1.63,-2.50,0.454
TRACE 164002,-1.69,-2.50,0.451
TRACE 165768,-1.75,-2.00,0.402
TRACE 167542,-1.81,-2.00,-0.432
TRACE 169315,-1.87,-2.00,-0.467
TRACE 171111,-1.93,-2.00,-0.469
TRACE 172899,-1.99,-2.00,-0.472
TRACE 174709,-2.05,-1.50,-0.553
TRACE 176498,-2.12,-1.50,-0.556
TRACE 178305,-2.18,-2.00,-0.480
TRACE 180098,-2.24,-2.00,-0.482
TRACE 181893,-2.31,-2.00,-0.485
TRACE 183657,-2.37,-2.00,-0.487
TRACE 185456,-2.44,-2.00,-0.490
TRACE 187229,-2.51,-2.50,-0.414
TRACE 189025,-2.57,-3.00,0.431
TRACE 190805,-2.64,-3.00,-0.404
TRACE 192591,-2.71,-3.00,-0.407
TRACE 194382,-2.78,-3.00,-0.409
TRACE 196162,-2.85,-4.00,0.482
TRACE 206584,-3.27,-5.00,0.481
TRACE 208376,-3.34,-5.00,0.459
TRACE 210154,-3.42,-5.00,0.438
TRACE 211937,-3.49,-5.00,0.435
TRACE 213724,-3.57,-5.00,0.432
TRACE 215521,-3.64,-5.00,0.429
TRACE 217297,-3.72,-5.00,-0.412
TRACE 219123,-3.80,-5.00,-0.453
TRACE 220927,-3.88,-5.00,-0.456
TRACE 222719,-3.96,-5.00,-0.459
TRACE 224486,-4.04,-5.00,-0.462
TRACE 226295,-4.12,-5.00,-0.465
TRACE 228064,-4.20,-5.00,-0.468
TRACE 229878,-4.28,-5.00,-0.471
TRACE 231669,-4.37,-5.00,-0.474
TRACE 233446,-4.45,-6.00,0.416
TRACE 235214,-4.53,-6.00,0.413
TRACE 236991,-4.62,-6.00,0.410
TRACE 238772,-4.70,-6.00,0.407
TRACE 240548,-4.79,-6.00,0.404
TRACE 242306,-4.87,-6.00,0.401
TRACE 244125,-4.96,-6.00,-0.402
TRACE 245902,-5.05,-6.00,-0.470
TRACE 247732,-5.14,-6.00,-0.473
TRACE 249517,-5.23,-6.00,-0.477
TRACE 251321,-5.32,-6.50,-0.433
TRACE 253109,-5.41,-7.00,0.410
TRACE 254892,-5.50,-7.00,0.407
TRACE 256679,-5.59,-7.00,0.404
TRACE 258453,-5.68,-7.00,0.400
TRACE 260260,-5.77,-7.00,-0.403
TRACE 262021,-5.87,-7.00,-0.406
TRACE 263800,-5.96,-7.00,-0.442
TRACE 265588,-6.05,-7.00,-0.477
TRACE 267382,-6.15,-7.00,-0.481
TRACE 269166,-6.25,-7.00,-0.484
TRACE 270964,-6.34,-7.00,-0.488
TRACE 272746,-6.44,-7.00,-0.491
TRACE 274535,-6.54,-7.00,-0.495
TRACE 276309,-6.63,-7.00,-0.499
TRACE 278101,-6.73,-7.00,-0.502
TRACE 279894,-6.83,-7.00,-0.506
TRACE 281685,-6.93,-7.00,-0.509
TRACE 283485,-7.04,-7.50,-0.466
TRACE 285264,-7.14,-8.00,-0.423
TRACE 287080,-7.24,-8.00,-0.427
TRACE 288855,-7.34,-8.00,-0.431
TRACE 290631,-7.45,-8.50,0.413
TRACE 292417,-7.55,-9.00,0.456
TRACE 294208,-7.66,-9.00,0.452
TRACE 295983,-7.76,-9.00,0.417
TRACE 297755,-7.87,-9.00,-0.419
TRACE 299540,-7.97,-9.00,-0.423
TRACE 301330,-8.08,-9.00,-0.416
TRACE 303157,-8.19,-9.00,-0.452
TRACE 304996,-8.30,-9.00,-0.487
TRACE 306828,-8.41,-9.00,-0.490
TRACE 308636,-8.52,-9.00,-0.494
TRACE 310474,-8.63,-9.00,-0.497
TRACE 312295,-8.74,-9.00,-0.500
TRACE 314117,-8.85,-10.00,-0.411
TRACE 315928,-8.96,-10.00,-0.414
TRACE 317761,-9.07,-10.00,-0.417
TRACE 319579,-9.17,-11.00,0.472
TRACE 321392,-9.28,-11.00,0.469
TRACE 323199,-9.39,-11.00,0.466
TRACE 325014,-9.50,-11.00,0.463
TRACE 326809,-9.61,-11.00,-0.403
TRACE 328629,-9.72,-11.00,-0.407
TRACE 330477,-9.83,-11.00,-0.410
TRACE 332294,-9.94,-11.00,-0.476
TRACE 334108,-10.05,-11.50,-0.433
TRACE 335925,-10.16,-12.00,0.410
TRACE 337746,-10.26,-12.00,0.407
TRACE 339556,-10.37,-12.00,0.404
TRACE 341384,-10.48,-12.00,0.400
TRACE 343197,-10.59,-12.00,-0.403
TRACE 345005,-10.70,-12.00,-0.406
TRACE 346819,-10.81,-12.00,-0.441
TRACE 348643,-10.92,-12.00,-0.476
TRACE 350466,-11.03,-12.00,-0.479
TRACE 352285,-11.14,-12.00,-0.482
TRACE 354123,-11.25,-12.00,-0.485
TRACE 355952,-11.36,-12.00,-0.489
TRACE 357780,-11.47,-12.00,-0.492
TRACE 359601,-11.58,-12.00,-0.495
TRACE 361449,-11.69,-12.00,-0.499
TRACE 363278,-11.80,-12.00,-0.502
TRACE 365097,-11.91,-13.00,-0.413
TRACE 366931,-12.02,-13.00,-0.416
TRACE 368744,-12.12,-13.00,-0.419
TRACE 370568,-12.23,-13.00,-0.422
TRACE 372408,-12.34,-14.00,0.467
TRACE 374221,-12.45,-14.00,0.464
TRACE 376023,-12.56,-14.00,0.461
TRACE 377831,-12.67,-14.00,-0.405
TRACE 379661,-12.78,-14.00,-0.409
TRACE 381493,-12.89,-14.50,0.434
TRACE 383291,-13.00,-14.50,0.431
TRACE 385106,-13.11,-15.00,0.412
TRACE 386917,-13.22,-15.00,0.409
TRACE 388720,-13.32,-15.00,0.405
TRACE 390525,-13.43,-15.00,0.402
TRACE 392333,-13.54,-15.00,-0.401
TRACE 394174,-13.65,-15.00,-0.436
TRACE 396010,-13.76,-15.00,-0.439
TRACE 397823,-13.87,-15.00,-0.474
TRACE 408303,-14.50,-16.00,-0.426
TRACE 410143,-14.61,-16.00,-0.429
TRACE 411975,-14.72,-16.00,-0.432
TRACE 413800,-14.83,-17.00,0.432
TRACE 415654,-14.94,-17.00,0.428
TRACE 417473,-15.05,-17.00,0.425
TRACE 419295,-15.16,-17.00,0.422
TRACE 421138,-15.27,-17.00,0.406
TRACE 422956,-15.38,-17.00,0.403
TRACE 424785,-15.49,-17.00,-0.400
TRACE 426607,-15.60,-17.00,-0.466
TRACE 428434,-15.71,-17.00,-0.469
TRACE 430266,-15.82,-17.00,-0.472
TRACE 432088,-15.93,-16.50,-0.522
TRACE 433920,-16.04,-17.00,-0.479
TRACE 435747,-16.14,-17.00,-0.482
TRACE 437567,-16.25,-17.00,-0.486
TRACE 439386,-16.36,-17.00,-0.489
TRACE 441215,-16.47,-17.00,-0.492
TRACE 443026,-16.58,-17.00,-0.495
TRACE 444884,-16.69,-17.00,-0.468
TRACE 446706,-16.80,-18.00,-0.410
TRACE 448575,-16.91,-18.00,-0.413
TRACE 450384,-17.02,-18.00,-0.416
TRACE 452249,-17.13,-19.00,0.472
TRACE 454081,-17.24,-19.00,0.469
TRACE 455915,-17.35,-19.00,0.465
TRACE 457740,-17.46,-19.00,0.463
TRACE 459561,-17.57,-19.50,0.443
TRACE 461397,-17.68,-19.50,0.440
TRACE 463212,-17.79,-19.50,0.437
TRACE 465045,-17.90,-19.50,-0.429
TRACE 466863,-18.01,-19.00,-0.478
TRACE 468675,-18.12,-19.00,-0.482
TRACE 470501,-18.23,-19.50,-0.439
TRACE 472336,-18.34,-20.00,-0.427
TRACE 474157,-18.45,-20.00,-0.430
TRACE 475983,-18.56,-20.00,-0.433
TRACE 477801,-18.67,-20.50,0.410
TRACE 479622,-18.78,-21.00,0.484
TRACE 481433,-18.89,-21.00,0.481
TRACE 483248,-18.99,-21.00,0.446
TRACE 485062,-19.10,-21.00,0.412
TRACE 486864,-19.21,-21.00,0.409
TRACE 488678,-19.32,-21.00,0.405
TRACE 490499,-19.43,-20.50,-0.476
TRACE 492321,-19.54,-20.00,-0.557
TRACE 494137,-19.65,-20.00,-0.560
TRACE 495956,-19.76,-20.00,-0.564
TRACE 497765,-19.87,-20.00,-0.567
TRACE 499586,-19.98,-20.00,-0.570
TRACE 501425,-20.09,-20.00,-0.573
TRACE 503264,-20.20,-20.00,-0.545
TRACE 505074,-20.30,-20.00,-0.517
TRACE 506888,-20.41,-21.00,-0.428
TRACE 508739,-20.52,-21.00,-0.431
TRACE 510565,-20.63,-21.00,-0.435
TRACE 512397,-20.74,-21.00,-0.438
TRACE 514257,-20.86,-22.00,0.451
TRACE 516060,-20.96,-22.00,0.448
TRACE 517878,-21.07,-22.50,0.501
TRACE 519727,-21.18,-23.00,0.482
TRACE 521610,-21.29,-23.00,0.479
TRACE 523485,-21.40,-23.00,0.476
TRACE 525353,-21.51,-23.00,0.473
TRACE 527265,-21.62,-22.00,-0.483
TRACE 529158,-21.73,-22.00,-0.486
TRACE 531042,-21.84,-22.00,-0.518
TRACE 532941,-21.95,-22.00,-0.551
TRACE 534832,-22.06,-22.00,-0.554
TRACE 536747,-22.16,-22.00,-0.556
TRACE 538633,-22.27,-22.00,-0.558
TRACE 540538,-22.38,-22.00,-0.501
TRACE 542431,-22.48,-22.00,-0.503
TRACE 544332,-22.58,-22.00,-0.506
TRACE 546236,-22.69,-22.00,-0.508
TRACE 548146,-22.79,-23.00,-0.420
TRACE 550042,-22.89,-23.00,-0.423
TRACE 551947,-22.99,-23.00,-0.425
TRACE 553869,-23.09,-23.50,0.418
TRACE 555725,-23.19,-24.00,0.461
TRACE 557590,-23.29,-24.00,0.459
TRACE 559466,-23.38,-24.00,0.457
TRACE 561340,-23.48,-24.00,-0.406
TRACE 563230,-23.58,-24.00,-0.408
TRACE 565132,-23.67,-24.00,-0.410
TRACE 567011,-23.77,-24.50,0.403
TRACE 568895,-23.86,-25.00,0.416
TRACE 570785,-23.95,-25.00,0.413
TRACE 572690,-24.05,-25.00,0.411
TRACE 574572,-24.14,-25.00,0.409
TRACE 576442,-24.23,-25.00,0.407
TRACE 578337,-24.32,-25.00,0.405
TRACE 580218,-24.41,-25.00,-0.427
TRACE 582123,-24.50,-25.00,-0.459
TRACE 584027,-24.59,-25.00,-0.461
TRACE 585916,-24.68,-25.00,-0.463
TRACE 587810,-24.76,-25.00,-0.465
TRACE 589714,-24.85,-25.00,-0.467
TRACE 591596,-24.93,-25.00,-0.469
TRACE 593484,-25.02,-25.50,-0.426
TRACE 604023,-25.48,-27.00,0.452
TRACE 605929,-25.56,-27.00,0.450
TRACE 607821,-25.64,-27.50,0.482
TRACE 609688,-25.72,-28.00,0.514
TRACE 611623,-25.80,-28.00,0.512
TRACE 613519,-25.87,-28.00,0.510
TRACE 615456,-25.95,-28.00,0.490
TRACE 617353,-26.03,-27.50,0.412
TRACE 619232,-26.10,-27.00,-0.434
TRACE 621121,-26.18,-27.00,-0.466
TRACE 623005,-26.25,-27.00,-0.497
TRACE 624886,-26.32,-27.00,-0.499
TRACE 626799,-26.40,-27.00,-0.500
TRACE 628707,-26.47,-27.00,-0.502
TRACE 630621,-26.54,-27.00,-0.473
TRACE 632511,-26.61,-27.00,-0.445
TRACE 634401,-26.68,-27.00,-0.446
TRACE 636289,-26.75,-27.00,-0.447
TRACE 638234,-26.82,-27.00,-0.449
TRACE 640136,-26.88,-27.00,-0.450
TRACE 642049,-26.95,-28.00,0.439
TRACE 643978,-27.02,-28.00,0.437
TRACE 645901,-27.08,-28.00,0.436
TRACE 647829,-27.15,-28.00,0.434
TRACE 649747,-27.21,-28.50,0.478
TRACE 651667,-27.28,-29.00,0.121
TRACE 653532,-27.34,-28.50,0.476
TRACE 655462,-27.40,-28.00,-0.430
TRACE 657381,-27.46,-28.00,-0.431
TRACE 659326,-27.52,-28.00,-0.432
TRACE 661252,-27.58,-28.00,-0.433
TRACE 663195,-27.64,-28.00,-0.464
TRACE 665140,-27.70,-28.50,-0.450
TRACE 667076,-27.76,-29.00,0.023
TRACE 668944,-27.82,-29.00,0.052
TRACE 670811,-27.87,-29.00,0.051
TRACE 672662,-27.93,-29.00,0.050
TRACE 674515,-27.98,-29.00,0.050
TRACE 676375,-28.03,-29.00,0.049
TRACE 678206,-28.08,-29.00,0.018
TRACE 680085,-28.13,-29.00,-0.013
TRACE 681964,-28.19,-29.00,-0.014
TRACE 683818,-28.24,-29.00,-0.015
TRACE 685687,-28.28,-29.00,-0.016
TRACE 687556,-28.33,-28.50,-0.462
TRACE 689483,-28.38,-28.00,-0.508
TRACE 691387,-28.43,-28.00,-0.509
TRACE 693299,-28.48,-28.00,-0.509
TRACE 695221,-28.53,-28.50,-0.465
TRACE 697161,-28.57,-29.00,-0.020
TRACE 699020,-28.62,-29.00,-0.021
TRACE 700899,-28.66,-29.00,0.009
TRACE 702783,-28.70,-29.00,0.038
TRACE 704638,-28.74,-29.00,0.038
TRACE 706499,-28.79,-29.00,0.037
TRACE 708353,-28.83,-29.00,0.007
TRACE 710215,-28.87,-29.00,-0.024
TRACE 712089,-28.91,-29.00,-0.025
TRACE 713954,-28.95,-29.00,-0.025
TRACE 715837,-28.98,-28.50,-0.471
TRACE 717753,-29.02,-28.00,-0.517
TRACE 719682,-29.06,-28.00,-0.517
TRACE 721590,-29.10,-28.00,-0.518
TRACE 723520,-29.13,-28.50,-0.473
TRACE 725474,-29.17,-29.00,-0.028
TRACE 727341,-29.20,-29.00,-0.028
TRACE 729213,-29.24,-29.00,0.001
TRACE 731103,-29.27,-29.00,0.031
TRACE 732973,-29.30,-29.00,0.031
TRACE 734817,-29.33,-29.00,0.031
TRACE 736664,-29.36,-29.00,0.001
TRACE 738552,-29.39,-29.00,-0.030
TRACE 740419,-29.42,-29.00,-0.030
TRACE 742306,-29.45,-28.50,-0.476
TRACE 744233,-29.48,-28.50,-0.476
TRACE 746170,-29.50,-28.00,-0.521
TRACE 748109,-29.53,-28.00,-0.521
TRACE 750036,-29.56,-28.50,-0.476
TRACE 752000,-29.58,-29.00,-0.031
TRACE 753885,-29.61,-29.00,-0.031
TRACE 755745,-29.63,-29.00,-0.001
TRACE 757619,-29.65,-29.00,-0.001
TRACE 759509,-29.67,-29.00,0.029
TRACE 761357,-29.69,-29.00,0.030
TRACE 763216,-29.71,-29.00,-0.000
TRACE 765119,-29.73,-29.00,-0.031
TRACE 766997,-29.75,-29.00,-0.030
TRACE 768861,-29.77,-29.00,-0.030
TRACE 770741,-29.79,-28.50,-0.476
TRACE 772671,-29.81,-28.00,-0.521
TRACE 774578,-29.82,-28.00,-0.520
TRACE 776485,-29.84,-28.00,-0.520
TRACE 778437,-29.85,-28.50,-0.474
TRACE 780390,-29.87,-29.00,-0.029
TRACE 782260,-29.88,-29.00,-0.029
TRACE 784156,-29.89,-29.00,0.001
TRACE 794660,-29.95,-29.00,0.010
TRACE 796542,-29.96,-29.00,0.010
TRACE 798436,-29.97,-29.00,0.011
TRACE 800311,-29.97,-29.00,-0.007
TRACE 802215,-29.98,-29.00,-0.025
TRACE 804126,-29.98,-28.50,-0.457
TRACE 806086,-29.99,-28.00,-0.490
TRACE 808031,-29.99,-28.00,-0.513
TRACE 809950,-30.00,-28.00,-0.512
TRACE 811869,-30.00,-28.50,-0.466
TRACE 813835,-30.00,-29.00,-0.021
TRACE 815707,-30.00,-29.00,-0.020
TRACE 817611,-30.00,-29.00,-0.000
TRACE 819289,-30.00,-29.00,0.031
TRACE 820930,-30.00,-29.00,0.032
TRACE 822575,-30.00,-29.00,0.033
TRACE 824210,-30.00,-29.00,0.002
TRACE 825897,-30.00,-29.00,-0.030
TRACE 827556,-30.00,-29.00,-0.030
TRACE 829223,-30.00,-29.00,-0.030
TRACE 830888,-30.00,-29.00,-0.030
TRACE 832557,-30.00,-29.00,-0.030
TRACE 834212,-30.00,-28.50,-0.479
TRACE 835939,-30.00,-28.00,-0.528
TRACE 837678,-30.00,-28.00,-0.528
TRACE 839388,-30.00,-28.00,-0.528
TRACE 841131,-30.00,-28.50,-0.479
TRACE 842872,-30.00,-29.00,-0.030
TRACE 844537,-30.00,-29.00,-0.030
TRACE 846258,-30.00,-29.00,0.003
TRACE 847929,-30.00,-29.00,0.037
TRACE 849568,-30.00,-29.00,0.037
TRACE 851244,-30.00,-29.00,0.037
TRACE 852904,-30.00,-29.00,0.004
TRACE 854553,-30.00,-29.00,-0.030
TRACE 856194,-30.00,-29.00,-0.030
TRACE 857850,-30.00,-29.00,-0.030
TRACE 859513,-30.00,-28.50,-0.480
TRACE 861214,-30.00,-28.00,-0.529
TRACE 862938,-30.00,-28.00,-0.528
TRACE 864653,-30.00,-28.00,-0.528
TRACE 866336,-30.00,-28.50,-0.479
TRACE 868072,-30.00,-29.00,-0.030
TRACE 869733,-30.00,-29.00,-0.030
TRACE 871402,-30.00,-29.00,0.004
TRACE 873052,-30.00,-29.00,0.038
TRACE 874699,-30.00,-29.00,0.038
TRACE 876334,-30.00,-29.00,0.038
TRACE 877985,-30.00,-29.00,0.004
TRACE 879652,-30.00,-29.00,-0.030
TRACE 881304,-30.00,-29.00,-0.030
TRACE 882960,-30.00,-29.00,-0.030
TRACE 884618,-30.00,-28.50,-0.480
TRACE 886342,-30.00,-28.00,-0.529
TRACE 888028,-30.00,-28.00,-0.528
TRACE 889743,-30.00,-28.00,-0.528
TRACE 891446,-30.00,-28.50,-0.479
TRACE 893170,-30.00,-29.00,-0.030
TRACE 894827,-30.00,-29.00,-0.030
TRACE 896492,-30.00,-29.00,0.004
TRACE 898148,-30.00,-29.00,0.038
TRACE 899798,-30.00,-29.00,0.038
TRACE 901451,-30.00,-29.00,0.038
TRACE 903079,-30.00,-29.00,0.004
TRACE 904739,-30.00,-29.00,-0.030
TRACE 906388,-30.00,-29.00,-0.030
TRACE 908055,-30.00,-29.00,-0.030
TRACE 909713,-30.00,-28.50,-0.480
TRACE 911426,-30.00,-28.00,-0.529
TRACE 913120,-30.00,-28.00,-0.529
TRACE 914823,-30.00,-28.00,-0.528
TRACE 916520,-30.00,-28.50,-0.479
TRACE 918254,-30.00,-29.00,-0.030
TRACE 919919,-30.00,-29.00,-0.030
TRACE 921585,-30.00,-29.00,0.004
TRACE 923239,-30.00,-29.00,0.038
TRACE 924863,-30.00,-29.00,0.038
TRACE 926503,-30.00,-29.00,0.038
TRACE 928139,-30.00,-29.00,0.004
TRACE 929803,-30.00,-29.00,-0.030
TRACE 931476,-30.00,-29.00,-0.030
TRACE 933135,-30.00,-29.00,-0.030
TRACE 934788,-30.00,-28.50,-0.480
TRACE 936521,-30.00,-28.00,-0.529
TRACE 938213,-30.00,-28.00,-0.528
TRACE 939938,-30.00,-28.00,-0.528
TRACE 941663,-30.00,-28.50,-0.479
TRACE 943389,-30.00,-29.00,-0.030
TRACE 945047,-30.00,-29.00,-0.030
TRACE 946696,-30.00,-29.00,0.004
TRACE 948360,-30.00,-29.00,0.038
TRACE 950012,-30.00,-29.00,0.038
TRACE 951663,-30.00,-29.00,0.038
TRACE 953312,-30.00,-29.00,0.004
TRACE 954970,-30.00,-29.00,-0.030
TRACE 956605,-30.00,-29.00,-0.030
TRACE 958260,-30.00,-29.00,-0.030
TRACE 959931,-30.00,-28.50,-0.480
TRACE 961658,-30.00,-28.00,-0.529
TRACE 963375,-30.00,-28.00,-0.528
TRACE 965074,-30.00,-28.00,-0.528
TRACE 966777,-30.00,-28.50,-0.479
TRACE 968509,-30.00,-29.00,-0.030
TRACE 970166,-30.00,-29.00,-0.030
TRACE 971833,-30.00,-29.00,0.004
TRACE 973492,-30.00,-29.00,0.038
TRACE 975137,-30.00,-29.00,0.038
TRACE 976773,-30.00,-29.00,0.038
TRACE 978408,-30.00,-29.00,0.004
TRACE 980045,-30.00,-29.00,-0.030
TRACE 981680,-30.00,-29.00,-0.030
TRACE 983342,-30.00,-29.00,-0.030
TRACE 985003,-30.00,-28.50,-0.480
TRACE 986698,-30.00,-28.50,-0.480
TRACE 988403,-30.00,-28.00,-0.529
TRACE 990101,-30.00,-28.00,-0.528
TRACE 991806,-30.00,-28.50,-0.479
TRACE 993529,-30.00,-29.00,-0.030
TRACE 995161,-30.00,-29.00,-0.030
TRACE 996839,-30.00,-29.00,0.004
TRACE 998492,-30.00,-29.00,0.004
TRACE 1000143,-30.00,-29.00,0.038
TRACE 1001790,-30.00,-29.00,0.038
TRACE 1003420,-30.00,-29.00,0.004
TRACE 1005076,-30.00,-29.00,-0.030
TRACE 1006742,-30.00,-29.00,-0.030
TRACE 1008395,-30.00,-29.00,-0.030
TRACE 1010059,-30.00,-28.50,-0.480
TRACE 1011785,-30.00,-28.00,-0.529
TRACE 1022139,-30.00,-29.00,-0.030
TRACE 1023822,-30.00,-29.00,-0.030
TRACE 1025489,-30.00,-29.00,-0.030
TRACE 1027147,-30.00,-29.00,-0.030
TRACE 1028801,-30.00,-29.00,-0.030
TRACE 1030468,-30.00,-29.00,-0.010
TRACE 1032120,-30.00,-29.00,0.009
TRACE 1033795,-30.00,-29.00,-0.030
TRACE 1035454,-30.00,-29.00,-0.030
TRACE 1037127,-30.00,-29.00,-0.030
TRACE 1038803,-30.00,-29.00,-0.030
TRACE 1040475,-30.00,-29.00,-0.030
TRACE 1042135,-30.00,-29.00,-0.030
TRACE 1043798,-30.00,-29.00,-0.030
TRACE 1045480,-30.00,-29.50,0.019
TRACE 1047105,-30.00,-30.00,0.069
TRACE 1048742,-30.00,-30.00,0.069
TRACE 1050363,-30.00,-30.00,0.069
TRACE 1051971,-30.00,-30.00,0.070
TRACE 1053595,-30.00,-30.00,0.070
TRACE 1055190,-30.00,-30.00,0.070
TRACE 1056815,-30.00,-30.00,0.035
TRACE 1058446,-30.00,-30.00,0.000
TRACE 1060091,-30.00,-30.00,0.000
TRACE 1061718,-30.00,-30.00,0.000
TRACE 1063338,-30.00,-30.00,0.000
TRACE 1064954,-30.00,-30.00,0.000
TRACE 1066589,-30.00,-30.00,0.000
TRACE 1068218,-30.00,-30.00,0.000
TRACE 1069827,-30.00,-30.00,0.000
TRACE 1071468,-30.00,-30.00,0.000
TRACE 1073086,-30.00,-30.00,0.000
TRACE 1074707,-30.00,-30.00,0.000
TRACE 1076336,-30.00,-30.00,0.000
TRACE 1077962,-30.00,-30.00,0.000
TRACE 1079594,-30.00,-30.00,0.000
TRACE 1081277,-30.00,-30.00,0.000
TRACE 1082906,-30.00,-30.00,0.000
TRACE 1084519,-30.00,-30.00,0.000
TRACE 1086195,-30.00,-30.00,0.000
TRACE 1087816,-30.00,-30.00,0.000
TRACE 1089434,-30.00,-30.00,0.000
TRACE 1091067,-30.00,-30.00,0.000
TRACE 1092686,-30.00,-30.00,0.000
TRACE 1094299,-30.00,-30.00,0.000
>>> 
HOST arm.nominal = -30
arm.nominal = -30
>>> 
HOST r = arm.move_to(0, "tuning_kfs040")
r = arm.move_to(0, "tuning_kfs040")
RESULT {"loops": 478, "overshoot": 0.5, "t_reach": 0.6168, "type": "move", "t_settle": 0.823, "target": 0, "state": "done", "q": null, "tag": "tuning_kfs040", "err": 0.0, "err_rest": 0.0, "ok": true, "max_dt_us": 10535, "t_profile": 0.8, "start": -30.0, "max_track_err": 2.63}
>>> 
HOST arm_test.cmd_trace(arm, [])
arm_test.cmd_trace(arm, [])
TRACE t_us,ref_deg,pos_deg,duty
TRACE 909,-30.00,-30.00,0.410
TRACE 2862,-30.00,-30.00,0.411
TRACE 4700,-30.00,-30.00,0.412
TRACE 6490,-30.00,-30.00,0.412
TRACE 8267,-29.99,-30.00,0.413
TRACE 10051,-29.99,-30.00,0.414
TRACE 11839,-29.99,-30.00,0.415
TRACE 13646,-29.98,-30.00,0.415
TRACE 15430,-29.98,-29.50,-0.431
TRACE 17222,-29.97,-29.00,-0.477
TRACE 19051,-29.96,-29.00,-0.476
TRACE 20828,-29.96,-29.00,-0.475
TRACE 22632,-29.95,-30.00,0.420
TRACE 24426,-29.94,-30.00,0.421
TRACE 26193,-29.93,-30.00,0.421
TRACE 27957,-29.92,-30.00,0.454
TRACE 29736,-29.91,-30.00,0.487
TRACE 31494,-29.90,-30.00,0.489
TRACE 33292,-29.89,-30.00,0.489
TRACE 35070,-29.88,-30.00,0.426
TRACE 36834,-29.86,-30.00,0.427
TRACE 38591,-29.85,-30.00,0.428
TRACE 40390,-29.84,-29.00,-0.465
TRACE 42188,-29.82,-29.00,-0.464
TRACE 44016,-29.81,-29.00,-0.462
TRACE 45784,-29.79,-29.00,-0.461
TRACE 47606,-29.77,-29.00,-0.460
TRACE 49369,-29.76,-29.00,-0.459
TRACE 51165,-29.74,-29.50,-0.411
TRACE 52968,-29.72,-30.00,0.501
TRACE 54750,-29.70,-30.00,0.502
TRACE 56587,-29.68,-30.00,0.504
TRACE 58347,-29.66,-30.50,0.552
TRACE 60127,-29.64,-30.50,0.553
TRACE 61898,-29.62,-30.00,0.508
TRACE 63647,-29.59,-30.00,0.477
TRACE 65409,-29.57,-30.00,0.446
TRACE 67178,-29.55,-30.00,0.448
TRACE 68941,-29.52,-29.00,-0.446
TRACE 70722,-29.50,-29.00,-0.477
TRACE 72501,-29.47,-29.00,-0.475
TRACE 74299,-29.45,-29.00,-0.441
TRACE 76112,-29.42,-29.00,-0.439
TRACE 77882,-29.39,-29.00,-0.438
TRACE 79651,-29.37,-29.00,-0.436
TRACE 81437,-29.34,-29.00,0.429
TRACE 83215,-29.31,-29.00,0.431
TRACE 85002,-29.28,-29.00,0.432
TRACE 86773,-29.25,-29.00,0.434
TRACE 88529,-29.22,-29.00,0.435
TRACE 90295,-29.18,-29.00,0.437
TRACE 92064,-29.15,-29.00,0.439
TRACE 93798,-29.12,-29.00,0.440
TRACE 95574,-29.09,-29.00,0.442
TRACE 97346,-29.05,-29.00,0.443
TRACE 99105,-29.02,-29.00,0.445
TRACE 100870,-28.98,-28.00,-0.448
TRACE 102666,-28.95,-28.00,-0.446
TRACE 104462,-28.91,-28.00,-0.444
TRACE 106259,-28.87,-28.00,-0.442
TRACE 108054,-28.83,-28.00,-0.440
TRACE 109820,-28.79,-28.00,-0.438
TRACE 111601,-28.75,-28.00,-0.436
TRACE 113385,-28.71,-28.00,0.429
TRACE 115152,-28.67,-29.00,0.525
TRACE 116917,-28.63,-29.00,0.527
TRACE 118685,-28.59,-29.00,0.529
TRACE 120451,-28.55,-29.00,0.531
TRACE 122223,-28.51,-29.00,0.533
TRACE 123989,-28.46,-29.00,0.535
TRACE 125756,-28.42,-28.00,0.443
TRACE 127523,-28.37,-28.00,-0.420
TRACE 129294,-28.33,-28.00,-0.418
TRACE 131081,-28.28,-28.00,-0.416
TRACE 132872,-28.23,-27.00,-0.508
TRACE 134647,-28.19,-27.00,-0.506
TRACE 136443,-28.14,-27.50,-0.456
TRACE 138234,-28.09,-28.00,0.457
TRACE 140003,-28.04,-28.00,0.459
TRACE 141774,-27.99,-28.00,0.461
TRACE 143545,-27.94,-28.00,0.463
TRACE 145311,-27.89,-28.00,0.530
TRACE 147067,-27.84,-28.00,0.532
TRACE 148827,-27.79,-28.00,0.502
TRACE 150585,-27.73,-28.00,0.472
TRACE 152347,-27.68,-28.00,0.474
TRACE 154128,-27.62,-28.00,0.477
TRACE 155924,-27.57,-28.00,0.479
TRACE 157707,-27.51,-28.00,0.481
TRACE 159495,-27.46,-28.00,0.484
TRACE 161273,-27.40,-28.00,0.486
TRACE 163055,-27.34,-28.00,0.488
TRACE 164833,-27.28,-27.00,-0.403
TRACE 166623,-27.22,-27.00,-0.401
TRACE 168399,-27.16,-27.00,0.402
TRACE 170186,-27.10,-27.00,0.404
TRACE 171968,-27.04,-27.00,0.406
TRACE 173744,-26.98,-27.00,0.409
TRACE 175513,-26.92,-26.00,-0.483
TRACE 177300,-26.86,-26.00,-0.416
TRACE 179095,-26.79,-26.00,-0.413
TRACE 180880,-26.73,-26.00,-0.411
TRACE 182649,-26.66,-26.00,-0.408
TRACE 184436,-26.60,-26.50,0.441
TRACE 186216,-26.53,-27.00,0.491
TRACE 187974,-26.47,-27.00,0.558
TRACE 189749,-26.40,-27.00,0.561
TRACE 191518,-26.33,-27.00,0.563
TRACE 193287,-26.26,-27.00,0.566
TRACE 195053,-26.20,-27.00,0.569
TRACE 196816,-26.13,-27.00,0.539
TRACE 198572,-26.06,-26.00,0.415
TRACE 200336,-25.99,-26.00,0.418
TRACE 210795,-25.56,-24.50,-0.441
TRACE 212587,-25.48,-24.00,-0.472
TRACE 214404,-25.40,-24.00,-0.469
TRACE 216209,-25.33,-24.00,-0.465
TRACE 218004,-25.25,-24.00,-0.462
TRACE 219805,-25.17,-23.50,-0.455
TRACE 221595,-25.09,-23.50,-0.452
TRACE 223388,-25.01,-23.50,-0.418
TRACE 225178,-24.93,-23.50,0.416
TRACE 226940,-24.85,-23.50,0.419
TRACE 228722,-24.77,-24.00,0.469
TRACE 230506,-24.69,-23.50,0.425
TRACE 232272,-24.60,-23.00,0.413
TRACE 234069,-24.52,-23.00,0.417
TRACE 235847,-24.44,-23.00,0.420
TRACE 237623,-24.35,-23.00,0.423
TRACE 239390,-24.27,-23.00,0.426
TRACE 241161,-24.18,-23.00,-0.403
TRACE 242947,-24.10,-23.00,0.432
TRACE 244719,-24.01,-23.00,0.468
TRACE 246484,-23.92,-23.00,0.471
TRACE 248299,-23.83,-22.50,0.427
TRACE 250058,-23.75,-22.00,-0.417
TRACE 251866,-23.66,-22.00,-0.413
TRACE 253677,-23.56,-22.00,-0.410
TRACE 255467,-23.47,-21.50,-0.453
TRACE 257290,-23.38,-21.50,-0.449
TRACE 259066,-23.29,-21.50,-0.446
TRACE 260897,-23.19,-21.50,-0.410
TRACE 262674,-23.10,-22.00,0.472
TRACE 264470,-23.01,-22.00,0.475
TRACE 266247,-22.91,-22.00,0.479
TRACE 268026,-22.82,-22.00,0.514
TRACE 269801,-22.72,-22.00,0.517
TRACE 271572,-22.62,-22.00,0.521
TRACE 273331,-22.53,-21.00,0.430
TRACE 275106,-22.43,-21.00,0.402
TRACE 276863,-22.33,-21.00,0.405
TRACE 278653,-22.24,-21.00,0.409
TRACE 280417,-22.14,-21.00,0.412
TRACE 282192,-22.04,-21.00,0.416
TRACE 283976,-21.94,-20.00,-0.475
TRACE 285760,-21.83,-20.00,-0.407
TRACE 287553,-21.73,-20.00,-0.403
TRACE 289338,-21.63,-19.00,-0.493
TRACE 291129,-21.52,-19.00,-0.489
TRACE 292921,-21.42,-19.50,-0.438
TRACE 294697,-21.32,-20.00,0.413
TRACE 296466,-21.21,-20.00,0.480
TRACE 298231,-21.11,-20.00,0.484
TRACE 299992,-21.00,-20.00,0.488
TRACE 301748,-20.90,-20.00,0.546
TRACE 303558,-20.79,-20.00,0.549
TRACE 305353,-20.68,-20.00,0.520
TRACE 307146,-20.57,-20.00,0.491
TRACE 308953,-20.46,-20.00,0.494
TRACE 310764,-20.35,-19.50,0.450
TRACE 312561,-20.25,-19.00,0.407
TRACE 314367,-20.14,-19.00,0.410
TRACE 316171,-20.03,-19.00,0.414
TRACE 317989,-19.92,-19.00,0.417
TRACE 319791,-19.81,-18.00,-0.473
TRACE 321610,-19.70,-18.00,-0.470
TRACE 323454,-19.59,-18.00,-0.434
TRACE 325272,-19.48,-18.00,0.401
TRACE 327087,-19.37,-18.00,0.404
TRACE 328909,-19.27,-18.00,0.407
TRACE 330710,-19.16,-17.50,-0.436
TRACE 332522,-19.05,-17.00,-0.416
TRACE 334355,-18.94,-17.00,-0.413
TRACE 336163,-18.83,-17.00,-0.410
TRACE 337971,-18.72,-17.00,-0.407
TRACE 339774,-18.61,-17.50,0.443
TRACE 341590,-18.50,-18.00,0.493
TRACE 343380,-18.40,-18.00,0.528
TRACE 345189,-18.29,-18.00,0.562
TRACE 346999,-18.18,-18.00,0.566
TRACE 348807,-18.07,-18.00,0.569
TRACE 350615,-17.96,-18.00,0.572
TRACE 352398,-17.86,-18.00,0.544
TRACE 354210,-17.75,-18.00,0.516
TRACE 356019,-17.64,-17.50,0.472
TRACE 357819,-17.53,-17.00,0.429
TRACE 359656,-17.42,-17.00,0.432
TRACE 361445,-17.31,-17.00,0.435
TRACE 363240,-17.21,-16.50,-0.408
TRACE 365079,-17.10,-16.00,-0.451
TRACE 366897,-16.99,-16.00,-0.448
TRACE 368710,-16.88,-16.00,-0.413
TRACE 370521,-16.77,-16.00,0.422
TRACE 372326,-16.66,-16.00,0.425
TRACE 374134,-16.55,-16.00,0.428
TRACE 375948,-16.44,-16.00,0.463
TRACE 377757,-16.33,-16.00,0.498
TRACE 379553,-16.23,-15.50,0.455
TRACE 381357,-16.12,-15.00,0.411
TRACE 383186,-16.01,-15.00,0.415
TRACE 384996,-15.90,-15.00,0.418
TRACE 386808,-15.79,-14.50,-0.425
TRACE 388642,-15.68,-14.00,-0.468
TRACE 390480,-15.57,-14.00,-0.465
TRACE 392296,-15.46,-14.00,-0.430
TRACE 394097,-15.35,-14.00,0.405
TRACE 395922,-15.24,-14.00,0.408
TRACE 397716,-15.14,-14.00,0.411
TRACE 399521,-15.03,-14.00,0.446
TRACE 401342,-14.92,-13.00,-0.413
TRACE 403153,-14.81,-13.00,-0.409
TRACE 404961,-14.70,-13.00,-0.406
TRACE 415452,-14.07,-14.00,0.506
TRACE 417288,-13.96,-14.00,0.509
TRACE 419120,-13.85,-14.00,0.512
TRACE 420924,-13.74,-14.00,0.516
TRACE 422736,-13.64,-14.00,0.556
TRACE 424533,-13.53,-14.00,0.560
TRACE 426360,-13.42,-13.00,0.495
TRACE 428186,-13.31,-13.00,0.436
TRACE 430011,-13.20,-13.00,0.439
TRACE 431830,-13.09,-13.00,0.442
TRACE 433658,-12.98,-12.00,-0.447
TRACE 435494,-12.87,-12.00,-0.444
TRACE 437334,-12.76,-11.50,-0.486
TRACE 439189,-12.65,-11.00,-0.466
TRACE 441029,-12.54,-11.00,-0.463
TRACE 442858,-12.43,-11.00,-0.459
TRACE 444686,-12.32,-11.00,-0.456
TRACE 446529,-12.21,-11.50,0.456
TRACE 448345,-12.10,-12.00,0.505
TRACE 450152,-11.99,-12.00,0.539
TRACE 451971,-11.88,-12.00,0.574
TRACE 453785,-11.77,-12.00,0.578
TRACE 455597,-11.66,-12.00,0.581
TRACE 457430,-11.55,-12.00,0.584
TRACE 459246,-11.45,-11.00,0.463
TRACE 461094,-11.33,-11.00,0.435
TRACE 462910,-11.23,-11.00,0.439
TRACE 464758,-11.11,-11.00,0.442
TRACE 466571,-11.01,-10.00,-0.447
TRACE 468402,-10.90,-10.00,-0.444
TRACE 470223,-10.79,-10.00,-0.441
TRACE 472043,-10.68,-9.00,-0.467
TRACE 473850,-10.57,-9.00,-0.465
TRACE 475669,-10.46,-9.00,-0.461
TRACE 477470,-10.35,-9.50,-0.412
TRACE 479298,-10.24,-10.00,0.501
TRACE 481106,-10.13,-10.00,0.504
TRACE 482920,-10.02,-10.00,0.507
TRACE 484746,-9.92,-10.50,0.620
TRACE 486533,-9.81,-10.00,0.577
TRACE 488347,-9.70,-10.00,0.580
TRACE 490147,-9.59,-10.00,0.552
TRACE 491942,-9.48,-10.00,0.523
TRACE 493733,-9.38,-10.00,0.527
TRACE 495550,-9.27,-9.00,0.437
TRACE 497351,-9.16,-9.00,0.408
TRACE 499166,-9.05,-9.00,0.443
TRACE 500988,-8.94,-8.50,-0.411
TRACE 502886,-8.83,-8.00,-0.453
TRACE 504781,-8.72,-8.00,-0.450
TRACE 506670,-8.60,-7.50,-0.492
TRACE 508556,-8.49,-7.50,-0.427
TRACE 510448,-8.38,-7.50,-0.424
TRACE 512335,-8.28,-8.00,0.425
TRACE 514217,-8.17,-8.00,0.458
TRACE 516106,-8.06,-8.00,0.490
TRACE 518001,-7.95,-8.00,0.493
TRACE 519878,-7.85,-8.00,0.526
TRACE 521760,-7.74,-8.00,0.528
TRACE 523627,-7.64,-8.00,0.531
TRACE 525487,-7.54,-8.00,0.503
TRACE 527384,-7.43,-8.00,0.505
TRACE 529257,-7.33,-8.00,0.508
TRACE 531138,-7.23,-8.00,0.510
TRACE 533011,-7.13,-8.00,0.512
TRACE 534884,-7.03,-8.00,0.515
TRACE 536758,-6.93,-7.00,0.426
TRACE 538644,-6.83,-7.00,0.428
TRACE 540501,-6.73,-7.00,0.430
TRACE 542365,-6.64,-7.00,0.433
TRACE 544231,-6.54,-6.00,-0.456
TRACE 546130,-6.44,-6.00,-0.454
TRACE 548019,-6.35,-6.00,-0.452
TRACE 549904,-6.25,-6.00,0.412
TRACE 551781,-6.16,-6.00,0.414
TRACE 553654,-6.07,-5.50,-0.430
TRACE 555537,-5.98,-5.00,-0.473
TRACE 557431,-5.88,-5.00,-0.410
TRACE 559325,-5.79,-5.00,-0.408
TRACE 561220,-5.70,-5.00,-0.406
TRACE 563095,-5.61,-5.00,-0.404
TRACE 565000,-5.52,-5.00,-0.402
TRACE 566884,-5.43,-5.00,0.431
TRACE 568743,-5.35,-5.00,0.463
TRACE 570603,-5.26,-5.00,0.465
TRACE 572468,-5.18,-5.00,0.467
TRACE 574358,-5.09,-5.00,0.468
TRACE 576239,-5.01,-5.00,0.470
TRACE 578094,-4.92,-5.00,0.472
TRACE 579969,-4.84,-4.50,0.428
TRACE 581850,-4.76,-4.00,-0.415
TRACE 583743,-4.68,-4.00,-0.413
TRACE 585614,-4.60,-4.00,-0.412
TRACE 587505,-4.52,-4.00,-0.410
TRACE 589384,-4.44,-3.50,-0.454
TRACE 591269,-4.36,-3.00,-0.497
TRACE 593143,-4.28,-3.00,-0.465
TRACE 595034,-4.20,-3.00,-0.433
TRACE 596899,-4.13,-3.50,0.414
TRACE 598772,-4.05,-4.00,0.461
TRACE 600662,-3.97,-4.00,0.463
TRACE 602531,-3.90,-3.50,0.449
TRACE 613039,-3.50,-3.00,0.442
TRACE 614941,-3.42,-3.00,0.444
TRACE 616845,-3.35,-2.00,-0.421
TRACE 618802,-3.28,-2.00,-0.438
TRACE 620733,-3.21,-2.00,-0.455
TRACE 622667,-3.14,-2.00,-0.453
TRACE 624580,-3.08,-1.50,-0.467
TRACE 626535,-3.01,-1.50,-0.482
TRACE 628455,-2.94,-2.00,-0.436
TRACE 630380,-2.88,-2.00,0.425
TRACE 632327,-2.81,-2.00,0.426
TRACE 634245,-2.75,-2.00,0.427
TRACE 636195,-2.68,-2.00,0.428
TRACE 638128,-2.62,-2.00,0.459
TRACE 640068,-2.56,-2.00,0.460
TRACE 642001,-2.50,-1.00,-0.057
TRACE 643872,-2.44,-1.00,-0.056
TRACE 645720,-2.38,-1.00,-0.056
TRACE 647578,-2.32,-1.00,-0.055
TRACE 649486,-2.27,-1.00,-0.054
TRACE 651335,-2.21,-1.00,-0.053
TRACE 653220,-2.15,-1.00,-0.053
TRACE 655070,-2.10,-1.00,0.009
TRACE 656960,-2.05,-1.00,0.010
TRACE 658823,-1.99,-1.00,0.011
TRACE 660703,-1.94,-1.00,0.012
TRACE 662587,-1.89,-1.50,0.458
TRACE 664533,-1.84,-2.00,0.504
TRACE 666432,-1.78,-2.00,0.505
TRACE 668341,-1.73,-2.00,0.506
TRACE 670246,-1.68,-1.50,0.461
TRACE 672182,-1.63,-1.00,0.017
TRACE 674021,-1.59,-1.00,0.018
TRACE 675894,-1.54,-1.00,-0.012
TRACE 677745,-1.49,-1.00,-0.041
TRACE 679611,-1.45,-1.00,-0.041
TRACE 681440,-1.41,-1.00,-0.041
TRACE 683284,-1.36,-1.00,-0.010
TRACE 685153,-1.32,-1.00,0.022
TRACE 687014,-1.28,-1.00,0.022
TRACE 688842,-1.24,-1.50,0.469
TRACE 690752,-1.19,-2.00,0.515
TRACE 692663,-1.15,-2.00,0.515
TRACE 694564,-1.11,-2.00,0.516
TRACE 696450,-1.07,-1.50,0.470
TRACE 698364,-1.03,-1.00,0.026
TRACE 700223,-1.00,-1.00,0.026
TRACE 702068,-0.96,-1.00,-0.004
TRACE 703920,-0.92,-1.00,-0.034
TRACE 705765,-0.89,-1.00,-0.034
TRACE 707624,-0.85,-1.00,-0.034
TRACE 709451,-0.82,-1.00,-0.003
TRACE 711329,-0.79,-1.00,0.028
TRACE 713192,-0.75,-1.00,0.029
TRACE 715037,-0.72,-1.50,0.475
TRACE 716938,-0.69,-2.00,0.521
TRACE 718840,-0.66,-2.00,0.521
TRACE 720740,-0.63,-2.00,0.521
TRACE 722649,-0.60,-1.50,0.475
TRACE 724560,-0.57,-1.00,0.030
TRACE 726434,-0.54,-1.00,0.030
TRACE 728277,-0.51,-1.00,0.000
TRACE 730135,-0.49,-1.00,-0.030
TRACE 731964,-0.46,-1.00,-0.030
TRACE 733817,-0.44,-1.00,-0.030
TRACE 735677,-0.41,-1.00,0.000
TRACE 737521,-0.39,-1.00,0.031
TRACE 739356,-0.37,-1.50,0.477
TRACE 741277,-0.34,-2.00,0.522
TRACE 743199,-0.32,-2.00,0.522
TRACE 745085,-0.30,-2.00,0.522
TRACE 746981,-0.28,-1.50,0.476
TRACE 748902,-0.26,-1.00,0.031
TRACE 750763,-0.24,-1.00,0.030
TRACE 752619,-0.22,-1.00,0.000
TRACE 754469,-0.21,-1.00,-0.030
TRACE 756322,-0.19,-1.00,-0.031
TRACE 758161,-0.18,-1.00,-0.031
TRACE 759985,-0.16,-1.00,-0.001
TRACE 761863,-0.15,-1.00,0.029
TRACE 763730,-0.13,-1.50,0.475
TRACE 765640,-0.12,-2.00,0.520
TRACE 767534,-0.11,-2.00,0.520
TRACE 769446,-0.09,-2.00,0.519
TRACE 771353,-0.08,-1.50,0.473
TRACE 773276,-0.07,-1.00,0.027
TRACE 775154,-0.06,-1.00,0.027
TRACE 777013,-0.05,-1.00,-0.003
TRACE 778884,-0.04,-1.00,-0.034
TRACE 780725,-0.04,-1.00,-0.035
TRACE 782568,-0.03,-1.00,-0.036
TRACE 784422,-0.02,-1.00,-0.006
TRACE 786282,-0.02,-1.00,0.024
TRACE 788148,-0.01,-1.00,0.024
TRACE 790014,-0.01,-2.00,0.515
TRACE 791914,-0.01,-2.00,0.514
TRACE 793809,-0.00,-2.00,0.513
TRACE 795725,-0.00,-2.00,0.512
TRACE 797613,-0.00,-1.50,0.466
TRACE 799539,-0.00,-1.00,0.020
TRACE 810074,0.00,-0.50,-0.003
TRACE 811687,0.00,0.00,-0.074
TRACE 813279,0.00,0.00,-0.075
TRACE 814895,0.00,0.00,-0.076
TRACE 816503,0.00,0.00,-0.077
TRACE 818118,0.00,0.50,-0.093
TRACE 819755,0.00,0.50,-0.074
TRACE 821387,0.00,0.50,-0.086
TRACE 822999,0.00,0.00,0.000
TRACE 824624,0.00,0.00,0.000
TRACE 826250,0.00,0.00,0.000
TRACE 827858,0.00,0.00,0.000
TRACE 829475,0.00,0.00,0.035
TRACE 831096,0.00,0.00,0.035
TRACE 832704,0.00,0.00,0.035
TRACE 834292,0.00,0.00,0.000
TRACE 835925,0.00,0.00,0.000
TRACE 837549,0.00,0.00,0.000
TRACE 839189,0.00,0.00,0.000
TRACE 840817,0.00,0.00,0.000
TRACE 842440,0.00,0.00,0.000
TRACE 844034,0.00,0.00,0.000
TRACE 845684,0.00,0.00,0.000
TRACE 847287,0.00,0.00,0.000
TRACE 848881,0.00,0.00,0.000
TRACE 850487,0.00,0.00,0.000
TRACE 852074,0.00,0.00,0.000
TRACE 853646,0.00,0.00,0.000
TRACE 855270,0.00,0.00,0.000
TRACE 856848,0.00,0.00,0.000
TRACE 858438,0.00,0.00,0.000
TRACE 860061,0.00,0.00,0.000
TRACE 861659,0.00,0.00,0.000
TRACE 863244,0.00,0.00,0.000
TRACE 864842,0.00,0.00,0.000
TRACE 866446,0.00,0.00,0.000
TRACE 868023,0.00,0.00,0.000
TRACE 869626,0.00,0.00,0.000
TRACE 871213,0.00,0.00,0.000
TRACE 872799,0.00,0.00,0.000
TRACE 874376,0.00,0.00,0.000
TRACE 876008,0.00,0.00,0.000
TRACE 877601,0.00,0.00,0.000
TRACE 879174,0.00,0.00,0.000
TRACE 880774,0.00,0.00,0.000
TRACE 882376,0.00,0.00,0.000
TRACE 883965,0.00,0.00,0.000
TRACE 885541,0.00,0.00,0.000
TRACE 887131,0.00,0.00,0.000
TRACE 888738,0.00,0.00,0.000
TRACE 890321,0.00,0.00,0.000
TRACE 891910,0.00,0.00,0.000
TRACE 893510,0.00,0.00,0.000
TRACE 895093,0.00,0.00,0.000
>>> 
HOST arm.nominal = 0
arm.nominal = 0
>>> 
HOST r = arm.move_to(90, "tuning_kfs040")
r = arm.move_to(90, "tuning_kfs040")
RESULT {"loops": 1063, "overshoot": 0.0, "t_reach": 1.641, "type": "move", "t_settle": 1.8646, "target": 90, "state": "done", "q": null, "tag": "tuning_kfs040", "err": 0.0, "err_rest": 0.0, "ok": true, "max_dt_us": 10504, "t_profile": 1.8, "start": 0.0, "max_track_err": 3.0}
>>> 
HOST arm_test.cmd_trace(arm, [])
arm_test.cmd_trace(arm, [])
TRACE t_us,ref_deg,pos_deg,duty
TRACE 899,0.00,0.00,0.410
TRACE 2817,0.00,0.00,0.411
TRACE 4616,0.00,0.00,0.412
TRACE 6382,0.00,0.00,0.412
TRACE 8139,0.01,0.00,0.413
TRACE 9895,0.01,0.00,0.414
TRACE 11669,0.01,0.00,0.415
TRACE 13450,0.02,0.00,0.415
TRACE 15240,0.02,0.00,0.416
TRACE 16980,0.03,0.50,-0.430
TRACE 18782,0.04,1.00,-0.477
TRACE 20593,0.04,1.00,-0.476
TRACE 22375,0.05,0.50,-0.427
TRACE 24148,0.06,0.00,0.420
TRACE 25919,0.07,0.00,0.421
TRACE 27643,0.08,0.00,0.422
TRACE 29379,0.09,0.00,0.455
TRACE 31109,0.10,0.00,0.489
TRACE 32837,0.11,0.00,0.490
TRACE 34574,0.12,0.00,0.459
TRACE 36311,0.13,0.00,0.427
TRACE 38056,0.14,0.00,0.428
TRACE 39808,0.16,0.00,0.429
TRACE 41532,0.17,1.00,-0.466
TRACE 43306,0.19,1.00,-0.464
TRACE 45102,0.20,1.00,-0.463
TRACE 46863,0.22,1.00,-0.462
TRACE 48697,0.24,1.00,-0.460
TRACE 50485,0.25,1.00,-0.459
TRACE 52312,0.27,0.50,-0.410
TRACE 54077,0.29,0.00,0.502
TRACE 55817,0.31,0.00,0.503
TRACE 57562,0.33,0.00,0.505
TRACE 59299,0.35,-0.50,0.553
TRACE 61037,0.37,-0.50,0.555
TRACE 62798,0.39,0.00,0.509
TRACE 64523,0.42,0.00,0.478
TRACE 66260,0.44,0.00,0.447
TRACE 67993,0.46,0.00,0.448
TRACE 69719,0.49,0.50,0.402
TRACE 71465,0.51,1.00,-0.478
TRACE 73251,0.54,1.00,-0.476
TRACE 75028,0.56,1.00,-0.442
TRACE 76838,0.59,1.00,-0.440
TRACE 78606,0.62,1.00,-0.438
TRACE 80393,0.65,1.00,-0.436
TRACE 82172,0.68,1.00,-0.402
TRACE 83958,0.70,1.00,0.431
TRACE 85722,0.73,1.00,0.433
TRACE 87497,0.77,1.00,0.434
TRACE 89262,0.80,1.00,0.436
TRACE 91016,0.83,1.50,-0.410
TRACE 92795,0.86,2.00,-0.455
TRACE 94602,0.89,2.00,-0.453
TRACE 96396,0.93,2.00,-0.452
TRACE 98165,0.96,2.00,-0.450
TRACE 99950,1.00,2.00,-0.448
TRACE 101721,1.03,1.50,0.401
TRACE 103483,1.07,1.00,0.481
TRACE 105262,1.11,1.00,0.515
TRACE 107031,1.15,1.00,0.517
TRACE 108820,1.18,1.00,0.519
TRACE 110593,1.22,1.50,0.474
TRACE 112372,1.26,2.00,0.428
TRACE 114139,1.30,2.00,-0.402
TRACE 115921,1.34,2.00,-0.432
TRACE 117708,1.39,2.00,-0.430
TRACE 119492,1.43,2.00,-0.428
TRACE 121271,1.47,2.00,-0.426
TRACE 123055,1.51,2.00,0.408
TRACE 124821,1.56,2.00,0.442
TRACE 126598,1.60,2.00,0.444
TRACE 128368,1.65,1.50,0.493
TRACE 130138,1.69,1.50,0.495
TRACE 131894,1.74,1.50,0.497
TRACE 133668,1.79,2.00,0.452
TRACE 135426,1.83,2.00,0.454
TRACE 137179,1.88,2.00,0.456
TRACE 138962,1.93,2.00,0.458
TRACE 140750,1.98,2.00,0.428
TRACE 142538,2.03,2.00,0.430
TRACE 144299,2.08,2.00,0.432
TRACE 146091,2.13,3.00,-0.428
TRACE 147878,2.19,3.00,-0.425
TRACE 149663,2.24,3.00,-0.423
TRACE 151435,2.29,3.00,-0.421
TRACE 153220,2.35,3.00,-0.419
TRACE 155001,2.40,3.00,-0.416
TRACE 156795,2.46,3.00,-0.414
TRACE 158568,2.51,3.00,0.453
TRACE 160352,2.57,3.00,0.455
TRACE 162134,2.63,3.00,0.457
TRACE 163903,2.69,3.00,0.460
TRACE 165689,2.75,3.00,0.462
TRACE 167475,2.80,3.00,0.464
TRACE 169234,2.86,3.50,0.420
TRACE 171014,2.92,4.00,-0.425
TRACE 172778,2.99,4.00,-0.423
TRACE 174553,3.05,4.00,-0.420
TRACE 176344,3.11,4.00,-0.418
TRACE 178126,3.17,4.00,-0.415
TRACE 179895,3.24,3.50,0.435
TRACE 181683,3.30,3.00,0.517
TRACE 183450,3.37,3.00,0.551
TRACE 185207,3.43,3.00,0.554
TRACE 186970,3.50,3.00,0.557
TRACE 188721,3.56,3.00,0.559
TRACE 190487,3.63,3.00,0.562
TRACE 192267,3.70,3.00,0.532
TRACE 194025,3.76,4.00,0.408
TRACE 195785,3.83,4.00,0.411
TRACE 197574,3.90,4.00,0.414
TRACE 199334,3.97,4.00,0.416
TRACE 201095,4.04,5.00,-0.476
TRACE 211563,4.48,6.00,-0.473
TRACE 213364,4.55,6.50,-0.504
TRACE 215155,4.63,7.00,-0.497
TRACE 216947,4.71,7.00,-0.494
TRACE 218747,4.79,7.00,-0.491
TRACE 220557,4.86,7.00,-0.488
TRACE 222370,4.94,7.00,-0.447
TRACE 224176,5.03,6.50,0.415
TRACE 225957,5.11,6.00,0.496
TRACE 227726,5.19,6.00,0.531
TRACE 229514,5.27,6.00,0.534
TRACE 231284,5.35,6.00,0.538
TRACE 233035,5.43,6.50,0.494
TRACE 234866,5.52,7.00,0.450
TRACE 236660,5.60,7.00,0.421
TRACE 238429,5.68,7.00,-0.408
TRACE 240229,5.77,7.00,-0.404
TRACE 242012,5.86,7.50,-0.448
TRACE 243815,5.94,7.50,-0.445
TRACE 245607,6.03,7.50,-0.409
TRACE 247405,6.12,7.50,0.426
TRACE 249228,6.21,7.00,0.476
TRACE 250997,6.30,7.00,0.479
TRACE 252792,6.39,7.00,0.483
TRACE 254569,6.48,7.00,0.518
TRACE 256360,6.57,7.00,0.521
TRACE 258134,6.66,7.50,0.478
TRACE 259908,6.76,8.00,0.434
TRACE 261727,6.85,8.00,0.406
TRACE 263503,6.94,8.00,0.409
TRACE 265286,7.04,9.00,-0.481
TRACE 267085,7.13,9.00,-0.478
TRACE 268864,7.23,9.00,-0.474
TRACE 270649,7.33,9.00,-0.439
TRACE 272425,7.42,9.00,-0.403
TRACE 274211,7.52,9.00,0.400
TRACE 276002,7.62,9.00,0.404
TRACE 277778,7.72,9.00,0.471
TRACE 279528,7.81,9.00,0.475
TRACE 281298,7.91,9.00,0.479
TRACE 283104,8.01,9.50,0.435
TRACE 284869,8.12,10.00,-0.408
TRACE 286655,8.22,10.00,-0.405
TRACE 288441,8.32,10.00,-0.401
TRACE 290226,8.42,10.50,-0.444
TRACE 292010,8.53,10.00,0.407
TRACE 293783,8.63,10.50,-0.436
TRACE 295570,8.74,10.00,0.446
TRACE 297332,8.84,10.00,0.482
TRACE 299104,8.95,10.00,0.486
TRACE 300860,9.05,10.00,0.480
TRACE 302667,9.16,10.00,0.515
TRACE 304459,9.27,10.00,0.486
TRACE 306257,9.38,10.00,0.521
TRACE 308075,9.48,10.00,0.493
TRACE 309870,9.59,10.00,0.496
TRACE 311692,9.70,10.00,0.499
TRACE 313493,9.81,11.00,0.409
TRACE 315293,9.92,11.00,0.412
TRACE 317095,10.03,11.00,0.415
TRACE 318913,10.13,11.00,0.419
TRACE 320720,10.24,11.00,0.422
TRACE 322535,10.35,11.00,0.425
TRACE 324323,10.46,12.00,-0.465
TRACE 326142,10.57,12.00,0.402
TRACE 327947,10.68,12.00,0.405
TRACE 329739,10.78,12.50,-0.438
TRACE 331562,10.89,13.00,-0.482
TRACE 333367,11.00,13.00,-0.478
TRACE 335175,11.11,13.00,-0.475
TRACE 336991,11.22,13.00,-0.409
TRACE 338816,11.33,13.00,-0.405
TRACE 340633,11.44,13.00,-0.402
TRACE 342443,11.55,13.00,0.433
TRACE 344255,11.66,13.00,0.468
TRACE 346058,11.76,13.00,0.471
TRACE 347867,11.87,13.00,0.474
TRACE 349689,11.98,13.00,0.477
TRACE 351487,12.09,13.00,0.481
TRACE 353302,12.20,14.00,-0.409
TRACE 355131,12.31,14.00,-0.406
TRACE 356936,12.42,14.00,-0.403
TRACE 358740,12.52,14.00,0.401
TRACE 360545,12.63,14.00,0.404
TRACE 362346,12.74,14.00,0.407
TRACE 364135,12.85,14.00,0.410
TRACE 365946,12.96,14.00,0.477
TRACE 367740,13.06,14.00,0.480
TRACE 369542,13.17,14.00,0.483
TRACE 371340,13.28,14.00,0.486
TRACE 373152,13.39,15.00,-0.404
TRACE 374958,13.50,15.00,-0.401
TRACE 376778,13.61,15.00,0.403
TRACE 378583,13.71,15.00,0.406
TRACE 380398,13.82,15.00,0.410
TRACE 382210,13.93,15.50,-0.434
TRACE 384023,14.04,16.00,-0.477
TRACE 385839,14.15,16.00,-0.411
TRACE 387648,14.26,16.00,-0.407
TRACE 389457,14.37,16.00,-0.404
TRACE 391274,14.48,15.50,0.446
TRACE 393068,14.58,15.00,0.496
TRACE 394877,14.69,15.00,0.530
TRACE 396698,14.80,15.00,0.565
TRACE 398501,14.91,15.00,0.568
TRACE 400313,15.02,15.00,0.572
TRACE 402112,15.13,15.00,0.575
TRACE 403922,15.24,15.00,0.547
TRACE 405731,15.34,15.00,0.518
TRACE 416180,15.97,16.50,0.436
TRACE 417993,16.08,17.00,0.405
TRACE 419802,16.19,17.00,0.409
TRACE 421620,16.30,17.00,0.412
TRACE 423416,16.40,18.00,-0.453
TRACE 425277,16.52,18.00,-0.449
TRACE 427086,16.63,19.00,-0.513
TRACE 428942,16.74,19.00,-0.517
TRACE 430769,16.85,19.00,-0.482
TRACE 432576,16.95,19.00,-0.479
TRACE 434404,17.06,19.00,-0.475
TRACE 436236,17.17,19.00,-0.409
TRACE 438068,17.28,18.00,0.487
TRACE 439888,17.39,18.00,0.552
TRACE 441711,17.50,18.00,0.556
TRACE 443506,17.61,18.00,0.559
TRACE 445298,17.72,18.00,0.562
TRACE 447129,17.83,18.00,0.566
TRACE 448950,17.94,18.00,0.569
TRACE 450755,18.05,18.50,0.463
TRACE 452598,18.16,19.00,0.420
TRACE 454411,18.26,19.00,0.423
TRACE 456223,18.37,19.00,0.426
TRACE 458031,18.48,20.00,-0.463
TRACE 459863,18.59,20.00,-0.460
TRACE 461720,18.70,20.50,-0.503
TRACE 463543,18.81,21.00,-0.514
TRACE 465405,18.92,21.00,-0.479
TRACE 467224,19.03,21.00,-0.476
TRACE 469073,19.14,21.00,-0.472
TRACE 470900,19.25,21.00,-0.407
TRACE 472715,19.36,20.00,0.489
TRACE 474530,19.47,20.00,0.523
TRACE 476339,19.58,20.00,0.558
TRACE 478151,19.69,19.50,0.608
TRACE 479972,19.80,19.50,0.611
TRACE 481755,19.91,20.00,0.568
TRACE 483552,20.01,20.00,0.572
TRACE 485356,20.12,20.00,0.512
TRACE 487178,20.23,20.00,0.515
TRACE 488980,20.34,21.00,0.425
TRACE 490801,20.45,21.00,-0.403
TRACE 492630,20.56,21.00,-0.400
TRACE 494458,20.67,21.50,-0.411
TRACE 496273,20.78,22.00,-0.454
TRACE 498087,20.89,22.00,-0.451
TRACE 499910,20.99,22.00,-0.448
TRACE 501731,21.10,22.00,0.418
TRACE 503534,21.21,22.00,0.422
TRACE 505345,21.32,22.00,0.425
TRACE 507137,21.43,21.50,0.506
TRACE 508972,21.54,21.50,0.541
TRACE 510777,21.65,21.50,0.544
TRACE 512578,21.75,22.00,0.501
TRACE 514385,21.86,22.00,0.504
TRACE 516177,21.97,22.00,0.507
TRACE 517969,22.08,22.00,0.510
TRACE 519772,22.19,22.00,0.482
TRACE 521574,22.29,23.00,-0.408
TRACE 523380,22.40,23.00,-0.405
TRACE 525195,22.51,23.00,0.430
TRACE 527004,22.62,23.00,0.433
TRACE 528815,22.73,23.00,0.437
TRACE 530631,22.84,23.50,-0.407
TRACE 532446,22.95,24.00,-0.450
TRACE 534272,23.06,24.00,0.417
TRACE 536073,23.16,24.00,0.420
TRACE 537880,23.27,24.00,0.423
TRACE 539687,23.38,24.00,0.426
TRACE 541503,23.49,24.00,0.430
TRACE 543320,23.60,24.00,0.464
TRACE 545128,23.71,24.00,0.499
TRACE 546939,23.82,25.00,0.409
TRACE 548741,23.92,25.00,0.413
TRACE 550557,24.03,25.00,0.416
TRACE 552368,24.14,25.00,0.419
TRACE 554163,24.25,26.00,-0.471
TRACE 556014,24.36,26.00,-0.467
TRACE 557846,24.47,26.00,-0.464
TRACE 559680,24.58,26.50,-0.444
TRACE 561503,24.69,27.00,-0.487
TRACE 563338,24.80,27.00,-0.483
TRACE 565145,24.91,27.00,-0.480
TRACE 566959,25.02,27.00,-0.414
TRACE 568780,25.13,27.00,-0.411
TRACE 570620,25.24,26.50,0.439
TRACE 572432,25.35,26.00,0.520
TRACE 574250,25.46,26.00,0.554
TRACE 576078,25.56,26.00,0.558
TRACE 577870,25.67,26.50,0.515
TRACE 579675,25.78,27.00,0.471
TRACE 581483,25.89,27.00,0.475
TRACE 583281,26.00,27.00,0.446
TRACE 585088,26.11,27.00,0.418
TRACE 586907,26.21,27.50,-0.425
TRACE 588726,26.32,28.00,-0.469
TRACE 590554,26.43,28.00,-0.434
TRACE 592392,26.54,28.00,0.401
TRACE 594196,26.65,28.50,-0.442
TRACE 596008,26.76,29.00,-0.485
TRACE 597841,26.87,29.00,-0.481
TRACE 599659,26.98,29.00,-0.447
TRACE 601483,27.09,28.50,0.434
TRACE 603286,27.20,28.00,0.484
TRACE 605112,27.31,28.00,0.487
TRACE 606926,27.42,28.00,0.522
TRACE 608741,27.52,28.00,0.557
TRACE 619215,28.15,29.00,0.483
TRACE 621047,28.26,29.00,0.486
TRACE 622859,28.37,30.00,0.403
TRACE 624690,28.48,30.00,-0.412
TRACE 626531,28.59,31.00,-0.476
TRACE 628380,28.70,31.00,-0.473
TRACE 630206,28.81,31.00,-0.469
TRACE 632072,28.92,31.00,-0.479
TRACE 633900,29.03,31.00,-0.475
TRACE 635738,29.14,31.00,-0.410
TRACE 637546,29.25,31.00,-0.407
TRACE 639397,29.36,31.00,0.459
TRACE 641215,29.47,31.00,0.462
TRACE 643022,29.58,31.00,0.465
TRACE 644842,29.69,31.00,0.469
TRACE 646640,29.80,31.00,0.472
TRACE 648447,29.91,31.00,0.475
TRACE 650266,30.02,31.00,0.478
TRACE 652082,30.12,31.00,0.482
TRACE 653904,30.23,31.00,0.485
TRACE 655756,30.35,31.00,0.488
TRACE 657597,30.46,32.00,-0.401
TRACE 659421,30.57,32.00,0.402
TRACE 661234,30.67,32.00,0.406
TRACE 663042,30.78,33.00,-0.484
TRACE 664868,30.89,33.00,-0.480
TRACE 666662,31.00,33.00,-0.477
TRACE 668546,31.11,33.00,-0.474
TRACE 670402,31.22,33.00,-0.408
TRACE 672256,31.34,33.00,-0.404
TRACE 674080,31.44,33.00,-0.401
TRACE 675903,31.55,33.00,0.465
TRACE 677706,31.66,33.00,0.468
TRACE 679512,31.77,33.00,0.471
TRACE 681326,31.88,33.00,0.474
TRACE 683128,31.99,33.00,0.478
TRACE 684926,32.10,33.00,0.481
TRACE 686719,32.20,33.50,0.437
TRACE 688528,32.31,34.00,-0.406
TRACE 690365,32.42,34.00,-0.403
TRACE 692181,32.53,34.00,0.401
TRACE 693970,32.64,34.00,0.404
TRACE 695786,32.75,34.00,0.407
TRACE 697590,32.86,34.00,0.410
TRACE 699404,32.96,34.00,0.445
TRACE 701227,33.07,34.00,0.480
TRACE 703025,33.18,34.00,0.483
TRACE 704845,33.29,34.50,0.440
TRACE 706662,33.40,35.00,-0.403
TRACE 708493,33.51,35.00,0.400
TRACE 710295,33.62,35.00,0.404
TRACE 712136,33.73,35.00,0.407
TRACE 713939,33.84,36.00,-0.483
TRACE 715752,33.95,36.00,-0.479
TRACE 717564,34.05,36.00,-0.445
TRACE 719379,34.16,36.00,-0.410
TRACE 721219,34.27,36.00,-0.407
TRACE 723054,34.38,36.50,-0.450
TRACE 724877,34.49,37.00,-0.493
TRACE 726687,34.60,36.50,0.420
TRACE 728481,34.71,36.50,0.423
TRACE 730280,34.82,36.50,0.426
TRACE 732088,34.93,37.00,-0.417
TRACE 733892,35.03,37.00,-0.414
TRACE 735729,35.14,37.00,0.421
TRACE 737527,35.25,37.00,0.456
TRACE 739354,35.36,37.00,0.427
TRACE 741158,35.47,37.00,0.431
TRACE 742973,35.58,37.00,0.434
TRACE 744776,35.69,37.00,0.469
TRACE 746581,35.79,37.00,0.472
TRACE 748407,35.90,37.00,0.475
TRACE 750207,36.01,37.00,0.478
TRACE 751989,36.12,37.00,0.482
TRACE 753802,36.23,37.00,0.485
TRACE 755601,36.34,37.00,0.488
TRACE 757407,36.44,37.00,0.491
TRACE 759215,36.55,37.50,0.448
TRACE 761006,36.66,38.00,0.404
TRACE 762809,36.77,38.00,0.408
TRACE 764628,36.88,38.00,0.411
TRACE 766462,36.99,39.00,-0.479
TRACE 768286,37.10,39.00,-0.475
TRACE 770117,37.21,39.00,-0.472
TRACE 771946,37.32,39.00,-0.437
TRACE 773767,37.43,39.00,-0.402
TRACE 775589,37.54,39.00,0.401
TRACE 777396,37.64,39.00,0.405
TRACE 779227,37.75,39.00,0.471
TRACE 781012,37.86,39.50,0.427
TRACE 782819,37.97,40.00,-0.416
TRACE 784645,38.08,40.00,-0.413
TRACE 786473,38.19,40.00,-0.409
TRACE 788278,38.30,40.00,-0.406
TRACE 790119,38.41,40.00,-0.403
TRACE 791930,38.52,40.00,0.400
TRACE 793730,38.62,40.00,0.435
TRACE 795548,38.73,40.00,0.470
TRACE 797360,38.84,40.00,0.473
TRACE 799178,38.95,40.00,0.477
TRACE 800973,39.06,40.00,0.480
TRACE 802800,39.17,40.00,0.483
TRACE 804598,39.28,40.00,0.486
TRACE 806387,39.38,40.00,0.489
TRACE 808195,39.49,40.50,0.446
TRACE 810000,39.60,41.00,0.403
TRACE 811815,39.71,41.00,0.406
TRACE 822287,40.34,42.00,-0.417
TRACE 824112,40.45,43.00,-0.481
TRACE 825936,40.56,43.00,-0.478
TRACE 827764,40.67,43.00,-0.474
TRACE 829592,40.78,43.00,-0.452
TRACE 831429,40.89,43.00,-0.430
TRACE 833277,41.00,43.00,-0.427
TRACE 835106,41.11,43.00,-0.411
TRACE 836942,41.22,43.00,0.454
TRACE 838763,41.33,43.00,0.458
TRACE 840589,41.44,43.00,0.461
TRACE 842394,41.54,43.00,0.464
TRACE 844216,41.65,43.00,0.468
TRACE 846043,41.76,43.00,0.471
TRACE 847870,41.87,43.50,0.428
TRACE 849683,41.98,44.00,-0.415
TRACE 851497,42.09,44.00,-0.412
TRACE 853342,42.20,44.00,-0.409
TRACE 855177,42.31,44.00,-0.405
TRACE 857005,42.42,44.00,-0.402
TRACE 858900,42.53,44.00,0.402
TRACE 860716,42.64,43.50,0.482
TRACE 862567,42.75,43.00,0.563
TRACE 864369,42.86,43.00,0.566
TRACE 866188,42.97,43.00,0.569
TRACE 867997,43.08,43.00,0.573
TRACE 869830,43.19,43.00,0.576
TRACE 871640,43.30,43.50,0.533
TRACE 873455,43.41,44.00,0.459
TRACE 875316,43.52,44.00,0.431
TRACE 877129,43.63,44.00,0.434
TRACE 878931,43.74,44.00,0.437
TRACE 880744,43.84,44.50,-0.406
TRACE 882568,43.95,45.00,-0.449
TRACE 884401,44.06,45.00,-0.414
TRACE 886223,44.17,45.00,0.421
TRACE 888026,44.28,45.00,0.424
TRACE 889864,44.39,45.00,0.427
TRACE 891673,44.50,45.00,0.430
TRACE 893483,44.61,45.00,0.465
TRACE 895289,44.72,45.50,0.453
TRACE 897079,44.82,46.00,0.410
TRACE 898907,44.93,46.00,0.413
TRACE 900677,45.04,46.00,0.416
TRACE 902480,45.15,46.00,0.419
TRACE 904290,45.26,46.50,-0.424
TRACE 906109,45.37,47.00,-0.468
TRACE 907942,45.48,47.00,-0.433
TRACE 909775,45.59,47.00,0.403
TRACE 911580,45.69,47.00,0.406
TRACE 913406,45.80,47.00,0.409
TRACE 915219,45.91,47.00,0.413
TRACE 917034,46.02,47.00,0.447
TRACE 918836,46.13,47.00,0.482
TRACE 920643,46.24,47.00,0.485
TRACE 922436,46.35,47.00,0.488
TRACE 924237,46.45,47.00,0.492
TRACE 926049,46.56,47.00,0.495
TRACE 927859,46.67,48.00,0.405
TRACE 929661,46.78,48.00,0.408
TRACE 931463,46.89,48.00,0.411
TRACE 933255,47.00,49.00,-0.479
TRACE 935078,47.10,49.00,-0.475
TRACE 936895,47.21,49.00,-0.472
TRACE 938725,47.32,49.00,-0.469
TRACE 940556,47.43,49.00,-0.402
TRACE 942404,47.54,49.00,0.402
TRACE 944198,47.65,49.00,0.405
TRACE 946011,47.76,49.00,0.471
TRACE 947832,47.87,49.00,0.474
TRACE 949637,47.98,49.00,0.477
TRACE 951451,48.09,49.00,0.481
TRACE 953265,48.20,49.50,0.437
TRACE 955078,48.30,50.00,-0.406
TRACE 956909,48.41,50.00,-0.403
TRACE 958749,48.52,50.50,-0.445
TRACE 960582,48.63,51.00,-0.488
TRACE 962419,48.75,51.00,-0.485
TRACE 964224,48.85,51.00,-0.482
TRACE 966035,48.96,50.50,-0.401
TRACE 967852,49.07,50.00,0.480
TRACE 969661,49.18,50.00,0.483
TRACE 971469,49.29,50.00,0.518
TRACE 973279,49.40,50.00,0.553
TRACE 975095,49.51,50.00,0.556
TRACE 976899,49.61,50.00,0.560
TRACE 978726,49.72,50.00,0.531
TRACE 980546,49.83,50.00,0.503
TRACE 982319,49.94,50.00,0.506
TRACE 984128,50.05,51.00,0.416
TRACE 985946,50.16,51.00,0.420
TRACE 987756,50.27,51.00,0.423
TRACE 989560,50.37,51.00,0.426
TRACE 991358,50.48,52.00,-0.464
TRACE 993181,50.59,52.00,-0.461
TRACE 994983,50.70,52.50,-0.504
TRACE 996797,50.81,53.00,-0.484
TRACE 998624,50.92,53.00,-0.481
TRACE 1000426,51.03,53.00,-0.478
TRACE 1002241,51.13,53.00,-0.474
TRACE 1004058,51.24,53.00,-0.408
TRACE 1005873,51.35,52.00,0.489
TRACE 1007670,51.46,52.00,0.523
TRACE 1009476,51.57,52.00,0.558
TRACE 1011293,51.68,52.00,0.561
TRACE 1013106,51.79,52.00,0.565
TRACE 1014902,51.89,52.00,0.568
TRACE 1025356,52.52,52.00,0.561
TRACE 1027178,52.63,52.50,0.493
TRACE 1028989,52.74,53.00,0.463
TRACE 1030819,52.85,53.00,0.466
TRACE 1032655,52.96,53.00,0.469
TRACE 1034494,53.07,54.00,0.405
TRACE 1036304,53.18,54.00,0.409
TRACE 1038123,53.29,54.00,-0.439
TRACE 1039937,53.40,55.00,-0.497
TRACE 1041762,53.51,55.00,-0.462
TRACE 1043609,53.62,55.00,-0.459
TRACE 1045451,53.73,55.50,-0.501
TRACE 1047293,53.84,55.50,-0.436
TRACE 1049134,53.95,55.50,-0.432
TRACE 1050947,54.06,55.00,0.417
TRACE 1052759,54.17,55.00,0.483
TRACE 1054581,54.27,55.00,0.486
TRACE 1056411,54.38,55.00,0.490
TRACE 1058218,54.49,55.00,0.524
TRACE 1060041,54.60,55.00,0.527
TRACE 1061891,54.71,55.00,0.531
TRACE 1063697,54.82,55.00,0.503
TRACE 1065518,54.93,55.00,0.506
TRACE 1067342,55.04,55.50,0.463
TRACE 1069153,55.15,56.00,0.420
TRACE 1070959,55.26,56.00,0.423
TRACE 1072767,55.37,56.00,0.426
TRACE 1074636,55.48,57.00,-0.463
TRACE 1076459,55.59,57.00,-0.460
TRACE 1078314,55.70,57.00,-0.456
TRACE 1080137,55.81,57.00,-0.422
TRACE 1081975,55.92,57.50,-0.433
TRACE 1083781,56.03,57.00,0.416
TRACE 1085605,56.14,57.00,0.420
TRACE 1087431,56.25,57.00,0.485
TRACE 1089228,56.35,57.00,0.489
TRACE 1091027,56.46,57.00,0.492
TRACE 1092830,56.57,57.00,0.495
TRACE 1094635,56.68,57.50,0.483
TRACE 1096436,56.79,58.00,0.408
TRACE 1098240,56.89,58.00,0.412
TRACE 1100033,57.00,58.00,0.415
TRACE 1101843,57.11,59.00,-0.476
TRACE 1103670,57.22,59.00,-0.472
TRACE 1105499,57.33,59.00,-0.468
TRACE 1107313,57.44,59.00,-0.433
TRACE 1109128,57.55,59.00,0.401
TRACE 1110927,57.66,59.00,0.405
TRACE 1112714,57.76,59.00,0.408
TRACE 1114524,57.87,59.00,0.474
TRACE 1116341,57.98,59.00,0.477
TRACE 1118138,58.09,59.50,0.434
TRACE 1119944,58.20,60.00,-0.409
TRACE 1121768,58.31,60.00,-0.406
TRACE 1123594,58.42,60.00,-0.403
TRACE 1125401,58.52,61.00,-0.492
TRACE 1127212,58.63,61.00,-0.489
TRACE 1129040,58.74,60.50,-0.439
TRACE 1130855,58.85,60.00,0.442
TRACE 1132669,58.96,60.00,0.477
TRACE 1134487,59.07,60.00,0.480
TRACE 1136305,59.18,60.00,0.483
TRACE 1138107,59.29,60.00,0.550
TRACE 1139921,59.40,60.00,0.553
TRACE 1141728,59.50,60.00,0.525
TRACE 1143520,59.61,60.00,0.496
TRACE 1145313,59.72,60.00,0.500
TRACE 1147125,59.83,61.00,0.410
TRACE 1148954,59.94,61.00,0.413
TRACE 1150749,60.04,61.00,0.416
TRACE 1152558,60.15,61.00,0.419
TRACE 1154340,60.26,61.50,-0.424
TRACE 1156162,60.37,62.00,-0.467
TRACE 1157993,60.48,62.00,-0.464
TRACE 1159822,60.59,62.00,0.403
TRACE 1161633,60.70,62.00,0.406
TRACE 1163425,60.81,62.00,0.409
TRACE 1165240,60.91,62.50,-0.434
TRACE 1167045,61.02,63.00,-0.446
TRACE 1168859,61.13,63.00,-0.411
TRACE 1170672,61.24,63.00,-0.408
TRACE 1172494,61.35,63.00,-0.405
TRACE 1174306,61.46,63.00,-0.401
TRACE 1176142,61.57,62.50,0.449
TRACE 1177960,61.68,62.00,0.530
TRACE 1179759,61.79,62.00,0.564
TRACE 1181585,61.90,62.00,0.568
TRACE 1183400,62.00,62.00,0.571
TRACE 1185207,62.11,62.00,0.574
TRACE 1187037,62.22,62.00,0.578
TRACE 1188828,62.33,63.00,0.456
TRACE 1190630,62.44,63.00,0.428
TRACE 1192442,62.55,63.00,0.431
TRACE 1194232,62.65,63.00,0.434
TRACE 1196035,62.76,64.00,-0.456
TRACE 1197851,62.87,64.00,-0.452
TRACE 1199676,62.98,64.00,-0.449
TRACE 1201510,63.09,65.00,-0.475
TRACE 1203343,63.20,65.00,-0.472
TRACE 1205190,63.31,65.00,-0.468
TRACE 1206999,63.42,65.00,-0.465
TRACE 1208825,63.53,65.00,0.401
TRACE 1210622,63.64,65.00,0.404
TRACE 1212419,63.75,65.00,0.408
TRACE 1214232,63.85,65.00,0.474
TRACE 1216016,63.96,65.00,0.477
TRACE 1217830,64.07,65.00,0.480
TRACE 1228282,64.70,66.00,0.431
TRACE 1230114,64.81,67.00,-0.433
TRACE 1231940,64.92,67.00,-0.430
TRACE 1233779,65.03,67.00,-0.426
TRACE 1235608,65.14,67.00,-0.423
TRACE 1237456,65.25,67.00,-0.419
TRACE 1239302,65.36,67.00,-0.416
TRACE 1241151,65.47,67.00,-0.400
TRACE 1242966,65.58,67.00,0.465
TRACE 1244781,65.69,67.00,0.469
TRACE 1246601,65.80,67.00,0.472
TRACE 1248421,65.91,66.50,0.521
TRACE 1250229,66.01,66.50,0.525
TRACE 1252055,66.12,67.00,0.482
TRACE 1253884,66.23,67.00,0.485
TRACE 1255702,66.34,67.00,0.488
TRACE 1257525,66.45,67.00,0.492
TRACE 1259360,66.56,67.00,0.495
TRACE 1261168,66.67,67.00,0.467
TRACE 1262969,66.78,67.00,0.470
TRACE 1264825,66.89,68.00,0.412
TRACE 1266635,67.00,68.00,0.415
TRACE 1268453,67.11,68.00,0.418
TRACE 1270272,67.22,69.00,-0.471
TRACE 1272077,67.32,69.00,-0.468
TRACE 1273915,67.43,69.00,-0.464
TRACE 1275731,67.54,69.00,-0.461
TRACE 1277601,67.66,69.00,0.405
TRACE 1279409,67.76,69.00,0.408
TRACE 1281274,67.88,69.50,-0.434
TRACE 1283112,67.99,70.00,-0.415
TRACE 1284914,68.09,70.00,-0.411
TRACE 1286732,68.20,70.00,-0.408
TRACE 1288559,68.31,70.00,-0.405
TRACE 1290382,68.42,70.00,-0.402
TRACE 1292198,68.53,70.00,0.401
TRACE 1294002,68.64,70.00,0.436
TRACE 1295803,68.75,70.00,0.470
TRACE 1297607,68.86,70.00,0.474
TRACE 1299429,68.97,70.00,0.477
TRACE 1301250,69.08,70.00,0.480
TRACE 1303061,69.18,70.00,0.484
TRACE 1304871,69.29,70.00,0.487
TRACE 1306677,69.40,71.00,-0.403
TRACE 1308522,69.51,71.00,0.400
TRACE 1310329,69.62,71.00,0.404
TRACE 1312140,69.73,71.00,0.407
TRACE 1313945,69.84,71.00,0.410
TRACE 1315746,69.94,71.00,0.413
TRACE 1317551,70.05,72.00,-0.477
TRACE 1319385,70.16,72.00,-0.410
TRACE 1321200,70.27,72.00,-0.407
TRACE 1323026,70.38,72.00,-0.404
TRACE 1324855,70.49,72.00,-0.400
TRACE 1326659,70.60,72.00,0.403
TRACE 1328444,70.71,72.00,0.406
TRACE 1330258,70.82,72.00,0.472
TRACE 1332079,70.92,72.00,0.476
TRACE 1333870,71.03,72.00,0.479
TRACE 1335676,71.14,72.00,0.482
TRACE 1337486,71.25,72.00,0.485
TRACE 1339301,71.36,72.00,0.489
TRACE 1341093,71.47,72.00,0.492
TRACE 1342922,71.58,72.00,0.495
TRACE 1344734,71.68,72.00,0.499
TRACE 1346528,71.79,72.00,0.502
TRACE 1348344,71.90,73.00,0.412
TRACE 1350144,72.01,73.00,0.415
TRACE 1351954,72.12,73.00,0.418
TRACE 1353758,72.23,73.00,0.422
TRACE 1355574,72.33,74.00,-0.468
TRACE 1357399,72.44,74.00,-0.465
TRACE 1359239,72.55,74.00,-0.461
TRACE 1361074,72.66,74.50,-0.441
TRACE 1362908,72.77,75.00,-0.484
TRACE 1364722,72.88,75.00,-0.481
TRACE 1366539,72.99,75.00,-0.477
TRACE 1368357,73.10,75.00,-0.412
TRACE 1370165,73.21,75.00,-0.408
TRACE 1371971,73.32,75.00,-0.405
TRACE 1373783,73.43,74.50,0.476
TRACE 1375586,73.54,74.50,0.511
TRACE 1377392,73.64,74.00,0.560
TRACE 1379202,73.75,74.50,0.517
TRACE 1381010,73.86,75.00,0.474
TRACE 1382836,73.97,75.00,0.477
TRACE 1384618,74.08,75.00,0.480
TRACE 1386433,74.19,75.00,0.452
TRACE 1388234,74.29,76.00,-0.438
TRACE 1390069,74.40,76.00,-0.466
TRACE 1391898,74.51,76.00,-0.431
TRACE 1393729,74.62,77.00,-0.489
TRACE 1395558,74.73,77.00,-0.486
TRACE 1397384,74.84,77.00,-0.482
TRACE 1399199,74.95,77.00,-0.479
TRACE 1401013,75.06,77.00,-0.413
TRACE 1402830,75.17,77.00,-0.410
TRACE 1404649,75.28,76.50,0.440
TRACE 1406469,75.39,76.00,0.552
TRACE 1408285,75.50,76.00,0.556
TRACE 1410118,75.61,76.00,0.559
TRACE 1411916,75.71,76.50,0.516
TRACE 1413715,75.82,77.00,0.473
TRACE 1415551,75.93,77.00,0.476
TRACE 1417357,76.04,77.00,0.448
TRACE 1419143,76.15,77.00,0.419
TRACE 1420956,76.26,77.50,-0.424
TRACE 1431460,76.89,79.00,-0.468
TRACE 1433269,77.00,80.00,-0.513
TRACE 1435110,77.11,80.00,-0.491
TRACE 1436947,77.22,80.00,-0.488
TRACE 1438768,77.33,80.00,-0.484
TRACE 1440596,77.44,80.00,-0.481
TRACE 1442434,77.55,80.00,-0.459
TRACE 1444269,77.66,80.00,-0.425
TRACE 1446087,77.77,80.00,0.441
TRACE 1447913,77.87,79.50,0.490
TRACE 1449720,77.98,79.00,0.540
TRACE 1451526,78.09,79.50,0.497
TRACE 1453368,78.20,80.00,0.454
TRACE 1455191,78.31,80.00,0.457
TRACE 1457004,78.42,80.00,0.461
TRACE 1458802,78.53,80.00,0.464
TRACE 1460614,78.64,81.00,-0.457
TRACE 1462454,78.75,81.00,-0.485
TRACE 1464252,78.86,81.00,-0.451
TRACE 1466073,78.96,81.00,-0.416
TRACE 1467942,79.08,81.00,-0.412
TRACE 1469757,79.19,81.00,-0.409
TRACE 1471619,79.30,81.00,-0.406
TRACE 1473439,79.41,81.00,0.460
TRACE 1475282,79.52,81.00,0.464
TRACE 1477071,79.62,81.00,0.467
TRACE 1478888,79.73,81.50,0.424
TRACE 1480702,79.84,82.00,-0.419
TRACE 1482534,79.95,82.00,-0.416
TRACE 1484402,80.06,82.00,-0.413
TRACE 1486220,80.17,82.00,-0.409
TRACE 1488038,80.28,82.00,-0.406
TRACE 1489876,80.39,82.00,-0.403
TRACE 1491692,80.50,81.50,0.478
TRACE 1493484,80.61,81.00,0.559
TRACE 1495308,80.72,81.00,0.562
TRACE 1497136,80.83,81.00,0.566
TRACE 1498930,80.94,81.00,0.569
TRACE 1500727,81.04,81.50,0.516
TRACE 1502622,81.16,82.00,0.472
TRACE 1504505,81.27,82.00,0.443
TRACE 1506378,81.38,82.00,0.415
>>> 
HOST arm.nominal = 90
arm.nominal = 90
>>> 
HOST r = arm.move_to(0, "tuning_kfs040")
r = arm.move_to(0, "tuning_kfs040")
RESULT {"loops": 1025, "overshoot": 0.5, "t_reach": 1.6492, "type": "move", "t_settle": 1.8155, "target": 0, "state": "done", "q": null, "tag": "tuning_kfs040", "err": 0.0, "err_rest": 0.0, "ok": true, "max_dt_us": 10525, "t_profile": 1.8, "start": 90.0, "max_track_err": 2.18}
>>> 
HOST arm_test.cmd_trace(arm, [])
arm_test.cmd_trace(arm, [])
TRACE t_us,ref_deg,pos_deg,duty
TRACE 989,90.00,90.00,-0.410
TRACE 2990,90.00,90.00,-0.411
TRACE 4844,90.00,90.00,-0.412
TRACE 6665,90.00,90.00,-0.413
TRACE 8459,89.99,90.00,-0.413
TRACE 10286,89.99,90.00,-0.414
TRACE 12090,89.99,90.00,-0.415
TRACE 13937,89.98,90.00,-0.416
TRACE 15763,89.98,90.00,-0.416
TRACE 17592,89.97,89.50,0.429
TRACE 19370,89.96,89.50,0.428
TRACE 21136,89.96,90.00,-0.419
TRACE 22939,89.95,90.00,-0.420
TRACE 24732,89.94,90.00,-0.421
TRACE 26519,89.93,90.00,-0.422
TRACE 28327,89.92,90.00,-0.423
TRACE 30119,89.91,90.00,-0.455
TRACE 31947,89.90,90.00,-0.456
TRACE 33734,89.89,90.00,-0.426
TRACE 35528,89.87,90.00,-0.427
TRACE 37366,89.86,90.00,-0.428
TRACE 39161,89.85,89.50,0.418
TRACE 40963,89.83,89.50,0.417
TRACE 42759,89.82,89.50,0.416
TRACE 44537,89.80,89.50,0.415
TRACE 46323,89.79,90.00,-0.433
TRACE 48105,89.77,90.00,-0.434
TRACE 49946,89.75,90.00,-0.435
TRACE 51739,89.73,90.00,-0.468
TRACE 53564,89.71,90.00,-0.470
TRACE 55358,89.69,90.00,-0.471
TRACE 57167,89.67,90.00,-0.472
TRACE 58966,89.65,90.00,-0.442
TRACE 60740,89.63,90.00,-0.443
TRACE 62556,89.61,89.00,0.449
TRACE 64357,89.59,89.00,0.448
TRACE 66122,89.56,89.00,0.447
TRACE 67895,89.54,89.00,0.446
TRACE 69669,89.51,89.00,0.444
TRACE 71448,89.49,89.50,-0.404
TRACE 73221,89.46,90.00,-0.452
TRACE 75002,89.44,90.00,-0.518
TRACE 76803,89.41,90.00,-0.520
TRACE 78597,89.38,90.00,-0.521
TRACE 80393,89.35,90.00,-0.522
TRACE 82209,89.32,90.00,-0.524
TRACE 83996,89.29,90.00,-0.493
TRACE 85806,89.26,90.00,-0.463
TRACE 87608,89.23,89.50,-0.418
TRACE 89414,89.20,89.00,0.427
TRACE 91199,89.17,89.00,0.426
TRACE 92942,89.14,89.00,0.424
TRACE 94713,89.10,89.00,0.423
TRACE 96492,89.07,89.00,0.421
TRACE 98262,89.03,89.00,0.420
TRACE 100028,89.00,89.00,-0.414
TRACE 101808,88.96,89.00,-0.448
TRACE 103598,88.93,90.00,-0.544
TRACE 105405,88.89,90.00,-0.545
TRACE 107216,88.85,90.00,-0.547
TRACE 109017,88.81,90.00,-0.549
TRACE 110800,88.77,90.00,-0.551
TRACE 112614,88.73,90.00,-0.552
TRACE 114391,88.69,90.00,-0.554
TRACE 116196,88.65,90.00,-0.492
TRACE 117985,88.61,89.50,-0.447
TRACE 119795,88.56,89.00,-0.403
TRACE 121578,88.52,89.00,-0.404
TRACE 123371,88.48,89.00,-0.406
TRACE 125154,88.43,89.00,-0.408
TRACE 126957,88.39,89.00,-0.410
TRACE 128733,88.34,89.00,-0.412
TRACE 130532,88.30,88.00,0.448
TRACE 132300,88.25,88.00,0.414
TRACE 134114,88.20,88.00,0.412
TRACE 135884,88.15,88.00,0.410
TRACE 137658,88.11,88.00,0.408
TRACE 139427,88.06,88.00,0.406
TRACE 141228,88.01,88.00,0.403
TRACE 143006,87.95,88.00,-0.463
TRACE 144796,87.90,89.00,-0.559
TRACE 146578,87.85,89.00,-0.561
TRACE 148386,87.80,89.00,-0.563
TRACE 150154,87.75,89.00,-0.566
TRACE 151935,87.69,89.00,-0.568
TRACE 153739,87.64,88.50,-0.523
TRACE 155515,87.58,88.00,-0.479
TRACE 157289,87.53,88.00,-0.417
TRACE 159076,87.47,87.50,0.428
TRACE 160844,87.41,87.00,0.473
TRACE 162616,87.36,87.00,0.471
TRACE 164389,87.30,87.00,0.468
TRACE 166174,87.24,87.00,0.434
TRACE 167947,87.18,87.00,-0.401
TRACE 169752,87.12,87.00,-0.403
TRACE 171552,87.06,87.00,-0.438
TRACE 173323,87.00,87.00,-0.473
TRACE 175090,86.93,87.00,-0.475
TRACE 176876,86.87,87.00,-0.478
TRACE 178661,86.81,86.00,0.414
TRACE 180429,86.74,86.00,0.411
TRACE 182206,86.68,86.00,0.409
TRACE 183986,86.61,86.00,0.407
TRACE 185773,86.55,86.50,-0.443
TRACE 187565,86.48,87.00,-0.493
TRACE 189357,86.41,87.00,-0.496
TRACE 191134,86.35,87.00,-0.563
TRACE 192937,86.28,87.00,-0.565
TRACE 194724,86.21,87.00,-0.568
TRACE 205157,85.79,85.50,-0.456
TRACE 206948,85.72,85.00,-0.406
TRACE 208741,85.64,85.00,0.410
TRACE 210531,85.57,85.00,0.407
TRACE 212313,85.49,84.50,0.438
TRACE 214108,85.42,84.00,0.469
TRACE 215883,85.34,84.00,0.466
TRACE 217665,85.26,84.50,-0.402
TRACE 219462,85.18,85.00,-0.483
TRACE 221268,85.10,85.00,-0.487
TRACE 223068,85.02,85.00,-0.490
TRACE 224860,84.94,85.00,-0.525
TRACE 226680,84.86,85.00,-0.559
TRACE 228509,84.78,85.00,-0.562
TRACE 230310,84.70,85.00,-0.534
TRACE 232100,84.61,85.00,-0.505
TRACE 233903,84.53,85.00,-0.508
TRACE 235723,84.44,84.50,-0.465
TRACE 237541,84.36,84.00,-0.422
TRACE 239324,84.27,84.00,-0.425
TRACE 241145,84.18,84.00,-0.428
TRACE 242952,84.10,84.00,-0.431
TRACE 244753,84.01,83.50,0.412
TRACE 246523,83.92,83.00,0.456
TRACE 248305,83.83,83.00,0.421
TRACE 250070,83.75,83.00,-0.414
TRACE 251881,83.66,83.00,-0.417
TRACE 253706,83.56,83.00,-0.421
TRACE 255499,83.47,83.00,-0.424
TRACE 257336,83.38,83.00,-0.460
TRACE 259113,83.29,83.00,-0.495
TRACE 260877,83.19,83.00,-0.498
TRACE 262673,83.10,83.00,-0.502
TRACE 264457,83.01,83.00,-0.505
TRACE 266254,82.91,83.00,-0.509
TRACE 268034,82.82,83.00,-0.512
TRACE 269822,82.72,83.00,-0.516
TRACE 271625,82.62,83.00,-0.519
TRACE 273413,82.52,83.00,-0.523
TRACE 275222,82.43,82.00,-0.433
TRACE 277012,82.33,82.00,-0.436
TRACE 278781,82.23,82.00,-0.440
TRACE 280553,82.13,82.00,-0.443
TRACE 282333,82.03,81.00,0.447
TRACE 284099,81.93,81.00,0.444
TRACE 285878,81.83,81.00,0.440
TRACE 287649,81.73,81.00,-0.427
TRACE 289432,81.62,81.00,-0.431
TRACE 291218,81.52,81.00,-0.435
TRACE 293019,81.41,81.00,-0.439
TRACE 294797,81.31,81.00,-0.507
TRACE 296576,81.20,80.50,-0.464
TRACE 298344,81.10,80.00,-0.420
TRACE 300143,80.99,80.00,-0.414
TRACE 301962,80.88,80.00,-0.418
TRACE 303794,80.77,79.00,0.472
TRACE 305604,80.66,79.00,0.469
TRACE 307391,80.56,79.00,0.466
TRACE 309219,80.45,79.00,0.430
TRACE 311029,80.34,79.00,-0.405
TRACE 312871,80.23,79.00,-0.408
TRACE 314705,80.12,79.00,-0.412
TRACE 316541,80.01,79.50,-0.524
TRACE 318349,79.90,79.50,-0.527
TRACE 320179,79.79,79.50,-0.531
TRACE 322010,79.68,79.50,-0.534
TRACE 323825,79.57,79.50,-0.537
TRACE 325646,79.46,79.00,-0.494
TRACE 327470,79.35,79.00,-0.497
TRACE 329289,79.24,79.00,-0.469
TRACE 331109,79.13,79.00,-0.473
TRACE 332934,79.02,79.00,-0.476
TRACE 334763,78.91,79.00,-0.479
TRACE 336594,78.80,79.00,-0.483
TRACE 338429,78.69,79.00,-0.517
TRACE 340267,78.58,78.00,-0.428
TRACE 342081,78.48,78.00,-0.431
TRACE 343907,78.37,78.00,-0.435
TRACE 345731,78.26,77.00,0.455
TRACE 347538,78.15,77.00,0.452
TRACE 349330,78.04,77.00,0.449
TRACE 351136,77.93,77.00,0.446
TRACE 352943,77.82,77.00,-0.420
TRACE 354755,77.71,77.00,-0.423
TRACE 356573,77.61,77.00,-0.427
TRACE 358401,77.50,77.00,-0.493
TRACE 360233,77.39,77.00,-0.496
TRACE 362061,77.28,76.50,-0.453
TRACE 363880,77.17,76.50,-0.457
TRACE 365725,77.06,76.50,-0.460
TRACE 367535,76.95,76.00,-0.417
TRACE 369372,76.84,76.00,-0.420
TRACE 371205,76.73,76.00,-0.424
TRACE 373020,76.62,76.00,-0.427
TRACE 374855,76.51,76.00,-0.461
TRACE 376680,76.40,76.00,-0.465
TRACE 378494,76.29,76.00,-0.468
TRACE 380329,76.18,76.00,-0.503
TRACE 382148,76.07,76.00,-0.506
TRACE 383969,75.96,76.00,-0.509
TRACE 385790,75.85,76.00,-0.512
TRACE 387618,75.74,76.00,-0.516
TRACE 389459,75.63,76.00,-0.519
TRACE 391284,75.52,75.50,-0.476
TRACE 393114,75.41,75.00,-0.433
TRACE 394949,75.30,75.00,-0.436
TRACE 405392,74.68,73.00,0.454
TRACE 407211,74.57,73.00,0.451
TRACE 409051,74.46,73.00,0.448
TRACE 410885,74.35,73.00,0.444
TRACE 412688,74.24,73.00,0.423
TRACE 414504,74.13,73.00,0.401
TRACE 416308,74.02,73.00,-0.402
TRACE 418146,73.91,73.00,-0.481
TRACE 419953,73.80,73.50,-0.530
TRACE 421805,73.69,74.00,-0.580
TRACE 423620,73.58,74.00,-0.583
TRACE 425440,73.47,73.50,-0.540
TRACE 427301,73.36,73.00,-0.497
TRACE 429154,73.25,73.00,-0.500
TRACE 430982,73.14,73.00,-0.504
TRACE 432831,73.03,73.00,-0.476
TRACE 434662,72.92,72.50,-0.402
TRACE 436507,72.81,72.00,0.440
TRACE 438314,72.70,72.00,0.406
TRACE 440132,72.59,71.00,0.464
TRACE 441934,72.48,71.00,0.462
TRACE 443748,72.38,71.00,0.459
TRACE 445619,72.26,71.00,0.455
TRACE 447429,72.15,71.00,0.421
TRACE 449266,72.04,71.50,-0.460
TRACE 451078,71.94,72.00,-0.510
TRACE 452944,71.82,72.00,-0.576
TRACE 454769,71.71,72.00,-0.579
TRACE 456627,71.60,72.00,-0.582
TRACE 458484,71.49,72.00,-0.585
TRACE 460299,71.38,71.50,-0.543
TRACE 462122,71.27,71.00,-0.469
TRACE 463954,71.16,71.00,-0.441
TRACE 465793,71.05,71.00,-0.444
TRACE 467616,70.94,71.00,-0.447
TRACE 469464,70.83,70.50,-0.405
TRACE 471291,70.72,70.00,0.439
TRACE 473097,70.61,70.00,0.404
TRACE 474914,70.51,69.50,0.416
TRACE 476728,70.40,69.00,0.459
TRACE 478545,70.29,69.00,0.456
TRACE 480335,70.18,69.50,0.407
TRACE 482162,70.07,70.00,-0.474
TRACE 483993,69.96,70.00,-0.509
TRACE 485812,69.85,70.00,-0.512
TRACE 487649,69.74,70.00,-0.547
TRACE 489475,69.63,70.00,-0.582
TRACE 491294,69.52,70.00,-0.585
TRACE 493122,69.41,70.00,-0.557
TRACE 494975,69.30,70.00,-0.529
TRACE 496797,69.19,69.50,-0.486
TRACE 498641,69.08,69.00,-0.443
TRACE 500455,68.97,69.00,-0.446
TRACE 502283,68.86,69.00,-0.450
TRACE 504100,68.75,69.00,-0.453
TRACE 505930,68.64,68.00,0.436
TRACE 507738,68.54,68.00,0.433
TRACE 509543,68.43,68.00,-0.401
TRACE 511366,68.32,67.50,0.411
TRACE 513184,68.21,67.00,0.454
TRACE 514987,68.10,67.00,0.451
TRACE 516771,67.99,67.00,0.448
TRACE 518574,67.89,67.00,-0.418
TRACE 520396,67.78,67.50,-0.468
TRACE 522229,67.67,68.00,-0.518
TRACE 524060,67.56,68.00,-0.553
TRACE 525888,67.45,68.00,-0.588
TRACE 527706,67.34,67.50,-0.544
TRACE 529512,67.23,67.00,-0.501
TRACE 531333,67.12,67.00,-0.504
TRACE 533156,67.01,67.00,-0.476
TRACE 534971,66.90,67.00,-0.448
TRACE 536803,66.79,66.00,0.441
TRACE 538626,66.68,66.00,0.438
TRACE 540428,66.57,66.00,0.404
TRACE 542244,66.47,66.00,-0.431
TRACE 544070,66.36,66.00,-0.435
TRACE 545875,66.25,66.00,-0.438
TRACE 547700,66.14,66.00,-0.441
TRACE 549544,66.03,65.50,-0.461
TRACE 551363,65.92,65.00,-0.418
TRACE 553195,65.81,65.00,-0.421
TRACE 555021,65.70,65.00,-0.424
TRACE 556823,65.59,65.00,-0.428
TRACE 558641,65.48,64.50,0.415
TRACE 560462,65.37,64.00,0.459
TRACE 562273,65.26,64.00,0.424
TRACE 564085,65.15,64.00,-0.410
TRACE 565905,65.05,64.00,-0.414
TRACE 567744,64.94,64.00,-0.417
TRACE 569572,64.83,64.00,-0.420
TRACE 571407,64.72,64.00,-0.455
TRACE 573246,64.61,63.50,-0.444
TRACE 575078,64.50,63.00,-0.401
TRACE 576906,64.39,63.00,-0.404
TRACE 578748,64.28,63.00,-0.407
TRACE 580556,64.17,63.00,-0.411
TRACE 582383,64.06,62.50,0.432
TRACE 584211,63.95,62.00,0.475
TRACE 586051,63.84,62.00,0.441
TRACE 587880,63.73,62.00,0.406
TRACE 589682,63.62,62.00,0.403
TRACE 591504,63.51,62.00,0.400
TRACE 593309,63.40,62.00,-0.403
TRACE 595123,63.29,62.00,-0.438
TRACE 605648,62.66,61.00,-0.421
TRACE 607507,62.55,61.00,-0.424
TRACE 609329,62.44,61.00,-0.427
TRACE 611155,62.33,61.00,-0.431
TRACE 613011,62.22,61.00,-0.434
TRACE 614852,62.11,61.00,-0.438
TRACE 616698,62.00,61.00,-0.441
TRACE 618531,61.89,60.00,0.411
TRACE 620363,61.78,60.00,0.408
TRACE 622182,61.67,60.00,0.404
TRACE 623991,61.56,59.50,0.447
TRACE 625792,61.45,59.50,0.444
TRACE 627615,61.34,60.00,-0.405
TRACE 629444,61.23,60.00,-0.408
TRACE 631295,61.12,60.00,-0.474
TRACE 633108,61.01,60.00,-0.478
TRACE 634935,60.90,60.00,-0.481
TRACE 636763,60.79,60.00,-0.515
TRACE 638580,60.69,60.00,-0.519
TRACE 640441,60.57,60.00,-0.491
TRACE 642267,60.46,60.00,-0.494
TRACE 644132,60.35,59.50,-0.451
TRACE 645942,60.24,59.00,-0.408
TRACE 647779,60.13,59.00,-0.412
TRACE 649631,60.02,59.00,-0.415
TRACE 651453,59.91,59.00,-0.418
TRACE 653278,59.80,59.00,-0.422
TRACE 655107,59.69,59.00,-0.425
TRACE 656978,59.58,58.50,-0.413
TRACE 658801,59.47,58.00,-0.402
TRACE 660639,59.36,58.00,-0.405
TRACE 662470,59.25,57.50,0.438
TRACE 664271,59.14,57.00,0.481
TRACE 666091,59.03,57.00,0.478
TRACE 667908,58.93,57.00,0.475
TRACE 669731,58.82,57.00,0.441
TRACE 671554,58.71,57.00,0.406
TRACE 673363,58.60,57.00,0.403
TRACE 675182,58.49,57.00,-0.432
TRACE 677012,58.38,57.00,-0.467
TRACE 678834,58.27,57.00,-0.470
TRACE 680659,58.16,57.00,-0.473
TRACE 682469,58.05,57.00,-0.476
TRACE 684287,57.94,57.00,-0.480
TRACE 686109,57.83,56.00,0.410
TRACE 687919,57.72,56.00,0.407
TRACE 689739,57.62,56.00,0.403
TRACE 691575,57.51,56.00,-0.400
TRACE 693401,57.40,56.00,-0.403
TRACE 695213,57.29,56.00,-0.407
TRACE 697044,57.18,56.50,-0.456
TRACE 698866,57.07,56.50,-0.522
TRACE 700689,56.96,56.50,-0.526
TRACE 702520,56.85,56.50,-0.529
TRACE 704362,56.74,56.50,-0.532
TRACE 706189,56.63,56.00,-0.489
TRACE 707992,56.52,56.00,-0.492
TRACE 709830,56.41,56.00,-0.464
TRACE 711643,56.30,56.00,-0.468
TRACE 713461,56.19,56.00,-0.471
TRACE 715281,56.08,56.00,-0.474
TRACE 717111,55.97,56.00,-0.477
TRACE 718934,55.86,56.00,-0.512
TRACE 720776,55.75,55.00,-0.423
TRACE 722614,55.64,55.00,-0.426
TRACE 724461,55.53,55.00,-0.430
TRACE 726296,55.42,55.00,-0.433
TRACE 728127,55.31,54.00,0.456
TRACE 729956,55.20,54.00,0.453
TRACE 731780,55.09,54.00,0.449
TRACE 733614,54.98,54.00,-0.416
TRACE 735434,54.87,54.00,-0.419
TRACE 737267,54.76,54.00,-0.423
TRACE 739078,54.66,54.00,-0.426
TRACE 740908,54.55,53.50,-0.445
TRACE 742747,54.44,53.00,-0.402
TRACE 744581,54.33,53.00,-0.406
TRACE 746411,54.22,53.00,-0.409
TRACE 748256,54.10,53.00,-0.412
TRACE 750074,54.00,53.00,-0.416
TRACE 751907,53.89,52.00,0.473
TRACE 753705,53.78,52.00,0.439
TRACE 755512,53.67,52.00,0.405
TRACE 757323,53.56,52.00,0.402
TRACE 759126,53.45,52.00,-0.402
TRACE 760950,53.34,52.00,-0.405
TRACE 762778,53.23,51.50,0.438
TRACE 764596,53.12,51.50,-0.428
TRACE 766431,53.01,51.50,-0.431
TRACE 768242,52.91,51.50,-0.434
TRACE 770080,52.80,51.50,-0.438
TRACE 771921,52.68,51.00,0.405
TRACE 773703,52.58,51.00,0.402
TRACE 775512,52.47,51.00,-0.433
TRACE 777347,52.36,51.50,-0.482
TRACE 779184,52.25,51.50,-0.486
TRACE 780984,52.14,51.50,-0.489
TRACE 782815,52.03,51.50,-0.492
TRACE 784635,51.92,51.50,-0.527
TRACE 786465,51.81,51.00,-0.484
TRACE 788286,51.70,51.00,-0.487
TRACE 790124,51.59,51.00,-0.459
TRACE 791953,51.48,51.00,-0.462
TRACE 793774,51.37,51.00,-0.466
TRACE 804238,50.75,50.00,-0.430
TRACE 806078,50.64,50.00,-0.433
TRACE 807909,50.53,50.00,-0.455
TRACE 809746,50.42,49.00,0.409
TRACE 811580,50.31,49.00,0.406
TRACE 813400,50.20,49.00,0.402
TRACE 815229,50.09,49.00,-0.401
TRACE 817074,49.98,49.00,-0.416
TRACE 818907,49.87,49.00,-0.420
TRACE 820750,49.75,49.00,-0.423
TRACE 822597,49.64,49.00,-0.489
TRACE 824413,49.54,49.00,-0.492
TRACE 826286,49.42,49.00,-0.495
TRACE 828133,49.31,48.00,-0.407
TRACE 829952,49.20,48.00,-0.410
TRACE 831769,49.09,48.00,-0.413
TRACE 833603,48.98,47.00,0.476
TRACE 835426,48.87,47.00,0.473
TRACE 837208,48.77,47.00,0.470
TRACE 839061,48.66,47.00,0.467
TRACE 840888,48.55,47.00,0.401
TRACE 842697,48.44,47.00,-0.402
TRACE 844521,48.33,47.00,-0.405
TRACE 846352,48.22,47.00,-0.471
TRACE 848220,48.11,47.00,-0.475
TRACE 850040,48.00,47.00,-0.478
TRACE 851904,47.89,46.50,-0.435
TRACE 853741,47.78,46.00,0.408
TRACE 855567,47.67,46.00,0.404
TRACE 857375,47.56,46.00,0.401
TRACE 859194,47.45,46.00,-0.402
TRACE 861031,47.34,47.00,-0.498
TRACE 862867,47.23,47.00,-0.501
TRACE 864701,47.12,47.00,-0.536
TRACE 866527,47.01,47.00,-0.570
TRACE 868356,46.90,47.00,-0.574
TRACE 870185,46.79,47.00,-0.577
TRACE 872019,46.68,46.00,-0.488
TRACE 873841,46.57,46.00,-0.428
TRACE 875665,46.46,46.00,-0.432
TRACE 877490,46.35,46.00,-0.435
TRACE 879319,46.24,46.00,-0.438
TRACE 881135,46.13,46.00,-0.441
TRACE 882945,46.02,45.50,0.402
TRACE 884761,45.91,45.00,-0.418
TRACE 886568,45.81,45.00,-0.421
TRACE 888424,45.69,45.00,-0.424
TRACE 890269,45.58,45.00,-0.428
TRACE 892071,45.48,45.00,-0.431
TRACE 893884,45.37,44.00,0.459
TRACE 895698,45.26,44.00,0.424
TRACE 897511,45.15,44.00,-0.411
TRACE 899331,45.04,44.00,-0.414
TRACE 901147,44.93,44.00,-0.417
TRACE 902970,44.82,44.00,-0.420
TRACE 904782,44.71,44.00,-0.424
TRACE 906609,44.60,44.00,-0.490
TRACE 908434,44.49,43.50,-0.447
TRACE 910253,44.38,43.00,-0.404
TRACE 912080,44.28,43.00,-0.407
TRACE 913940,44.16,43.00,-0.411
TRACE 915771,44.05,43.00,-0.414
TRACE 917590,43.94,42.00,0.475
TRACE 919398,43.84,42.00,0.472
TRACE 921210,43.73,42.00,0.438
TRACE 923018,43.62,42.00,0.403
TRACE 924824,43.51,41.50,0.446
TRACE 926653,43.40,41.50,0.443
TRACE 928462,43.29,41.50,0.440
TRACE 930260,43.18,42.00,-0.472
TRACE 932076,43.08,42.00,-0.476
TRACE 933918,42.96,42.00,-0.479
TRACE 935750,42.86,42.00,-0.482
TRACE 937589,42.74,42.00,-0.517
TRACE 939414,42.64,41.50,-0.474
TRACE 941224,42.53,41.00,-0.431
TRACE 943051,42.42,41.00,-0.403
TRACE 944877,42.31,41.00,-0.406
TRACE 946693,42.20,41.00,-0.409
TRACE 948528,42.09,41.00,-0.413
TRACE 950351,41.98,41.00,-0.416
TRACE 952177,41.87,40.00,0.442
TRACE 953988,41.76,40.00,0.407
TRACE 955801,41.65,40.00,0.404
TRACE 957623,41.54,40.00,0.401
TRACE 959442,41.43,40.00,-0.402
TRACE 961273,41.32,40.00,-0.406
TRACE 963085,41.21,40.00,-0.409
TRACE 964903,41.11,40.00,-0.475
TRACE 966718,41.00,40.00,-0.478
TRACE 968542,40.89,40.00,-0.481
TRACE 970361,40.78,40.00,-0.485
TRACE 972185,40.67,40.00,-0.488
TRACE 973994,40.56,40.00,-0.491
TRACE 975831,40.45,39.50,-0.448
TRACE 977633,40.34,39.50,-0.451
TRACE 979441,40.23,39.50,-0.455
TRACE 981256,40.12,39.00,-0.411
TRACE 983100,40.01,39.00,-0.415
TRACE 984929,39.90,39.00,-0.418
TRACE 986755,39.79,39.00,-0.421
TRACE 988571,39.69,39.00,-0.456
TRACE 990394,39.58,39.00,-0.459
TRACE 992215,39.47,39.00,-0.463
TRACE 1002679,38.84,38.00,-0.445
TRACE 1004507,38.73,37.50,-0.415
TRACE 1006362,38.62,37.00,0.415
TRACE 1008178,38.51,37.00,0.412
TRACE 1010002,38.40,37.00,0.409
TRACE 1011841,38.29,36.50,0.439
TRACE 1013664,38.18,36.00,0.469
TRACE 1015494,38.07,36.00,0.479
TRACE 1017313,37.96,36.50,-0.402
TRACE 1019138,37.85,37.00,-0.482
TRACE 1020969,37.74,37.00,-0.486
TRACE 1022794,37.63,37.00,-0.489
TRACE 1024656,37.52,37.00,-0.524
TRACE 1026510,37.41,37.00,-0.558
TRACE 1028311,37.30,37.00,-0.561
TRACE 1030138,37.19,36.00,-0.441
TRACE 1031969,37.08,36.00,-0.413
TRACE 1033775,36.97,36.00,-0.416
TRACE 1035589,36.86,36.00,-0.420
TRACE 1037419,36.75,36.00,-0.423
TRACE 1039261,36.64,35.50,0.420
TRACE 1041059,36.54,35.00,0.464
TRACE 1042946,36.42,35.00,-0.403
TRACE 1044773,36.31,35.00,-0.406
TRACE 1046614,36.20,35.00,-0.410
TRACE 1048452,36.09,35.00,-0.413
TRACE 1050331,35.98,35.00,-0.417
TRACE 1052158,35.87,35.00,-0.451
TRACE 1053983,35.76,34.50,-0.439
TRACE 1055819,35.65,34.00,0.404
TRACE 1057652,35.54,34.00,0.400
TRACE 1059461,35.43,34.00,-0.403
TRACE 1061285,35.32,34.00,-0.406
TRACE 1063135,35.21,34.00,-0.409
TRACE 1064976,35.10,34.00,-0.413
TRACE 1066800,34.99,34.00,-0.447
TRACE 1068615,34.88,34.00,-0.482
TRACE 1070434,34.77,34.00,-0.485
TRACE 1072259,34.66,34.00,-0.488
TRACE 1074089,34.55,33.00,0.401
TRACE 1075896,34.45,33.00,-0.402
TRACE 1077727,34.34,33.00,-0.405
TRACE 1079571,34.23,33.00,-0.409
TRACE 1081400,34.12,33.00,-0.412
TRACE 1083245,34.01,33.00,-0.415
TRACE 1085065,33.90,32.00,0.474
TRACE 1086898,33.79,32.00,0.408
TRACE 1088696,33.68,32.00,0.405
TRACE 1090494,33.57,32.00,0.402
TRACE 1092323,33.46,32.00,-0.401
TRACE 1094159,33.35,32.00,-0.405
TRACE 1095983,33.24,32.00,-0.408
TRACE 1097799,33.13,31.50,-0.428
TRACE 1099630,33.02,31.50,-0.431
TRACE 1101465,32.91,31.00,0.412
TRACE 1103263,32.80,31.00,0.409
TRACE 1105077,32.70,31.00,0.406
TRACE 1106884,32.59,31.00,0.402
TRACE 1108699,32.48,31.00,-0.401
TRACE 1110522,32.37,32.00,-0.528
TRACE 1112349,32.26,32.00,-0.532
TRACE 1114184,32.15,32.00,-0.566
TRACE 1116018,32.04,32.00,-0.570
TRACE 1117848,31.93,32.00,-0.573
TRACE 1119664,31.82,31.50,-0.530
TRACE 1121494,31.71,31.00,-0.487
TRACE 1123322,31.60,31.00,-0.427
TRACE 1125147,31.49,31.00,-0.431
TRACE 1126961,31.38,31.00,-0.434
TRACE 1128807,31.27,31.00,-0.437
TRACE 1130627,31.16,30.00,0.452
TRACE 1132431,31.05,30.00,0.418
TRACE 1134248,30.95,30.00,-0.417
TRACE 1136075,30.84,29.50,0.426
TRACE 1137885,30.73,29.50,0.423
TRACE 1139698,30.62,29.50,0.420
TRACE 1141513,30.51,30.00,-0.430
TRACE 1143327,30.40,30.00,-0.496
TRACE 1145135,30.29,30.00,-0.499
TRACE 1146961,30.18,30.00,-0.503
TRACE 1148795,30.07,30.00,-0.537
TRACE 1150617,29.96,30.00,-0.541
TRACE 1152443,29.85,30.00,-0.544
TRACE 1154297,29.74,30.00,-0.516
TRACE 1156118,29.63,30.00,-0.519
TRACE 1157940,29.52,29.50,-0.476
TRACE 1159769,29.41,29.00,-0.433
TRACE 1161603,29.30,29.00,-0.436
TRACE 1163430,29.19,29.00,-0.440
TRACE 1165258,29.08,29.00,-0.443
TRACE 1167079,28.98,29.00,-0.446
TRACE 1168900,28.87,29.00,-0.449
TRACE 1170732,28.76,28.00,0.408
TRACE 1172563,28.65,28.00,-0.426
TRACE 1174392,28.54,28.00,-0.429
TRACE 1176205,28.43,28.00,-0.433
TRACE 1178015,28.32,27.50,0.411
TRACE 1179816,28.21,27.00,0.454
TRACE 1181630,28.10,27.00,0.451
TRACE 1183430,27.99,27.00,-0.415
TRACE 1185246,27.89,27.00,-0.418
TRACE 1187078,27.78,27.00,-0.422
TRACE 1188902,27.67,27.00,-0.425
TRACE 1190724,27.56,27.00,-0.460
TRACE 1192560,27.45,27.00,-0.495
TRACE 1203074,26.82,25.00,0.421
TRACE 1204892,26.71,25.00,0.418
TRACE 1206715,26.60,25.00,0.414
TRACE 1208523,26.49,25.00,0.411
TRACE 1210339,26.38,25.00,0.408
TRACE 1212153,26.27,25.00,0.405
TRACE 1213990,26.16,25.00,0.401
TRACE 1215803,26.05,25.00,-0.476
TRACE 1217655,25.94,25.00,-0.480
TRACE 1219491,25.83,25.00,-0.483
TRACE 1221317,25.72,25.00,-0.486
TRACE 1223150,25.61,25.00,-0.490
TRACE 1224981,25.50,25.00,-0.493
TRACE 1226802,25.39,25.00,-0.496
TRACE 1228621,25.28,25.00,-0.500
TRACE 1230463,25.17,24.50,-0.457
TRACE 1232279,25.06,24.00,-0.414
TRACE 1234102,24.95,24.00,-0.417
TRACE 1235936,24.84,24.00,-0.420
TRACE 1237790,24.73,23.00,0.469
TRACE 1239603,24.62,23.00,0.466
TRACE 1241445,24.51,23.00,0.462
TRACE 1243267,24.40,23.00,0.428
TRACE 1245088,24.29,23.00,-0.407
TRACE 1246937,24.18,23.00,-0.410
TRACE 1248774,24.07,23.00,-0.413
TRACE 1250640,23.96,23.00,-0.479
TRACE 1252442,23.85,23.00,-0.482
TRACE 1254320,23.74,23.00,-0.486
TRACE 1256140,23.63,23.00,-0.489
TRACE 1257961,23.52,23.00,-0.492
TRACE 1259805,23.41,23.00,-0.496
TRACE 1261627,23.30,23.00,-0.499
TRACE 1263436,23.19,23.00,-0.502
TRACE 1265241,23.09,23.00,-0.505
TRACE 1267053,22.98,23.00,-0.509
TRACE 1268875,22.87,23.00,-0.512
TRACE 1270696,22.76,23.00,-0.515
TRACE 1272522,22.65,23.00,-0.519
TRACE 1274356,22.54,22.50,-0.475
TRACE 1276190,22.43,22.00,-0.432
TRACE 1278029,22.32,22.00,-0.436
TRACE 1279825,22.21,22.00,-0.439
TRACE 1281652,22.10,21.00,0.450
TRACE 1283463,21.99,21.00,0.447
TRACE 1285291,21.88,21.00,0.444
TRACE 1287100,21.77,21.00,0.409
TRACE 1288906,21.67,21.00,-0.425
TRACE 1290731,21.56,21.00,-0.428
TRACE 1292566,21.45,21.00,-0.432
TRACE 1294402,21.34,21.00,-0.498
TRACE 1296232,21.23,21.00,-0.501
TRACE 1298036,21.12,20.50,-0.458
TRACE 1299868,21.01,20.00,-0.415
TRACE 1301706,20.90,20.00,-0.419
TRACE 1303542,20.79,19.50,0.424
TRACE 1305353,20.68,19.00,0.467
TRACE 1307157,20.57,19.00,0.465
TRACE 1308969,20.46,19.00,0.461
TRACE 1310776,20.35,19.00,0.427
TRACE 1312591,20.24,19.00,-0.408
TRACE 1314411,20.14,19.00,-0.411
TRACE 1316214,20.03,20.00,-0.539
TRACE 1318033,19.92,20.00,-0.574
TRACE 1319867,19.81,20.00,-0.577
TRACE 1321682,19.70,20.00,-0.580
TRACE 1323524,19.59,20.00,-0.583
TRACE 1325362,19.48,20.00,-0.586
TRACE 1327182,19.37,20.00,-0.590
TRACE 1329016,19.26,19.50,-0.484
TRACE 1330841,19.15,19.00,-0.441
TRACE 1332673,19.04,19.00,-0.444
TRACE 1334489,18.93,19.00,-0.448
TRACE 1336322,18.82,19.00,-0.451
TRACE 1338157,18.71,19.00,-0.454
TRACE 1339982,18.60,18.00,0.435
TRACE 1341792,18.49,18.00,0.401
TRACE 1343603,18.38,18.00,-0.434
TRACE 1345427,18.27,18.00,-0.437
TRACE 1347263,18.16,18.00,-0.440
TRACE 1349086,18.05,17.50,0.403
TRACE 1350897,17.95,17.00,0.446
TRACE 1352711,17.84,17.00,-0.420
TRACE 1354525,17.73,17.00,-0.423
TRACE 1356336,17.62,17.00,-0.427
TRACE 1358160,17.51,17.00,-0.430
TRACE 1359981,17.40,17.00,-0.433
TRACE 1361808,17.29,17.00,-0.468
TRACE 1363634,17.18,17.00,-0.503
TRACE 1365469,17.07,16.00,-0.413
TRACE 1367304,16.96,16.00,-0.417
TRACE 1369137,16.85,16.00,-0.420
TRACE 1370960,16.74,15.50,0.423
TRACE 1372764,16.63,15.00,0.466
TRACE 1374576,16.53,15.00,0.463
TRACE 1376398,16.42,15.00,0.460
TRACE 1378197,16.31,15.00,-0.406
TRACE 1380019,16.20,15.00,-0.409
TRACE 1381830,16.09,15.00,-0.412
TRACE 1383662,15.98,15.00,-0.447
TRACE 1385508,15.87,15.00,-0.482
TRACE 1387335,15.76,15.00,-0.485
TRACE 1389175,15.65,15.00,-0.489
TRACE 1391006,15.54,15.00,-0.492
TRACE 1401488,14.91,14.00,-0.443
TRACE 1403323,14.80,14.00,-0.447
TRACE 1405156,14.69,14.00,-0.450
TRACE 1406970,14.58,13.00,0.414
TRACE 1408803,14.47,13.00,0.411
TRACE 1410619,14.36,13.00,0.407
TRACE 1412441,14.25,13.00,0.404
TRACE 1414257,14.14,13.00,-0.411
TRACE 1416072,14.04,13.00,-0.414
TRACE 1417922,13.92,13.00,-0.418
TRACE 1419762,13.81,13.00,-0.484
TRACE 1421576,13.71,13.00,-0.487
TRACE 1423430,13.59,13.00,-0.490
TRACE 1425266,13.48,13.00,-0.493
TRACE 1427097,13.37,13.00,-0.497
TRACE 1428922,13.26,13.00,-0.500
TRACE 1430748,13.16,13.00,-0.503
TRACE 1432565,13.05,13.00,-0.507
TRACE 1434395,12.94,13.00,-0.510
TRACE 1436262,12.82,13.00,-0.513
TRACE 1438081,12.72,13.00,-0.517
TRACE 1439931,12.60,13.00,-0.520
TRACE 1441783,12.49,12.50,-0.477
TRACE 1443598,12.38,12.00,-0.434
TRACE 1445418,12.27,12.00,-0.438
TRACE 1447237,12.17,12.00,-0.441
TRACE 1449120,12.05,11.00,0.448
TRACE 1450927,11.94,11.00,0.445
TRACE 1452787,11.83,11.00,0.441
TRACE 1454611,11.72,11.00,0.407
TRACE 1456424,11.61,11.00,-0.427
TRACE 1458244,11.51,11.00,-0.430
TRACE 1460065,11.40,11.00,-0.434
TRACE 1461883,11.29,11.00,-0.499
TRACE 1463716,11.18,11.00,-0.503
TRACE 1465522,11.07,11.00,-0.506
TRACE 1467349,10.96,10.00,-0.416
TRACE 1469173,10.85,10.00,-0.420
TRACE 1471003,10.74,10.00,-0.423
TRACE 1472826,10.63,9.00,0.466
TRACE 1474639,10.52,9.00,0.463
TRACE 1476478,10.41,9.00,0.460
TRACE 1478290,10.30,9.00,0.456
TRACE 1480117,10.19,9.00,-0.410
TRACE 1481947,10.08,9.00,-0.413
TRACE 1483779,9.97,9.00,-0.416
TRACE 1485616,9.86,9.00,-0.482
TRACE 1487443,9.75,9.00,-0.485
TRACE 1489269,9.64,9.00,-0.489
TRACE 1491097,9.53,9.00,-0.492
TRACE 1492942,9.42,9.00,-0.495
TRACE 1494765,9.31,8.00,-0.406
TRACE 1496593,9.20,8.00,-0.409
TRACE 1498418,9.09,8.00,-0.413
TRACE 1500251,8.98,7.00,0.487
TRACE 1502129,8.87,7.00,0.483
TRACE 1503992,8.76,7.00,0.480
TRACE 1505870,8.65,7.00,0.477
TRACE 1507748,8.54,7.00,0.413
TRACE 1509624,8.43,7.00,0.410
TRACE 1511513,8.32,7.00,0.407
TRACE 1513401,8.21,7.00,-0.457
TRACE 1515287,8.11,7.00,-0.459
>>> 
HOST arm.nominal = 0
arm.nominal = 0
>>> 
HOST r = arm.move_to(-90, "tuning_kfs040")
r = arm.move_to(-90, "tuning_kfs040")
RESULT {"loops": 1008, "overshoot": 0.0, "t_reach": 1.6511, "type": "move", "t_settle": 1.7901, "target": -90, "state": "done", "q": null, "tag": "tuning_kfs040", "err": -1.0, "err_rest": -2.0, "ok": true, "max_dt_us": 10527, "t_profile": 1.8, "start": 0.0, "max_track_err": 3.31}
>>> 
HOST arm_test.cmd_trace(arm, [])
arm_test.cmd_trace(arm, [])
TRACE t_us,ref_deg,pos_deg,duty
TRACE 980,-0.00,0.00,-0.410
TRACE 2922,-0.00,0.00,-0.411
TRACE 4736,-0.00,0.00,-0.412
TRACE 6529,-0.00,0.00,-0.412
TRACE 8297,-0.01,0.00,-0.413
TRACE 10083,-0.01,0.00,-0.414
TRACE 11853,-0.01,0.00,-0.415
TRACE 13622,-0.02,0.00,-0.415
TRACE 15420,-0.02,-0.50,0.431
TRACE 17231,-0.03,-0.50,0.430
TRACE 19002,-0.04,-0.50,0.429
TRACE 20764,-0.04,0.00,-0.419
TRACE 22525,-0.05,0.00,-0.420
TRACE 24293,-0.06,0.00,-0.421
TRACE 26061,-0.07,0.00,-0.421
TRACE 27825,-0.08,0.00,-0.455
TRACE 29597,-0.09,0.00,-0.456
TRACE 31362,-0.10,0.00,-0.457
TRACE 33117,-0.11,0.00,-0.425
TRACE 34869,-0.12,0.00,-0.426
TRACE 36638,-0.13,-0.50,0.420
TRACE 38412,-0.15,-1.00,0.467
TRACE 40179,-0.16,-1.00,0.465
TRACE 41980,-0.18,-1.00,0.464
TRACE 43744,-0.19,-0.50,0.416
TRACE 45510,-0.21,0.00,-0.433
TRACE 47295,-0.22,0.00,-0.434
TRACE 49082,-0.24,0.00,-0.467
TRACE 50882,-0.26,0.00,-0.500
TRACE 52638,-0.28,0.00,-0.501
TRACE 54440,-0.30,0.00,-0.503
TRACE 56209,-0.32,0.00,-0.472
TRACE 57963,-0.34,0.00,-0.441
TRACE 59716,-0.36,0.00,-0.442
TRACE 61477,-0.38,-1.00,0.451
TRACE 63248,-0.40,-1.00,0.450
TRACE 65012,-0.42,-1.00,0.449
TRACE 66783,-0.45,-1.00,0.447
TRACE 68546,-0.47,-1.00,0.446
TRACE 70315,-0.49,-1.00,0.445
TRACE 72088,-0.52,-1.00,0.443
TRACE 73867,-0.55,-0.50,-0.470
TRACE 75631,-0.57,0.00,-0.519
TRACE 77390,-0.60,0.00,-0.520
TRACE 79130,-0.63,0.00,-0.522
TRACE 80884,-0.65,0.00,-0.524
TRACE 82635,-0.68,0.00,-0.525
TRACE 84394,-0.71,0.00,-0.527
TRACE 86153,-0.74,0.00,-0.496
TRACE 87919,-0.77,0.00,-0.465
TRACE 89702,-0.80,-0.50,-0.419
TRACE 91476,-0.84,-1.00,0.427
TRACE 93255,-0.87,-1.00,0.425
TRACE 95033,-0.90,-1.00,0.423
TRACE 96813,-0.94,-1.00,0.421
TRACE 98592,-0.97,-1.00,0.420
TRACE 100356,-1.01,-1.00,0.418
TRACE 102133,-1.04,-1.00,-0.416
TRACE 103944,-1.08,-1.00,-0.450
TRACE 105730,-1.12,-1.00,-0.452
TRACE 107526,-1.16,-1.00,-0.453
TRACE 109322,-1.20,-1.00,-0.455
TRACE 111105,-1.23,-1.50,-0.410
TRACE 112887,-1.27,-2.00,0.435
TRACE 114673,-1.31,-2.00,0.433
TRACE 116444,-1.36,-2.00,0.431
TRACE 118210,-1.40,-2.00,0.430
TRACE 119992,-1.44,-2.00,0.428
TRACE 121775,-1.48,-2.00,0.426
TRACE 123551,-1.53,-2.00,-0.408
TRACE 125352,-1.57,-1.50,-0.489
TRACE 127146,-1.62,-1.00,-0.538
TRACE 128921,-1.66,-1.00,-0.540
TRACE 130714,-1.71,-1.00,-0.542
TRACE 132514,-1.76,-1.00,-0.544
TRACE 134305,-1.80,-1.50,-0.499
TRACE 136081,-1.85,-2.00,-0.455
TRACE 137868,-1.90,-2.00,-0.425
TRACE 139674,-1.95,-2.00,0.405
TRACE 141460,-2.00,-3.00,0.497
TRACE 143232,-2.05,-3.00,0.495
TRACE 145008,-2.10,-3.00,0.493
TRACE 146783,-2.15,-3.00,0.459
TRACE 148565,-2.21,-3.00,0.424
TRACE 150359,-2.26,-3.00,0.422
TRACE 152131,-2.31,-3.00,0.420
TRACE 153899,-2.37,-3.00,-0.446
TRACE 155674,-2.42,-3.00,-0.449
TRACE 157469,-2.48,-2.50,-0.498
TRACE 159269,-2.54,-2.50,-0.500
TRACE 161081,-2.59,-2.50,-0.503
TRACE 162864,-2.65,-3.00,-0.458
TRACE 164641,-2.71,-3.00,-0.461
TRACE 166418,-2.77,-3.00,-0.463
TRACE 168182,-2.83,-3.00,-0.465
TRACE 169964,-2.89,-3.50,0.411
TRACE 171729,-2.95,-4.00,0.456
TRACE 173501,-3.01,-4.00,0.454
TRACE 175280,-3.07,-4.00,0.419
TRACE 177040,-3.13,-4.00,0.417
TRACE 178808,-3.20,-4.00,0.414
TRACE 180578,-3.26,-4.00,0.412
TRACE 182357,-3.33,-4.00,-0.423
TRACE 184133,-3.39,-4.00,-0.458
TRACE 185919,-3.46,-3.00,-0.555
TRACE 187691,-3.52,-3.00,-0.558
TRACE 189480,-3.59,-3.00,-0.560
TRACE 191258,-3.66,-3.00,-0.563
TRACE 193049,-3.73,-3.00,-0.565
TRACE 194845,-3.80,-3.00,-0.568
TRACE 196630,-3.87,-4.00,-0.477
TRACE 207092,-4.29,-5.00,0.412
TRACE 208878,-4.36,-5.00,0.409
TRACE 210646,-4.44,-6.00,0.474
TRACE 212451,-4.51,-6.00,0.471
TRACE 214247,-4.59,-6.00,0.468
TRACE 216020,-4.67,-6.00,0.466
TRACE 217793,-4.74,-6.00,0.425
TRACE 219596,-4.82,-5.50,-0.437
TRACE 221399,-4.90,-5.00,-0.487
TRACE 223198,-4.98,-5.00,-0.554
TRACE 224977,-5.06,-5.00,-0.557
TRACE 226776,-5.14,-5.00,-0.560
TRACE 228575,-5.22,-5.00,-0.563
TRACE 230371,-5.31,-5.00,-0.566
TRACE 232163,-5.39,-5.00,-0.537
TRACE 233950,-5.47,-5.00,-0.508
TRACE 235734,-5.56,-5.00,-0.512
TRACE 237524,-5.64,-6.00,-0.421
TRACE 239342,-5.73,-6.00,-0.424
TRACE 241113,-5.81,-6.00,-0.427
TRACE 242958,-5.90,-6.50,0.416
TRACE 244730,-5.99,-7.00,0.460
TRACE 246530,-6.08,-7.00,0.456
TRACE 248281,-6.16,-7.00,0.453
TRACE 250047,-6.25,-7.00,-0.414
TRACE 251857,-6.34,-7.00,-0.417
TRACE 253647,-6.43,-7.00,-0.420
TRACE 255497,-6.53,-7.00,-0.456
TRACE 257294,-6.62,-7.00,-0.491
TRACE 259108,-6.71,-7.00,-0.495
TRACE 260907,-6.81,-7.00,-0.498
TRACE 262720,-6.90,-7.00,-0.502
TRACE 264521,-7.00,-7.00,-0.505
TRACE 266315,-7.09,-7.00,-0.509
TRACE 268108,-7.19,-7.00,-0.512
TRACE 269879,-7.28,-7.00,-0.516
TRACE 271675,-7.38,-7.00,-0.519
TRACE 273470,-7.48,-7.50,-0.476
TRACE 275272,-7.58,-8.00,-0.433
TRACE 277060,-7.68,-8.00,-0.436
TRACE 278854,-7.78,-8.00,-0.440
TRACE 280625,-7.88,-8.50,0.404
TRACE 282393,-7.97,-9.00,0.447
TRACE 284165,-8.07,-9.00,0.444
TRACE 285929,-8.18,-9.00,0.408
TRACE 287684,-8.28,-9.00,-0.427
TRACE 289492,-8.38,-9.00,-0.431
TRACE 291265,-8.48,-9.00,-0.435
TRACE 293045,-8.59,-9.00,-0.471
TRACE 294837,-8.69,-9.00,-0.507
TRACE 296610,-8.80,-9.00,-0.511
TRACE 298416,-8.91,-9.00,-0.515
TRACE 300220,-9.01,-9.00,-0.508
TRACE 302032,-9.12,-9.00,-0.512
TRACE 303869,-9.23,-10.00,-0.421
TRACE 305695,-9.34,-10.00,-0.425
TRACE 307540,-9.45,-10.00,-0.429
TRACE 309366,-9.56,-11.00,0.461
TRACE 311194,-9.67,-11.00,0.457
TRACE 312996,-9.78,-11.00,0.454
TRACE 314804,-9.89,-11.00,0.451
TRACE 316634,-10.00,-11.00,-0.415
TRACE 318463,-10.11,-11.00,-0.419
TRACE 320286,-10.22,-11.00,-0.422
TRACE 322118,-10.33,-11.00,-0.488
TRACE 323961,-10.44,-11.50,-0.445
TRACE 325783,-10.55,-12.00,-0.402
TRACE 327640,-10.66,-12.00,-0.405
TRACE 329482,-10.77,-12.00,-0.409
TRACE 331303,-10.88,-12.50,0.434
TRACE 333113,-10.99,-13.00,0.477
TRACE 334940,-11.10,-13.00,0.474
TRACE 336761,-11.21,-13.00,0.440
TRACE 338562,-11.31,-13.00,0.405
TRACE 340375,-11.42,-13.00,0.402
TRACE 342197,-11.53,-13.00,-0.401
TRACE 344014,-11.64,-13.00,-0.436
TRACE 345831,-11.75,-13.00,-0.470
TRACE 347663,-11.86,-13.00,-0.474
TRACE 349491,-11.97,-13.00,-0.477
TRACE 351297,-12.08,-13.50,-0.434
TRACE 353117,-12.19,-14.00,0.409
TRACE 354926,-12.30,-14.00,0.406
TRACE 356721,-12.40,-14.00,0.403
TRACE 358531,-12.51,-14.00,-0.400
TRACE 360353,-12.62,-14.00,-0.404
TRACE 362172,-12.73,-13.50,-0.453
TRACE 363978,-12.84,-13.00,-0.535
TRACE 365816,-12.95,-13.00,-0.569
TRACE 367644,-13.06,-13.00,-0.573
TRACE 369459,-13.17,-13.50,-0.529
TRACE 371300,-13.28,-14.00,-0.486
TRACE 373101,-13.39,-14.00,-0.490
TRACE 374927,-13.50,-14.00,-0.462
TRACE 376771,-13.61,-14.00,-0.434
TRACE 378598,-13.72,-14.00,-0.437
TRACE 380413,-13.82,-14.00,-0.440
TRACE 382226,-13.93,-14.50,-0.428
TRACE 384058,-14.04,-15.00,-0.417
TRACE 385880,-14.15,-15.00,-0.420
TRACE 387710,-14.26,-15.00,-0.423
TRACE 389531,-14.37,-16.00,0.466
TRACE 391338,-14.48,-16.00,0.463
TRACE 393156,-14.59,-16.00,0.460
TRACE 394959,-14.70,-16.00,0.425
TRACE 396759,-14.81,-16.00,-0.409
TRACE 398589,-14.92,-16.50,0.434
TRACE 409076,-15.54,-17.00,0.411
TRACE 410900,-15.65,-17.00,-0.430
TRACE 412731,-15.76,-17.00,-0.434
TRACE 414549,-15.87,-17.00,-0.437
TRACE 416389,-15.98,-17.00,-0.440
TRACE 418220,-16.09,-17.00,-0.444
TRACE 420076,-16.20,-17.00,-0.466
TRACE 421914,-16.31,-17.00,-0.487
TRACE 423763,-16.43,-17.00,-0.491
TRACE 425597,-16.54,-17.00,-0.494
TRACE 427420,-16.65,-17.00,-0.497
TRACE 429264,-16.76,-17.00,-0.501
TRACE 431103,-16.87,-17.50,-0.458
TRACE 432943,-16.98,-18.00,-0.415
TRACE 434772,-17.09,-18.00,-0.418
TRACE 436596,-17.20,-18.00,-0.422
TRACE 438439,-17.31,-19.00,0.467
TRACE 440253,-17.42,-19.00,0.464
TRACE 442056,-17.52,-19.00,0.461
TRACE 443935,-17.64,-19.00,0.426
TRACE 445745,-17.74,-19.00,-0.408
TRACE 447624,-17.86,-19.00,-0.411
TRACE 449435,-17.97,-19.00,-0.415
TRACE 451269,-18.08,-19.00,-0.480
TRACE 453092,-18.19,-19.00,-0.484
TRACE 454932,-18.30,-19.50,-0.441
TRACE 456781,-18.41,-20.00,0.402
TRACE 458570,-18.51,-20.00,-0.401
TRACE 460399,-18.62,-20.00,-0.404
TRACE 462201,-18.73,-21.00,0.485
TRACE 464009,-18.84,-21.00,0.482
TRACE 465818,-18.95,-21.00,0.479
TRACE 467652,-19.06,-21.00,0.445
TRACE 469467,-19.17,-21.00,0.410
TRACE 471285,-19.28,-21.00,0.407
TRACE 473094,-19.39,-20.50,-0.443
TRACE 474918,-19.50,-20.00,-0.556
TRACE 476738,-19.60,-20.00,-0.559
TRACE 478558,-19.71,-20.00,-0.562
TRACE 480368,-19.82,-20.00,-0.566
TRACE 482192,-19.93,-20.00,-0.569
TRACE 484021,-20.04,-20.00,-0.572
TRACE 485843,-20.15,-20.00,-0.544
TRACE 487669,-20.26,-20.00,-0.516
TRACE 489482,-20.37,-21.00,-0.426
TRACE 491296,-20.48,-21.00,-0.430
TRACE 493105,-20.59,-21.00,-0.433
TRACE 494929,-20.70,-21.00,-0.436
TRACE 496741,-20.80,-22.00,0.454
TRACE 498551,-20.91,-22.00,0.451
TRACE 500352,-21.02,-22.00,0.448
TRACE 502162,-21.13,-23.00,0.474
TRACE 503978,-21.24,-23.00,0.471
TRACE 505772,-21.35,-23.00,0.468
TRACE 507585,-21.46,-22.50,0.418
TRACE 509429,-21.57,-22.00,-0.495
TRACE 511259,-21.68,-22.00,-0.498
TRACE 513094,-21.79,-22.00,-0.502
TRACE 514912,-21.89,-22.00,-0.568
TRACE 516715,-22.00,-22.00,-0.571
TRACE 518519,-22.11,-22.00,-0.574
TRACE 520373,-22.22,-22.00,-0.546
TRACE 522206,-22.33,-22.00,-0.518
TRACE 524040,-22.44,-22.00,-0.521
TRACE 525868,-22.55,-22.00,-0.525
TRACE 527708,-22.66,-22.00,-0.528
TRACE 529528,-22.77,-22.50,-0.485
TRACE 531366,-22.88,-23.00,-0.442
TRACE 533177,-22.99,-23.00,-0.445
TRACE 534990,-23.10,-23.00,-0.448
TRACE 536816,-23.21,-24.00,0.441
TRACE 538627,-23.32,-24.00,0.438
TRACE 540432,-23.43,-24.50,0.481
TRACE 542246,-23.53,-25.00,0.493
TRACE 544068,-23.64,-25.00,0.459
TRACE 545865,-23.75,-25.00,0.456
TRACE 547672,-23.86,-25.00,0.452
TRACE 549482,-23.97,-25.00,-0.414
TRACE 551326,-24.08,-25.00,-0.417
TRACE 553144,-24.19,-25.00,-0.452
TRACE 554966,-24.30,-25.00,-0.487
TRACE 556808,-24.41,-25.00,-0.490
TRACE 558628,-24.52,-25.00,-0.494
TRACE 560434,-24.63,-25.00,-0.497
TRACE 562268,-24.74,-25.00,-0.500
TRACE 564077,-24.84,-26.00,-0.411
TRACE 565916,-24.95,-26.00,-0.414
TRACE 567734,-25.06,-26.00,-0.417
TRACE 569578,-25.17,-26.50,0.426
TRACE 571374,-25.28,-27.00,0.469
TRACE 573204,-25.39,-27.00,0.466
TRACE 575008,-25.50,-27.00,0.463
TRACE 576858,-25.61,-27.00,-0.404
TRACE 578681,-25.72,-27.00,-0.407
TRACE 580495,-25.83,-27.00,-0.410
TRACE 582320,-25.94,-27.00,-0.445
TRACE 584131,-26.05,-27.00,-0.479
TRACE 585964,-26.16,-27.00,-0.483
TRACE 587804,-26.27,-27.00,-0.486
TRACE 589605,-26.38,-27.00,-0.489
TRACE 591416,-26.48,-27.00,-0.493
TRACE 593249,-26.59,-27.00,-0.496
TRACE 595076,-26.70,-27.00,-0.499
TRACE 596910,-26.81,-27.00,-0.502
TRACE 607383,-27.44,-28.00,-0.454
TRACE 609210,-27.55,-29.00,0.410
TRACE 611031,-27.66,-29.00,0.407
TRACE 612847,-27.77,-29.00,0.404
TRACE 614678,-27.88,-29.00,0.400
TRACE 616499,-27.99,-30.00,0.464
TRACE 618304,-28.10,-30.00,0.461
TRACE 620149,-28.21,-30.00,0.471
TRACE 621980,-28.32,-30.00,0.405
TRACE 623803,-28.43,-30.00,0.402
TRACE 625614,-28.54,-30.00,-0.401
TRACE 627442,-28.65,-30.00,-0.405
TRACE 629294,-28.76,-30.00,-0.471
TRACE 631125,-28.87,-30.00,-0.474
TRACE 632967,-28.98,-30.00,-0.477
TRACE 634801,-29.09,-30.00,-0.481
TRACE 636637,-29.20,-30.00,-0.484
TRACE 638476,-29.31,-31.00,0.405
TRACE 640302,-29.42,-31.00,0.402
TRACE 642141,-29.53,-31.00,-0.402
TRACE 643994,-29.64,-31.00,-0.405
TRACE 645816,-29.75,-31.00,-0.408
TRACE 647657,-29.86,-31.00,-0.412
TRACE 649495,-29.97,-31.00,-0.415
TRACE 651338,-30.08,-31.00,-0.480
TRACE 653163,-30.19,-31.50,-0.438
TRACE 655044,-30.30,-32.00,0.405
TRACE 656861,-30.41,-32.00,0.402
TRACE 658702,-30.52,-32.50,0.444
TRACE 660516,-30.63,-33.00,0.487
TRACE 662338,-30.74,-33.00,0.484
TRACE 664146,-30.85,-33.00,0.481
TRACE 665951,-30.96,-32.50,0.401
TRACE 667761,-31.07,-32.00,-0.480
TRACE 669602,-31.18,-32.00,-0.483
TRACE 671426,-31.29,-32.00,-0.518
TRACE 673245,-31.39,-31.50,-0.599
TRACE 675056,-31.50,-31.50,-0.602
TRACE 676862,-31.61,-31.50,-0.606
TRACE 678697,-31.72,-32.00,-0.531
TRACE 680540,-31.83,-32.00,-0.503
TRACE 682363,-31.94,-32.00,-0.506
TRACE 684201,-32.05,-32.00,-0.510
TRACE 686028,-32.16,-32.50,-0.435
TRACE 687859,-32.27,-33.00,0.408
TRACE 689660,-32.38,-33.00,0.404
TRACE 691456,-32.49,-33.00,-0.430
TRACE 693275,-32.60,-33.00,-0.433
TRACE 695106,-32.71,-34.00,0.456
TRACE 696914,-32.81,-34.00,0.453
TRACE 698741,-32.92,-34.00,0.419
TRACE 700566,-33.03,-34.00,-0.416
TRACE 702395,-33.14,-34.00,-0.419
TRACE 704228,-33.25,-34.00,-0.423
TRACE 706047,-33.36,-34.00,-0.426
TRACE 707866,-33.47,-34.00,-0.492
TRACE 709682,-33.58,-34.00,-0.495
TRACE 711516,-33.69,-34.00,-0.499
TRACE 713356,-33.80,-34.00,-0.502
TRACE 715182,-33.91,-34.00,-0.505
TRACE 717009,-34.02,-34.00,-0.509
TRACE 718860,-34.13,-34.00,-0.512
TRACE 720693,-34.24,-34.00,-0.515
TRACE 722525,-34.35,-34.00,-0.519
TRACE 724360,-34.46,-34.50,-0.476
TRACE 726196,-34.57,-35.00,-0.433
TRACE 728013,-34.68,-35.00,-0.436
TRACE 729834,-34.79,-35.00,-0.439
TRACE 731665,-34.90,-36.00,0.450
TRACE 733488,-35.01,-36.00,0.447
TRACE 735297,-35.12,-36.50,0.490
TRACE 737097,-35.23,-37.00,0.502
TRACE 738913,-35.33,-37.00,0.468
TRACE 740723,-35.44,-37.00,0.465
TRACE 742546,-35.55,-37.00,0.461
TRACE 744363,-35.66,-37.00,-0.405
TRACE 746199,-35.77,-37.00,-0.408
TRACE 748027,-35.88,-37.00,-0.443
TRACE 749855,-35.99,-37.00,-0.478
TRACE 751657,-36.10,-37.00,-0.481
TRACE 753484,-36.21,-37.00,-0.484
TRACE 755294,-36.32,-37.00,-0.488
TRACE 757121,-36.43,-37.00,-0.491
TRACE 758959,-36.54,-37.00,-0.494
TRACE 760792,-36.65,-37.00,-0.497
TRACE 762600,-36.76,-37.00,-0.501
TRACE 764420,-36.87,-38.00,-0.411
TRACE 766273,-36.98,-38.00,-0.415
TRACE 768110,-37.09,-38.00,-0.418
TRACE 769929,-37.20,-39.00,0.471
TRACE 771764,-37.31,-39.00,0.468
TRACE 773564,-37.41,-39.00,0.465
TRACE 775381,-37.52,-39.00,0.461
TRACE 777204,-37.63,-39.00,-0.404
TRACE 779024,-37.74,-39.00,-0.408
TRACE 780835,-37.85,-39.00,-0.411
TRACE 782663,-37.96,-39.00,-0.477
TRACE 784511,-38.07,-40.00,0.413
TRACE 786307,-38.18,-40.00,0.409
TRACE 788109,-38.29,-40.00,0.406
TRACE 789931,-38.40,-40.00,0.403
TRACE 791727,-38.50,-40.00,-0.400
TRACE 793550,-38.61,-40.00,-0.403
TRACE 795373,-38.72,-40.00,-0.407
TRACE 797195,-38.83,-40.00,-0.473
TRACE 807722,-39.46,-40.50,-0.458
TRACE 809568,-39.57,-40.50,-0.462
TRACE 811414,-39.68,-40.50,-0.465
TRACE 813251,-39.80,-41.00,-0.435
TRACE 815093,-39.91,-41.00,-0.438
TRACE 816941,-40.02,-41.00,-0.441
TRACE 818776,-40.13,-41.00,-0.445
TRACE 820614,-40.24,-41.00,-0.454
TRACE 822444,-40.35,-41.00,-0.457
TRACE 824295,-40.46,-41.00,-0.461
TRACE 826119,-40.57,-41.00,-0.495
TRACE 827943,-40.68,-41.00,-0.498
TRACE 829792,-40.79,-41.50,-0.455
TRACE 831616,-40.90,-42.00,-0.413
TRACE 833444,-41.01,-42.00,-0.416
TRACE 835280,-41.12,-42.50,0.427
TRACE 837109,-41.23,-43.00,0.470
TRACE 838922,-41.34,-43.00,0.467
TRACE 840732,-41.44,-43.00,0.464
TRACE 842623,-41.56,-43.00,0.429
TRACE 844416,-41.66,-43.00,-0.405
TRACE 846284,-41.78,-43.00,-0.409
TRACE 848126,-41.89,-43.00,-0.443
TRACE 849949,-42.00,-43.00,-0.478
TRACE 851790,-42.11,-43.50,-0.435
TRACE 853611,-42.22,-43.50,-0.438
TRACE 855462,-42.33,-44.00,0.404
TRACE 857261,-42.44,-44.00,0.401
TRACE 859081,-42.54,-44.00,-0.402
TRACE 860899,-42.65,-44.00,-0.405
TRACE 862718,-42.76,-43.50,-0.455
TRACE 864528,-42.87,-43.50,-0.489
TRACE 866350,-42.98,-43.50,-0.492
TRACE 868168,-43.09,-43.50,-0.527
TRACE 869973,-43.20,-44.00,-0.484
TRACE 871797,-43.31,-44.00,-0.487
TRACE 873642,-43.42,-44.00,-0.491
TRACE 875458,-43.53,-44.00,-0.462
TRACE 877292,-43.64,-44.00,-0.466
TRACE 879119,-43.75,-44.00,-0.469
TRACE 880934,-43.86,-44.00,-0.472
TRACE 882762,-43.97,-44.00,-0.507
TRACE 884600,-44.08,-44.00,-0.510
TRACE 886420,-44.19,-45.00,-0.421
TRACE 888254,-44.30,-45.00,-0.424
TRACE 890087,-44.41,-45.00,-0.428
TRACE 891906,-44.51,-45.00,-0.431
TRACE 893738,-44.62,-46.00,0.458
TRACE 895574,-44.73,-46.00,0.455
TRACE 897399,-44.84,-46.50,0.498
TRACE 899195,-44.95,-47.00,0.479
TRACE 901006,-45.06,-47.00,0.476
TRACE 902818,-45.17,-47.00,0.473
TRACE 904617,-45.28,-47.00,0.470
TRACE 906422,-45.39,-47.00,0.404
TRACE 908226,-45.49,-47.00,0.400
TRACE 910038,-45.60,-47.00,-0.434
TRACE 911857,-45.71,-46.00,-0.563
TRACE 913686,-45.82,-46.00,-0.566
TRACE 915511,-45.93,-46.00,-0.569
TRACE 917320,-46.04,-46.50,-0.526
TRACE 919136,-46.15,-47.00,-0.482
TRACE 920974,-46.26,-47.00,-0.486
TRACE 922786,-46.37,-47.00,-0.489
TRACE 924613,-46.48,-47.00,-0.430
TRACE 926448,-46.59,-47.50,0.413
TRACE 928263,-46.70,-48.00,0.457
TRACE 930078,-46.80,-48.00,0.422
TRACE 931899,-46.91,-48.00,-0.413
TRACE 933716,-47.02,-49.00,0.477
TRACE 935530,-47.13,-49.00,0.474
TRACE 937352,-47.24,-49.00,0.470
TRACE 939158,-47.35,-49.00,0.436
TRACE 940958,-47.46,-48.50,-0.445
TRACE 942788,-47.57,-48.00,-0.495
TRACE 944632,-47.68,-48.00,-0.498
TRACE 946458,-47.79,-48.00,-0.564
TRACE 948278,-47.90,-48.00,-0.568
TRACE 950112,-48.01,-48.00,-0.571
TRACE 951956,-48.12,-48.50,-0.528
TRACE 953797,-48.23,-49.00,-0.454
TRACE 955623,-48.34,-49.00,-0.426
TRACE 957437,-48.45,-49.00,-0.429
TRACE 959259,-48.56,-49.00,-0.432
TRACE 961074,-48.66,-50.00,0.457
TRACE 962887,-48.77,-50.00,0.454
TRACE 964685,-48.88,-50.00,0.420
TRACE 966499,-48.99,-50.50,0.432
TRACE 968308,-49.10,-51.00,0.475
TRACE 970113,-49.21,-50.50,0.425
TRACE 971910,-49.31,-50.00,-0.424
TRACE 973744,-49.42,-50.00,-0.491
TRACE 975569,-49.53,-50.00,-0.494
TRACE 977385,-49.64,-50.00,-0.497
TRACE 979201,-49.75,-50.00,-0.532
TRACE 981055,-49.86,-50.00,-0.567
TRACE 982862,-49.97,-50.00,-0.539
TRACE 984705,-50.08,-50.00,-0.510
TRACE 986536,-50.19,-50.50,-0.467
TRACE 988364,-50.30,-51.00,-0.425
TRACE 990185,-50.41,-51.00,-0.428
TRACE 992002,-50.52,-51.00,-0.431
TRACE 993834,-50.63,-51.00,-0.434
TRACE 995647,-50.74,-51.00,-0.438
TRACE 1006110,-51.37,-53.00,0.453
TRACE 1007930,-51.48,-54.00,0.499
TRACE 1009775,-51.59,-54.00,0.476
TRACE 1011592,-51.70,-54.00,0.473
TRACE 1013417,-51.81,-54.00,0.470
TRACE 1015250,-51.92,-54.00,0.467
TRACE 1017068,-52.02,-54.00,0.463
TRACE 1018882,-52.13,-54.00,0.411
TRACE 1020713,-52.24,-54.00,-0.455
TRACE 1022536,-52.35,-53.00,-0.551
TRACE 1024366,-52.46,-53.00,-0.554
TRACE 1026193,-52.57,-53.00,-0.558
TRACE 1028031,-52.68,-53.00,-0.561
TRACE 1029843,-52.79,-53.00,-0.564
TRACE 1031678,-52.90,-53.00,-0.568
TRACE 1033510,-53.01,-53.50,-0.525
TRACE 1035322,-53.12,-54.00,-0.419
TRACE 1037186,-53.23,-54.00,-0.423
TRACE 1039022,-53.34,-54.00,-0.426
TRACE 1040853,-53.45,-55.00,0.463
TRACE 1042685,-53.56,-55.00,0.460
TRACE 1044473,-53.67,-55.00,0.457
TRACE 1046322,-53.78,-55.00,0.422
TRACE 1048127,-53.89,-55.00,-0.412
TRACE 1049975,-54.00,-55.00,-0.415
TRACE 1051794,-54.11,-55.00,-0.419
TRACE 1053651,-54.22,-55.00,-0.485
TRACE 1055470,-54.33,-55.00,-0.488
TRACE 1057316,-54.44,-55.00,-0.491
TRACE 1059157,-54.55,-55.00,-0.494
TRACE 1060968,-54.66,-55.00,-0.498
TRACE 1062808,-54.77,-55.00,-0.501
TRACE 1064625,-54.88,-55.50,-0.458
TRACE 1066462,-54.99,-56.00,-0.415
TRACE 1068295,-55.10,-56.00,-0.419
TRACE 1070097,-55.21,-56.00,-0.422
TRACE 1071910,-55.31,-56.00,-0.425
TRACE 1073740,-55.42,-56.00,-0.428
TRACE 1075559,-55.53,-56.00,-0.431
TRACE 1077399,-55.64,-57.00,0.427
TRACE 1079193,-55.75,-57.00,-0.408
TRACE 1081026,-55.86,-57.00,-0.411
TRACE 1082859,-55.97,-57.50,0.432
TRACE 1084663,-56.08,-58.00,0.475
TRACE 1086471,-56.19,-58.00,0.472
TRACE 1088276,-56.30,-58.00,0.469
TRACE 1090086,-56.41,-58.00,0.403
TRACE 1091876,-56.51,-58.00,-0.400
TRACE 1093711,-56.62,-58.00,-0.404
TRACE 1095543,-56.73,-58.00,-0.438
TRACE 1097367,-56.84,-58.00,-0.473
TRACE 1099206,-56.95,-58.50,-0.430
TRACE 1101037,-57.06,-59.00,0.413
TRACE 1102852,-57.17,-59.00,0.410
TRACE 1104661,-57.28,-59.00,0.406
TRACE 1106454,-57.39,-59.00,0.403
TRACE 1108262,-57.50,-59.00,0.400
TRACE 1110066,-57.60,-58.50,-0.450
TRACE 1111907,-57.71,-58.00,-0.531
TRACE 1113735,-57.82,-58.00,-0.566
TRACE 1115554,-57.93,-58.00,-0.569
TRACE 1117371,-58.04,-58.00,-0.572
TRACE 1119197,-58.15,-58.00,-0.575
TRACE 1121037,-58.26,-58.50,-0.532
TRACE 1122852,-58.37,-59.00,-0.458
TRACE 1124676,-58.48,-59.00,-0.430
TRACE 1126508,-58.59,-59.00,-0.433
TRACE 1128317,-58.70,-59.00,-0.436
TRACE 1130152,-58.81,-60.00,0.453
TRACE 1131986,-58.92,-60.00,0.450
TRACE 1133794,-59.03,-60.50,0.462
TRACE 1135620,-59.14,-61.00,0.473
TRACE 1137421,-59.25,-61.00,0.470
TRACE 1139232,-59.35,-61.00,0.467
TRACE 1141054,-59.46,-61.00,0.464
TRACE 1142864,-59.57,-60.00,-0.495
TRACE 1144692,-59.68,-60.00,-0.498
TRACE 1146532,-59.79,-60.00,-0.533
TRACE 1148357,-59.90,-60.00,-0.568
TRACE 1150185,-60.01,-60.00,-0.571
TRACE 1152020,-60.12,-60.00,-0.574
TRACE 1153859,-60.23,-60.00,-0.577
TRACE 1155672,-60.34,-60.00,-0.518
TRACE 1157501,-60.45,-60.50,-0.475
TRACE 1159315,-60.56,-61.00,-0.432
TRACE 1161152,-60.67,-61.00,-0.436
TRACE 1162978,-60.78,-61.00,-0.439
TRACE 1164811,-60.89,-61.00,-0.442
TRACE 1166627,-61.00,-62.00,0.447
TRACE 1168410,-61.10,-62.00,0.444
TRACE 1170221,-61.21,-62.50,0.456
TRACE 1172045,-61.32,-63.00,0.468
TRACE 1173866,-61.43,-63.00,0.465
TRACE 1175677,-61.54,-63.00,0.462
TRACE 1177464,-61.65,-63.00,0.459
TRACE 1179271,-61.76,-63.00,-0.407
TRACE 1181077,-61.86,-63.00,-0.411
TRACE 1182886,-61.97,-62.50,-0.492
TRACE 1184704,-62.08,-62.50,-0.527
TRACE 1186542,-62.19,-63.00,-0.484
TRACE 1188362,-62.30,-63.00,-0.487
TRACE 1190169,-62.41,-63.00,-0.490
TRACE 1191987,-62.52,-63.00,-0.494
TRACE 1193802,-62.63,-63.00,-0.497
TRACE 1195631,-62.74,-64.00,0.424
TRACE 1206098,-63.37,-66.00,0.502
TRACE 1207918,-63.48,-66.00,0.480
TRACE 1209741,-63.58,-66.50,0.510
TRACE 1211554,-63.69,-67.00,0.541
TRACE 1213383,-63.80,-67.00,0.537
TRACE 1215221,-63.91,-67.00,0.534
TRACE 1217065,-64.02,-67.00,0.493
TRACE 1218916,-64.13,-67.00,0.440
TRACE 1220735,-64.24,-67.00,0.437
TRACE 1222569,-64.35,-66.50,-0.444
TRACE 1224394,-64.46,-66.00,-0.524
TRACE 1226227,-64.57,-66.00,-0.527
TRACE 1228077,-64.68,-66.00,-0.531
TRACE 1229901,-64.79,-66.50,-0.488
TRACE 1231733,-64.90,-67.00,-0.445
TRACE 1233551,-65.01,-67.00,-0.448
TRACE 1235380,-65.12,-67.00,-0.420
TRACE 1237220,-65.23,-67.00,0.407
TRACE 1239017,-65.34,-67.50,0.451
TRACE 1240847,-65.45,-68.00,0.494
TRACE 1242678,-65.56,-68.00,0.459
TRACE 1244489,-65.67,-68.00,0.425
TRACE 1246301,-65.78,-68.00,0.421
TRACE 1248130,-65.89,-68.00,0.418
TRACE 1250008,-66.00,-68.00,0.415
TRACE 1251827,-66.11,-68.00,-0.420
TRACE 1253693,-66.22,-68.00,-0.455
TRACE 1255534,-66.33,-68.00,-0.458
TRACE 1257382,-66.44,-68.00,-0.461
TRACE 1259221,-66.55,-68.50,-0.419
TRACE 1261048,-66.66,-69.00,0.424
TRACE 1262859,-66.77,-69.00,0.421
TRACE 1264660,-66.88,-69.00,0.418
TRACE 1266474,-66.99,-69.00,0.415
TRACE 1268294,-67.10,-69.00,0.412
TRACE 1270095,-67.21,-69.00,0.409
TRACE 1271895,-67.31,-68.00,-0.519
TRACE 1273715,-67.42,-68.00,-0.554
TRACE 1275540,-67.53,-68.00,-0.557
TRACE 1277363,-67.64,-68.00,-0.560
TRACE 1279173,-67.75,-68.00,-0.564
TRACE 1280993,-67.86,-68.00,-0.567
TRACE 1282833,-67.97,-68.50,-0.524
TRACE 1284652,-68.08,-69.00,-0.418
TRACE 1286480,-68.19,-69.00,-0.421
TRACE 1288303,-68.30,-69.00,-0.424
TRACE 1290151,-68.41,-69.50,0.419
TRACE 1291947,-68.52,-70.00,0.462
TRACE 1293764,-68.63,-70.00,0.459
TRACE 1295579,-68.73,-70.50,0.470
TRACE 1297405,-68.84,-71.00,0.482
TRACE 1299211,-68.95,-71.00,0.479
TRACE 1301016,-69.06,-70.50,0.430
TRACE 1302830,-69.17,-70.00,-0.452
TRACE 1304646,-69.28,-70.00,-0.486
TRACE 1306452,-69.39,-70.00,-0.490
TRACE 1308268,-69.50,-70.00,-0.524
TRACE 1310087,-69.61,-70.00,-0.559
TRACE 1311888,-69.71,-70.00,-0.563
TRACE 1313709,-69.82,-70.00,-0.534
TRACE 1315529,-69.93,-70.00,-0.506
TRACE 1317356,-70.04,-70.50,-0.463
TRACE 1319190,-70.15,-71.00,-0.420
TRACE 1321002,-70.26,-71.00,-0.423
TRACE 1322818,-70.37,-71.00,-0.426
TRACE 1324643,-70.48,-71.00,-0.430
TRACE 1326459,-70.59,-72.00,0.460
TRACE 1328286,-70.70,-72.00,0.457
TRACE 1330092,-70.81,-72.50,0.468
TRACE 1331907,-70.91,-73.00,0.480
TRACE 1333711,-71.02,-73.00,0.477
TRACE 1335543,-71.13,-73.00,0.474
TRACE 1337365,-71.24,-73.00,0.471
TRACE 1339169,-71.35,-73.00,0.404
TRACE 1340984,-71.46,-72.50,-0.445
TRACE 1342805,-71.57,-72.00,-0.527
TRACE 1344650,-71.68,-72.00,-0.561
TRACE 1346462,-71.79,-72.00,-0.564
TRACE 1348264,-71.90,-72.00,-0.568
TRACE 1350094,-72.01,-72.00,-0.571
TRACE 1351942,-72.12,-72.00,-0.574
TRACE 1353778,-72.23,-72.00,-0.546
TRACE 1355597,-72.34,-72.00,-0.518
TRACE 1357436,-72.45,-72.00,-0.521
TRACE 1359267,-72.56,-72.00,-0.525
TRACE 1361081,-72.66,-73.00,-0.436
TRACE 1362898,-72.77,-73.00,-0.439
TRACE 1364734,-72.88,-73.00,-0.442
TRACE 1366543,-72.99,-73.00,-0.445
TRACE 1368381,-73.10,-74.00,0.444
TRACE 1370186,-73.21,-74.00,0.441
TRACE 1371991,-73.32,-74.50,0.485
TRACE 1373791,-73.43,-75.00,0.465
TRACE 1375603,-73.54,-75.00,0.462
TRACE 1377417,-73.65,-75.00,0.459
TRACE 1379237,-73.75,-75.00,0.455
TRACE 1381069,-73.86,-75.00,-0.411
TRACE 1382870,-73.97,-75.00,-0.414
TRACE 1384703,-74.08,-75.00,-0.449
TRACE 1386532,-74.19,-75.00,-0.484
TRACE 1388358,-74.30,-75.00,-0.487
TRACE 1390175,-74.41,-75.00,-0.490
TRACE 1391994,-74.52,-75.00,-0.494
TRACE 1393836,-74.63,-75.00,-0.497
TRACE 1395657,-74.74,-76.00,-0.408
TRACE 1406111,-75.37,-77.00,0.416
TRACE 1407936,-75.48,-78.00,0.480
TRACE 1409760,-75.59,-78.00,0.477
TRACE 1411549,-75.69,-78.00,0.473
TRACE 1413393,-75.80,-78.50,0.504
TRACE 1415213,-75.91,-78.50,0.501
TRACE 1417025,-76.02,-79.00,0.494
TRACE 1418850,-76.13,-78.50,0.457
TRACE 1420669,-76.24,-78.00,-0.455
TRACE 1422506,-76.35,-78.00,-0.459
TRACE 1424340,-76.46,-78.00,-0.462
TRACE 1426181,-76.57,-78.00,-0.496
TRACE 1428044,-76.68,-78.00,-0.500
TRACE 1429878,-76.79,-78.00,-0.534
TRACE 1431698,-76.90,-79.00,-0.414
TRACE 1433509,-77.01,-79.00,0.414
TRACE 1435342,-77.12,-79.00,0.411
TRACE 1437165,-77.23,-79.00,0.407
TRACE 1438989,-77.34,-79.00,0.404
TRACE 1440834,-77.45,-79.00,0.401
TRACE 1442657,-77.56,-79.00,-0.402
TRACE 1444499,-77.67,-79.00,-0.468
TRACE 1446354,-77.78,-79.00,-0.471
TRACE 1448154,-77.89,-79.00,-0.475
TRACE 1450042,-78.00,-79.00,-0.478
TRACE 1451872,-78.11,-79.00,-0.481
TRACE 1453725,-78.22,-79.00,-0.485
TRACE 1455543,-78.33,-79.00,-0.488
TRACE 1457414,-78.44,-79.00,-0.491
TRACE 1459223,-78.55,-79.50,-0.449
TRACE 1461040,-78.66,-80.00,-0.406
TRACE 1462874,-78.77,-80.00,-0.409
TRACE 1464704,-78.88,-81.00,0.480
TRACE 1466515,-78.99,-81.00,0.477
TRACE 1468321,-79.10,-81.00,0.474
TRACE 1470136,-79.21,-81.00,0.472
TRACE 1471960,-79.32,-81.00,0.437
TRACE 1473770,-79.43,-81.00,0.402
TRACE 1475567,-79.53,-81.00,-0.401
TRACE 1477410,-79.64,-81.00,-0.467
TRACE 1479235,-79.75,-81.00,-0.471
TRACE 1481081,-79.86,-81.00,-0.474
TRACE 1482911,-79.97,-82.00,0.415
TRACE 1484724,-80.08,-82.00,0.412
TRACE 1486518,-80.19,-82.00,0.409
TRACE 1488334,-80.30,-82.00,0.406
TRACE 1490144,-80.41,-82.00,0.403
TRACE 1491943,-80.52,-82.00,-0.401
TRACE 1493770,-80.63,-82.00,-0.404
TRACE 1495579,-80.73,-81.00,-0.563
TRACE 1497382,-80.84,-81.00,-0.566
TRACE 1499206,-80.95,-81.00,-0.570
TRACE 1501030,-81.06,-81.50,-0.516
TRACE 1502919,-81.17,-82.00,-0.472
TRACE 1504813,-81.29,-82.00,-0.475
TRACE 1506705,-81.40,-82.00,-0.478
TRACE 1508585,-81.51,-82.50,0.427
TRACE 1510472,-81.62,-83.00,0.469
TRACE 1512353,-81.73,-83.00,0.466
>>> 
HOST arm.nominal = -90
arm.nominal = -90
>>> 
HOST r = arm.move_to(0, "tuning_kfs040")
r = arm.move_to(0, "tuning_kfs040")
RESULT {"loops": 1279, "overshoot": 0.0, "t_reach": 1.6066, "type": "move", "t_settle": null, "target": 0, "state": "timeout", "q": null, "tag": "tuning_kfs040", "err": 1.0, "err_rest": 2.0, "ok": false, "max_dt_us": 10513, "t_profile": 1.7667, "start": -88.0, "max_track_err": 2.67}
!! 动作失败: timeout (马达已断电)。检查接线/方向 (check), 或放宽参数。
>>> 
HOST arm_test.cmd_trace(arm, [])
arm_test.cmd_trace(arm, [])
TRACE t_us,ref_deg,pos_deg,duty
TRACE 896,-88.00,-88.00,0.410
TRACE 2865,-88.00,-88.00,0.411
TRACE 4705,-88.00,-88.00,0.412
TRACE 6538,-88.00,-88.00,0.412
TRACE 8346,-87.99,-88.00,0.413
TRACE 10144,-87.99,-88.00,0.414
TRACE 11923,-87.99,-88.00,0.415
TRACE 13711,-87.98,-88.00,0.415
TRACE 15504,-87.98,-88.00,0.416
TRACE 17274,-87.97,-88.00,0.417
TRACE 19048,-87.96,-88.00,0.418
TRACE 20828,-87.96,-88.00,0.419
TRACE 22609,-87.95,-88.00,0.420
TRACE 24421,-87.94,-88.00,0.421
TRACE 26192,-87.93,-88.00,0.421
TRACE 27963,-87.92,-88.00,0.422
TRACE 29715,-87.91,-88.00,0.423
TRACE 31483,-87.90,-88.00,0.424
TRACE 33268,-87.89,-88.00,0.425
TRACE 35031,-87.88,-88.00,0.426
TRACE 36794,-87.86,-88.00,0.427
TRACE 38610,-87.85,-88.00,0.428
TRACE 40385,-87.84,-88.00,0.429
TRACE 42141,-87.82,-88.00,0.430
TRACE 43936,-87.81,-88.00,0.432
TRACE 45699,-87.79,-88.00,0.433
TRACE 47509,-87.77,-88.00,0.434
TRACE 49306,-87.76,-88.00,0.435
TRACE 51078,-87.74,-88.00,0.436
TRACE 52857,-87.72,-88.00,0.437
TRACE 54632,-87.70,-88.00,0.439
TRACE 56455,-87.68,-88.00,0.440
TRACE 58210,-87.66,-88.00,0.441
TRACE 59994,-87.64,-88.00,0.442
TRACE 61776,-87.62,-88.00,0.444
TRACE 63555,-87.60,-88.00,0.445
TRACE 65330,-87.57,-88.00,0.446
TRACE 67113,-87.55,-88.00,0.448
TRACE 68907,-87.53,-88.00,0.449
TRACE 70673,-87.50,-88.00,0.450
TRACE 72439,-87.48,-88.00,0.452
TRACE 74209,-87.45,-88.00,0.453
TRACE 75977,-87.42,-88.00,0.455
TRACE 77756,-87.40,-88.00,0.456
TRACE 79537,-87.37,-88.00,0.458
TRACE 81309,-87.34,-88.00,0.459
TRACE 83086,-87.31,-88.00,0.461
TRACE 84856,-87.28,-88.00,0.462
TRACE 86635,-87.25,-88.00,0.464
TRACE 88403,-87.22,-88.00,0.465
TRACE 90162,-87.19,-88.00,0.467
TRACE 91911,-87.16,-88.00,0.468
TRACE 93689,-87.12,-88.00,0.470
TRACE 95470,-87.09,-88.00,0.472
TRACE 97261,-87.05,-88.00,0.473
TRACE 99028,-87.02,-88.00,0.475
TRACE 100804,-86.98,-88.00,0.477
TRACE 102603,-86.95,-88.00,0.479
TRACE 104382,-86.91,-88.00,0.480
TRACE 106144,-86.87,-88.00,0.482
TRACE 107912,-86.84,-88.00,0.484
TRACE 109685,-86.80,-88.00,0.486
TRACE 111465,-86.76,-88.00,0.487
TRACE 113239,-86.72,-88.00,0.489
TRACE 115001,-86.68,-88.00,0.491
TRACE 116767,-86.64,-88.00,0.493
TRACE 118529,-86.60,-88.00,0.495
TRACE 120301,-86.55,-88.00,0.497
TRACE 122078,-86.51,-88.00,0.499
TRACE 123867,-86.47,-88.00,0.501
TRACE 125668,-86.42,-88.00,0.503
TRACE 127428,-86.38,-88.00,0.505
TRACE 129173,-86.33,-88.00,0.507
TRACE 130942,-86.29,-88.00,0.509
TRACE 132709,-86.24,-88.00,0.511
TRACE 134487,-86.19,-88.00,0.513
TRACE 136237,-86.14,-88.00,0.515
TRACE 138015,-86.10,-88.00,0.517
TRACE 139778,-86.05,-88.00,0.519
TRACE 141547,-86.00,-88.00,0.521
TRACE 143309,-85.95,-88.00,0.523
TRACE 145082,-85.90,-88.00,0.525
TRACE 146859,-85.84,-88.00,0.528
TRACE 148634,-85.79,-88.00,0.530
TRACE 150402,-85.74,-88.00,0.532
TRACE 152158,-85.68,-88.00,0.534
TRACE 153925,-85.63,-88.00,0.536
TRACE 155690,-85.58,-88.00,0.539
TRACE 157444,-85.52,-88.00,0.541
TRACE 159209,-85.47,-87.50,0.496
TRACE 160984,-85.41,-87.00,0.451
TRACE 162756,-85.35,-87.00,0.453
TRACE 164520,-85.29,-87.00,0.456
TRACE 166298,-85.23,-87.00,0.458
TRACE 168056,-85.18,-86.00,-0.434
TRACE 169822,-85.12,-86.00,-0.432
TRACE 171606,-85.06,-86.00,0.403
TRACE 173380,-84.99,-86.00,0.438
TRACE 175142,-84.93,-86.00,0.440
TRACE 176919,-84.87,-85.50,-0.404
TRACE 178700,-84.81,-85.00,-0.449
TRACE 180490,-84.74,-85.00,0.418
TRACE 182271,-84.68,-85.00,0.421
TRACE 184043,-84.61,-85.00,0.424
TRACE 185790,-84.55,-85.00,0.426
TRACE 187557,-84.48,-85.00,0.429
TRACE 189316,-84.42,-85.00,0.463
TRACE 191104,-84.35,-85.00,0.498
TRACE 192866,-84.28,-84.50,0.454
TRACE 194625,-84.21,-84.00,0.409
TRACE 196408,-84.14,-84.00,0.412
TRACE 198198,-84.07,-84.00,0.415
TRACE 199962,-84.00,-84.00,0.417
TRACE 201729,-83.93,-83.00,-0.474
TRACE 203520,-83.86,-83.00,-0.471
TRACE 213952,-83.42,-83.00,0.417
TRACE 215746,-83.35,-84.00,0.507
TRACE 217519,-83.27,-84.00,0.510
TRACE 219293,-83.19,-84.00,0.513
TRACE 221085,-83.11,-84.00,0.516
TRACE 222883,-83.03,-84.00,0.557
TRACE 224645,-82.95,-83.50,0.526
TRACE 226424,-82.87,-83.00,0.495
TRACE 228197,-82.79,-83.00,0.434
TRACE 229972,-82.71,-83.00,0.437
TRACE 231745,-82.63,-83.00,0.440
TRACE 233528,-82.55,-82.00,-0.451
TRACE 235293,-82.46,-82.00,-0.448
TRACE 237089,-82.38,-82.00,-0.412
TRACE 238871,-82.29,-81.50,-0.424
TRACE 240656,-82.21,-81.00,-0.468
TRACE 242451,-82.12,-81.00,-0.465
TRACE 244253,-82.03,-81.50,-0.414
TRACE 246052,-81.95,-82.00,0.500
TRACE 247844,-81.86,-82.00,0.504
TRACE 249607,-81.77,-82.00,0.507
TRACE 251385,-81.68,-82.00,0.542
TRACE 253152,-81.59,-82.00,0.577
TRACE 254978,-81.50,-82.00,0.581
TRACE 256762,-81.41,-81.50,0.505
TRACE 258556,-81.31,-81.00,0.430
TRACE 260349,-81.22,-81.00,0.433
TRACE 262114,-81.13,-81.00,0.437
TRACE 263936,-81.03,-81.00,0.440
TRACE 265719,-80.94,-80.50,-0.403
TRACE 267548,-80.84,-80.00,-0.446
TRACE 269349,-80.75,-80.00,-0.411
TRACE 271114,-80.65,-80.00,0.424
TRACE 272899,-80.55,-79.50,-0.419
TRACE 274682,-80.45,-79.50,-0.415
TRACE 276457,-80.36,-80.00,0.435
TRACE 278246,-80.26,-80.00,0.470
TRACE 280013,-80.16,-80.00,0.506
TRACE 281789,-80.06,-80.00,0.510
TRACE 283554,-79.96,-80.00,0.513
TRACE 285307,-79.86,-80.00,0.549
TRACE 287057,-79.76,-80.00,0.553
TRACE 288818,-79.66,-80.00,0.524
TRACE 290582,-79.56,-80.00,0.528
TRACE 292337,-79.45,-80.00,0.532
TRACE 294096,-79.35,-79.00,0.440
TRACE 295866,-79.25,-79.00,0.444
TRACE 297620,-79.14,-79.00,0.448
TRACE 299400,-79.04,-79.00,0.452
TRACE 301178,-78.93,-79.00,0.445
TRACE 302985,-78.82,-79.00,0.449
TRACE 304797,-78.71,-78.00,-0.442
TRACE 306624,-78.60,-78.00,0.426
TRACE 308431,-78.49,-78.00,0.430
TRACE 310242,-78.39,-78.00,0.433
TRACE 312061,-78.28,-77.00,-0.457
TRACE 313876,-78.17,-77.00,-0.453
TRACE 315708,-78.06,-77.00,-0.449
TRACE 317528,-77.95,-77.00,0.417
TRACE 319339,-77.84,-77.00,0.420
TRACE 321143,-77.73,-77.00,0.423
TRACE 322950,-77.62,-77.00,0.426
TRACE 324764,-77.51,-77.00,0.493
TRACE 326571,-77.41,-77.00,0.496
TRACE 328354,-77.30,-76.00,0.406
TRACE 330156,-77.19,-76.00,0.409
TRACE 331986,-77.08,-76.00,0.412
TRACE 333796,-76.97,-76.00,0.416
TRACE 335617,-76.86,-76.00,0.419
TRACE 337437,-76.75,-76.00,0.422
TRACE 339266,-76.64,-75.00,-0.467
TRACE 341090,-76.53,-75.00,-0.401
TRACE 342912,-76.43,-75.00,0.403
TRACE 344703,-76.32,-75.00,0.406
TRACE 346505,-76.21,-75.00,0.409
TRACE 348308,-76.10,-75.00,0.412
TRACE 350106,-75.99,-75.00,0.415
TRACE 351919,-75.88,-74.50,0.435
TRACE 353726,-75.78,-74.00,-0.409
TRACE 355566,-75.67,-74.00,-0.405
TRACE 357377,-75.56,-74.00,-0.402
TRACE 359195,-75.45,-74.00,0.402
TRACE 361032,-75.34,-74.00,0.405
TRACE 362835,-75.23,-74.00,0.408
TRACE 364629,-75.12,-74.00,0.443
TRACE 366441,-75.01,-74.00,0.478
TRACE 368256,-74.90,-74.00,0.481
TRACE 370088,-74.79,-73.50,0.438
TRACE 371903,-74.69,-73.00,-0.406
TRACE 373721,-74.58,-73.00,-0.402
TRACE 375532,-74.47,-73.00,0.401
TRACE 377339,-74.36,-73.00,0.404
TRACE 379154,-74.25,-73.00,0.408
TRACE 380959,-74.14,-73.00,0.411
TRACE 382785,-74.03,-73.00,0.446
TRACE 384588,-73.92,-73.00,0.480
TRACE 386387,-73.82,-73.00,0.483
TRACE 388176,-73.71,-73.00,0.487
TRACE 389994,-73.60,-72.50,0.443
TRACE 391782,-73.49,-72.00,-0.400
TRACE 393605,-73.38,-72.00,0.403
TRACE 395407,-73.28,-72.00,0.406
TRACE 397235,-73.17,-72.00,0.410
TRACE 399041,-73.06,-71.50,-0.434
TRACE 400860,-72.95,-71.00,-0.477
TRACE 402684,-72.84,-71.00,-0.442
TRACE 404503,-72.73,-71.00,-0.407
TRACE 406321,-72.62,-71.00,-0.404
TRACE 408150,-72.51,-71.00,-0.400
TRACE 409981,-72.40,-72.00,0.496
TRACE 420494,-71.77,-73.00,0.601
TRACE 422325,-71.66,-73.00,0.623
TRACE 424137,-71.55,-73.50,0.660
TRACE 425953,-71.44,-74.00,0.697
TRACE 427780,-71.33,-74.00,0.700
TRACE 429607,-71.22,-73.00,0.636
TRACE 431436,-71.11,-73.00,0.602
TRACE 433255,-71.00,-73.00,0.568
TRACE 435078,-70.90,-73.00,0.571
TRACE 436913,-70.79,-73.00,0.543
TRACE 438719,-70.68,-72.00,0.422
TRACE 440522,-70.57,-72.00,0.425
TRACE 442368,-70.46,-71.00,-0.401
TRACE 444198,-70.35,-71.00,0.402
TRACE 446003,-70.24,-71.00,0.405
TRACE 447812,-70.13,-71.00,0.408
TRACE 449620,-70.02,-70.00,-0.482
TRACE 451466,-69.91,-70.00,-0.415
TRACE 453283,-69.80,-70.00,-0.411
TRACE 455103,-69.69,-69.00,-0.438
TRACE 456953,-69.58,-69.00,-0.435
TRACE 458771,-69.47,-69.50,0.415
TRACE 460630,-69.36,-70.00,0.465
TRACE 462438,-69.25,-70.00,0.530
TRACE 464281,-69.14,-70.00,0.534
TRACE 466097,-69.03,-70.00,0.537
TRACE 467900,-68.93,-70.00,0.603
TRACE 469704,-68.82,-70.00,0.606
TRACE 471516,-68.71,-70.00,0.578
TRACE 473384,-68.60,-70.00,0.550
TRACE 475188,-68.49,-69.50,0.507
TRACE 476991,-68.38,-69.00,0.464
TRACE 478798,-68.27,-69.00,0.467
TRACE 480588,-68.16,-69.00,0.470
TRACE 482386,-68.06,-69.00,0.473
TRACE 484183,-67.95,-68.00,-0.417
TRACE 485986,-67.84,-68.00,-0.414
TRACE 487788,-67.73,-68.00,0.421
TRACE 489586,-67.62,-68.00,0.456
TRACE 491376,-67.52,-67.50,0.412
TRACE 493190,-67.41,-67.00,-0.431
TRACE 495011,-67.30,-67.00,-0.428
TRACE 496826,-67.19,-67.00,0.439
TRACE 498632,-67.08,-67.00,0.442
TRACE 500432,-66.97,-67.00,0.446
TRACE 502216,-66.87,-67.00,0.449
TRACE 504031,-66.76,-67.00,0.484
TRACE 505815,-66.65,-66.00,0.425
TRACE 507621,-66.54,-66.00,0.428
TRACE 509424,-66.43,-66.00,0.431
TRACE 511226,-66.33,-66.00,0.435
TRACE 513045,-66.22,-66.00,0.438
TRACE 514852,-66.11,-66.00,0.441
TRACE 516667,-66.00,-66.00,0.445
TRACE 518462,-65.89,-65.00,0.418
TRACE 520282,-65.78,-65.00,0.421
TRACE 522103,-65.67,-65.00,0.425
TRACE 523903,-65.57,-65.00,0.428
TRACE 525710,-65.46,-64.00,-0.462
TRACE 527531,-65.35,-64.00,-0.459
TRACE 529354,-65.24,-64.00,-0.455
TRACE 531168,-65.13,-64.00,0.411
TRACE 532979,-65.02,-64.00,0.414
TRACE 534782,-64.91,-64.00,0.418
TRACE 536576,-64.81,-64.00,0.421
TRACE 538405,-64.70,-63.00,-0.406
TRACE 540222,-64.59,-63.00,-0.403
TRACE 542035,-64.48,-63.00,0.401
TRACE 543830,-64.37,-63.00,0.404
TRACE 545643,-64.26,-63.00,0.407
TRACE 547439,-64.15,-63.00,0.410
TRACE 549222,-64.05,-63.00,0.413
TRACE 551045,-63.94,-63.00,0.480
TRACE 552826,-63.83,-63.00,0.483
TRACE 554633,-63.72,-63.00,0.486
TRACE 556456,-63.61,-63.00,0.490
TRACE 558274,-63.50,-63.00,0.493
TRACE 560057,-63.40,-63.00,0.496
TRACE 561859,-63.29,-63.00,0.499
TRACE 563664,-63.18,-63.00,0.503
TRACE 565482,-63.07,-63.00,0.506
TRACE 567282,-62.96,-63.00,0.509
TRACE 569108,-62.85,-63.00,0.512
TRACE 570903,-62.75,-63.00,0.516
TRACE 572702,-62.64,-63.00,0.519
TRACE 574533,-62.53,-62.50,0.476
TRACE 576342,-62.42,-62.00,0.432
TRACE 578139,-62.31,-62.00,0.435
TRACE 579958,-62.20,-62.00,0.439
TRACE 581774,-62.09,-61.00,-0.451
TRACE 583601,-61.98,-61.00,-0.448
TRACE 585416,-61.88,-61.00,-0.444
TRACE 587243,-61.77,-61.00,-0.409
TRACE 589065,-61.66,-61.00,0.425
TRACE 590875,-61.55,-61.00,0.429
TRACE 592691,-61.44,-61.00,0.432
TRACE 594516,-61.33,-61.00,0.498
TRACE 596332,-61.22,-61.00,0.501
TRACE 598133,-61.11,-61.00,0.505
TRACE 599946,-61.00,-61.00,0.508
TRACE 601740,-60.90,-61.00,0.511
TRACE 603561,-60.79,-61.00,0.514
TRACE 605375,-60.68,-61.00,0.518
TRACE 607168,-60.57,-61.00,0.521
TRACE 608978,-60.46,-61.00,0.524
TRACE 610783,-60.35,-61.00,0.527
TRACE 612587,-60.24,-60.00,0.437
TRACE 614405,-60.14,-60.00,0.441
TRACE 624863,-59.51,-58.00,-0.450
TRACE 626722,-59.40,-58.00,-0.446
TRACE 628544,-59.29,-57.00,-0.510
TRACE 630374,-59.18,-57.00,-0.507
TRACE 632214,-59.07,-57.00,-0.503
TRACE 634038,-58.96,-57.00,-0.463
TRACE 635866,-58.85,-57.00,-0.459
TRACE 637710,-58.74,-57.00,-0.406
TRACE 639549,-58.63,-57.00,-0.403
TRACE 641374,-58.52,-57.00,0.462
TRACE 643194,-58.41,-57.00,0.466
TRACE 645002,-58.30,-57.00,0.469
TRACE 646830,-58.19,-57.00,0.472
TRACE 648637,-58.08,-57.00,0.476
TRACE 650455,-57.97,-57.00,0.479
TRACE 652265,-57.86,-56.50,0.436
TRACE 654080,-57.76,-56.00,-0.408
TRACE 655923,-57.64,-56.00,-0.404
TRACE 657742,-57.54,-56.00,-0.401
TRACE 659587,-57.42,-56.00,0.403
TRACE 661410,-57.32,-56.00,0.406
TRACE 663234,-57.21,-56.00,0.409
TRACE 665041,-57.10,-56.00,0.444
TRACE 666852,-56.99,-56.00,0.478
TRACE 668710,-56.88,-55.00,-0.411
TRACE 670549,-56.77,-55.00,-0.407
TRACE 672402,-56.66,-55.00,-0.404
TRACE 674211,-56.55,-55.00,-0.401
TRACE 676027,-56.44,-55.00,0.402
TRACE 677854,-56.33,-55.00,0.406
TRACE 679684,-56.22,-55.00,0.409
TRACE 681469,-56.11,-55.00,0.475
TRACE 683277,-56.00,-55.00,0.478
TRACE 685082,-55.90,-55.00,0.481
TRACE 686909,-55.79,-55.00,0.484
TRACE 688702,-55.68,-55.00,0.488
TRACE 690498,-55.57,-55.00,0.491
TRACE 692327,-55.46,-55.00,0.494
TRACE 694125,-55.35,-55.00,0.497
TRACE 695930,-55.24,-55.00,0.501
TRACE 697730,-55.14,-54.50,0.457
TRACE 699545,-55.03,-54.00,0.414
TRACE 701333,-54.92,-54.00,0.417
TRACE 703124,-54.81,-54.00,0.420
TRACE 704939,-54.70,-54.00,0.423
TRACE 706748,-54.60,-54.00,0.427
TRACE 708555,-54.49,-53.00,-0.463
TRACE 710395,-54.38,-53.00,-0.428
TRACE 712219,-54.27,-53.00,0.407
TRACE 714026,-54.16,-53.00,0.410
TRACE 715849,-54.05,-53.00,0.414
TRACE 717666,-53.94,-53.00,0.417
TRACE 719466,-53.83,-53.00,0.420
TRACE 721252,-53.72,-53.00,0.486
TRACE 723054,-53.62,-53.00,0.489
TRACE 724859,-53.51,-53.00,0.493
TRACE 726665,-53.40,-52.50,0.449
TRACE 728479,-53.29,-52.00,0.406
TRACE 730278,-53.18,-52.00,0.409
TRACE 732080,-53.08,-52.00,0.412
TRACE 733873,-52.97,-51.00,-0.478
TRACE 735707,-52.86,-51.00,-0.474
TRACE 737521,-52.75,-51.00,-0.471
TRACE 739324,-52.64,-51.00,-0.436
TRACE 741138,-52.53,-51.00,-0.401
TRACE 742940,-52.42,-51.00,0.402
TRACE 744744,-52.32,-51.00,0.405
TRACE 746546,-52.21,-51.50,0.518
TRACE 748364,-52.10,-52.00,0.568
TRACE 750152,-51.99,-52.00,0.572
TRACE 751964,-51.88,-52.00,0.575
TRACE 753783,-51.77,-52.00,0.578
TRACE 755592,-51.66,-51.00,0.488
TRACE 757427,-51.55,-51.00,0.491
TRACE 759233,-51.45,-51.00,0.463
TRACE 761040,-51.34,-51.00,0.435
TRACE 762862,-51.23,-51.00,0.438
TRACE 764687,-51.12,-51.00,0.442
TRACE 766510,-51.01,-50.00,-0.448
TRACE 768325,-50.90,-50.00,0.418
TRACE 770132,-50.79,-50.00,0.421
TRACE 771950,-50.68,-49.50,-0.422
TRACE 773767,-50.57,-49.00,-0.465
TRACE 775563,-50.47,-49.00,-0.462
TRACE 777391,-50.36,-49.00,-0.459
TRACE 779210,-50.25,-49.00,0.408
TRACE 781032,-50.14,-49.00,0.411
TRACE 782840,-50.03,-49.00,0.414
TRACE 784650,-49.92,-49.50,0.495
TRACE 786463,-49.81,-49.50,0.530
TRACE 788278,-49.70,-49.50,0.533
TRACE 790070,-49.60,-49.00,0.490
TRACE 791888,-49.49,-49.00,0.493
TRACE 793713,-49.38,-49.00,0.497
TRACE 795529,-49.27,-49.00,0.500
TRACE 797334,-49.16,-49.00,0.472
TRACE 799147,-49.05,-49.00,0.475
TRACE 800968,-48.94,-49.00,0.478
TRACE 802785,-48.83,-48.00,0.420
TRACE 804580,-48.73,-48.00,0.423
TRACE 806374,-48.62,-48.00,0.426
TRACE 808171,-48.51,-47.00,-0.464
TRACE 809982,-48.40,-47.00,-0.461
TRACE 811806,-48.29,-47.00,-0.457
TRACE 813655,-48.18,-47.00,-0.454
TRACE 815482,-48.07,-46.50,-0.434
TRACE 817318,-47.96,-46.50,-0.430
TRACE 827763,-47.33,-47.00,0.461
TRACE 829596,-47.22,-47.00,0.501
TRACE 831412,-47.12,-47.50,0.538
TRACE 833231,-47.01,-47.50,0.541
TRACE 835045,-46.90,-47.50,0.545
TRACE 836867,-46.79,-47.00,0.533
TRACE 838678,-46.68,-47.00,0.536
TRACE 840513,-46.57,-47.00,0.521
TRACE 842330,-46.46,-47.00,0.524
TRACE 844148,-46.35,-46.00,0.403
TRACE 845943,-46.24,-46.00,0.406
TRACE 847771,-46.13,-45.50,-0.437
TRACE 849611,-46.02,-45.00,-0.448
TRACE 851449,-45.91,-45.00,-0.445
TRACE 853271,-45.80,-45.00,-0.442
TRACE 855078,-45.70,-45.00,-0.438
TRACE 856916,-45.59,-45.00,0.428
TRACE 858737,-45.48,-45.00,0.431
TRACE 860556,-45.37,-45.00,0.466
TRACE 862351,-45.26,-45.00,0.500
TRACE 864234,-45.15,-45.00,0.504
TRACE 866042,-45.04,-45.00,0.507
TRACE 867879,-44.93,-45.00,0.510
TRACE 869694,-44.82,-45.00,0.513
TRACE 871499,-44.71,-45.00,0.517
TRACE 873316,-44.60,-45.00,0.520
TRACE 875116,-44.49,-45.00,0.523
TRACE 876971,-44.38,-45.00,0.527
TRACE 878782,-44.27,-44.50,0.483
TRACE 880600,-44.16,-44.00,0.440
TRACE 882402,-44.06,-44.00,0.443
TRACE 884204,-43.95,-44.00,0.447
TRACE 886018,-43.84,-44.00,0.450
TRACE 887826,-43.73,-43.00,-0.440
TRACE 889645,-43.62,-43.00,-0.437
TRACE 891482,-43.51,-43.00,-0.402
TRACE 893301,-43.40,-43.00,0.433
TRACE 895122,-43.29,-43.00,0.436
TRACE 896928,-43.18,-43.00,0.440
TRACE 898738,-43.08,-43.00,0.443
TRACE 900540,-42.97,-43.00,0.509
TRACE 902348,-42.86,-43.00,0.512
TRACE 904136,-42.75,-43.00,0.515
TRACE 905927,-42.64,-43.00,0.519
TRACE 907746,-42.54,-43.00,0.522
TRACE 909548,-42.43,-42.00,0.432
TRACE 911346,-42.32,-42.00,0.435
TRACE 913138,-42.21,-42.00,0.438
TRACE 914956,-42.10,-42.00,0.441
TRACE 916749,-42.00,-41.00,-0.449
TRACE 918557,-41.89,-41.00,-0.445
TRACE 920365,-41.78,-41.00,-0.442
TRACE 922169,-41.67,-41.00,0.425
TRACE 923978,-41.56,-41.00,0.428
TRACE 925782,-41.45,-41.00,0.431
TRACE 927590,-41.34,-41.00,0.434
TRACE 929395,-41.24,-41.00,0.501
TRACE 931201,-41.13,-40.00,0.411
TRACE 933011,-41.02,-40.00,0.414
TRACE 934818,-40.91,-40.00,0.417
TRACE 936617,-40.80,-39.00,-0.473
TRACE 938447,-40.69,-39.00,-0.469
TRACE 940263,-40.58,-39.00,-0.466
TRACE 942075,-40.48,-39.00,-0.462
TRACE 943896,-40.37,-39.00,0.404
TRACE 945720,-40.26,-39.00,0.407
TRACE 947543,-40.15,-39.00,0.411
TRACE 949364,-40.04,-39.00,0.477
TRACE 951182,-39.93,-39.00,0.480
TRACE 952980,-39.82,-39.00,0.483
TRACE 954798,-39.71,-39.00,0.487
TRACE 956610,-39.60,-38.50,0.443
TRACE 958424,-39.49,-38.00,0.400
TRACE 960228,-39.39,-38.00,0.403
TRACE 962023,-39.28,-38.00,0.406
TRACE 963827,-39.17,-37.00,-0.484
TRACE 965640,-39.06,-37.00,-0.480
TRACE 967455,-38.95,-37.00,-0.477
TRACE 969303,-38.84,-37.00,-0.442
TRACE 971119,-38.73,-36.50,-0.454
TRACE 972935,-38.62,-36.50,-0.450
TRACE 974745,-38.52,-37.00,-0.400
TRACE 976553,-38.41,-37.00,0.466
TRACE 978360,-38.30,-37.00,0.469
TRACE 980174,-38.19,-37.00,0.472
TRACE 982000,-38.08,-37.00,0.476
TRACE 983797,-37.97,-37.00,0.510
TRACE 985627,-37.86,-37.00,0.514
TRACE 987425,-37.75,-37.00,0.485
TRACE 989212,-37.65,-36.50,0.442
TRACE 991018,-37.54,-36.00,-0.401
TRACE 992859,-37.43,-36.00,0.402
TRACE 994662,-37.32,-36.00,0.405
TRACE 996460,-37.21,-36.00,0.408
TRACE 998288,-37.10,-36.00,0.412
TRACE 1000095,-36.99,-35.00,-0.478
TRACE 1001929,-36.88,-35.00,-0.443
TRACE 1003761,-36.77,-35.00,-0.408
TRACE 1005593,-36.66,-35.00,-0.405
TRACE 1007419,-36.55,-35.00,-0.401
TRACE 1009252,-36.44,-35.00,0.402
TRACE 1011068,-36.34,-35.00,0.405
TRACE 1012877,-36.23,-35.00,0.471
TRACE 1014682,-36.12,-35.00,0.474
TRACE 1016485,-36.01,-35.00,0.478
TRACE 1018282,-35.90,-35.00,0.481
TRACE 1020104,-35.79,-35.00,0.484
TRACE 1021931,-35.68,-35.00,0.487
TRACE 1032433,-35.05,-34.00,0.439
TRACE 1034259,-34.94,-34.00,0.442
TRACE 1036084,-34.83,-33.00,-0.422
TRACE 1037910,-34.73,-33.00,-0.418
TRACE 1039746,-34.62,-33.00,-0.415
TRACE 1041559,-34.51,-33.00,-0.412
TRACE 1043396,-34.40,-33.00,-0.408
TRACE 1045233,-34.29,-33.00,0.407
TRACE 1047067,-34.18,-33.00,0.410
TRACE 1048874,-34.07,-33.00,0.476
TRACE 1050683,-33.96,-33.00,0.479
TRACE 1052475,-33.85,-33.00,0.482
TRACE 1054288,-33.74,-33.00,0.486
TRACE 1056101,-33.63,-33.00,0.489
TRACE 1057891,-33.53,-33.00,0.492
TRACE 1059688,-33.42,-33.00,0.495
TRACE 1061528,-33.31,-33.00,0.499
TRACE 1063332,-33.20,-33.00,0.502
TRACE 1065139,-33.09,-33.00,0.505
TRACE 1066963,-32.98,-33.00,0.509
TRACE 1068778,-32.87,-33.00,0.512
TRACE 1070560,-32.77,-32.00,0.422
TRACE 1072402,-32.66,-32.00,0.425
TRACE 1074204,-32.55,-32.00,0.428
TRACE 1076058,-32.44,-31.00,-0.461
TRACE 1077874,-32.33,-31.00,-0.457
TRACE 1079724,-32.22,-31.00,-0.454
TRACE 1081552,-32.11,-31.00,-0.450
TRACE 1083397,-32.00,-31.00,0.416
TRACE 1085237,-31.89,-31.00,0.419
TRACE 1087025,-31.78,-31.00,0.422
TRACE 1088823,-31.67,-31.00,0.488
TRACE 1090642,-31.56,-31.00,0.491
TRACE 1092441,-31.45,-31.00,0.494
TRACE 1094236,-31.35,-31.00,0.498
TRACE 1096051,-31.24,-30.00,0.408
TRACE 1097849,-31.13,-30.00,0.411
TRACE 1099640,-31.02,-30.00,0.414
TRACE 1101460,-30.91,-29.00,-0.476
TRACE 1103289,-30.80,-29.00,-0.473
TRACE 1105103,-30.69,-29.00,-0.469
TRACE 1106895,-30.59,-29.00,-0.466
TRACE 1108715,-30.48,-29.00,0.401
TRACE 1110521,-30.37,-29.00,0.404
TRACE 1112343,-30.26,-29.00,0.407
TRACE 1114146,-30.15,-29.00,0.473
TRACE 1115978,-30.04,-29.00,0.477
TRACE 1117780,-29.93,-29.00,0.480
TRACE 1119605,-29.82,-28.00,-0.410
TRACE 1121436,-29.71,-28.00,-0.406
TRACE 1123258,-29.60,-28.00,-0.403
TRACE 1125088,-29.49,-28.00,0.400
TRACE 1126909,-29.39,-28.00,0.404
TRACE 1128714,-29.28,-28.00,0.407
TRACE 1130527,-29.17,-28.00,0.410
TRACE 1132339,-29.06,-28.00,0.476
TRACE 1134158,-28.95,-28.00,0.479
TRACE 1135954,-28.84,-28.00,0.483
TRACE 1137773,-28.73,-28.00,0.486
TRACE 1139593,-28.62,-28.00,0.489
TRACE 1141418,-28.51,-28.00,0.493
TRACE 1143231,-28.41,-28.00,0.496
TRACE 1145050,-28.30,-28.00,0.499
TRACE 1146840,-28.19,-27.00,0.409
TRACE 1148638,-28.08,-27.00,0.412
TRACE 1150459,-27.97,-27.00,0.416
TRACE 1152269,-27.86,-27.00,0.419
TRACE 1154082,-27.76,-26.50,-0.424
TRACE 1155905,-27.65,-26.00,-0.468
TRACE 1157733,-27.54,-26.00,-0.464
TRACE 1159532,-27.43,-26.00,0.402
TRACE 1161343,-27.32,-26.00,0.405
TRACE 1163168,-27.21,-26.00,0.409
TRACE 1164958,-27.10,-26.00,0.412
TRACE 1166781,-26.99,-26.00,0.447
TRACE 1168590,-26.88,-26.00,0.481
TRACE 1170389,-26.78,-25.00,-0.409
TRACE 1172211,-26.67,-25.00,-0.405
TRACE 1174033,-26.56,-25.00,-0.402
TRACE 1175853,-26.45,-25.00,0.401
TRACE 1177689,-26.34,-25.00,0.405
TRACE 1179496,-26.23,-25.00,0.408
TRACE 1181312,-26.12,-25.00,0.411
TRACE 1183132,-26.01,-25.00,0.478
TRACE 1184923,-25.90,-25.00,0.481
TRACE 1186734,-25.80,-25.00,0.484
TRACE 1188546,-25.69,-25.00,0.487
TRACE 1190344,-25.58,-25.00,0.491
TRACE 1192178,-25.47,-25.00,0.494
TRACE 1193972,-25.36,-25.00,0.497
TRACE 1195785,-25.25,-25.00,0.500
TRACE 1197580,-25.15,-24.50,0.457
TRACE 1199408,-25.04,-24.50,0.460
TRACE 1201224,-24.93,-24.00,0.417
TRACE 1203024,-24.82,-24.00,0.420
TRACE 1204829,-24.71,-24.00,0.423
TRACE 1206634,-24.60,-24.00,0.427
TRACE 1208415,-24.50,-23.00,-0.464
TRACE 1210244,-24.39,-23.00,-0.428
TRACE 1212073,-24.28,-23.00,-0.425
TRACE 1213886,-24.17,-23.00,0.410
TRACE 1215690,-24.06,-23.00,0.413
TRACE 1217498,-23.95,-23.00,0.416
TRACE 1219302,-23.84,-23.00,0.420
TRACE 1221090,-23.73,-23.00,0.486
TRACE 1222882,-23.63,-23.00,0.489
TRACE 1224693,-23.52,-23.00,0.492
TRACE 1235105,-22.89,-22.00,0.443
TRACE 1236935,-22.78,-21.00,-0.421
TRACE 1238760,-22.67,-21.00,-0.417
TRACE 1240585,-22.56,-21.00,-0.414
TRACE 1242420,-22.45,-21.00,-0.411
TRACE 1244257,-22.34,-21.00,-0.407
TRACE 1246096,-22.23,-21.00,-0.404
TRACE 1247943,-22.12,-21.00,0.412
TRACE 1249779,-22.01,-21.00,0.478
TRACE 1251607,-21.90,-21.00,0.481
TRACE 1253416,-21.80,-21.50,0.530
TRACE 1255227,-21.69,-22.00,0.580
TRACE 1257069,-21.58,-22.00,0.583
TRACE 1258877,-21.47,-22.00,0.587
TRACE 1260672,-21.36,-21.50,0.544
TRACE 1262494,-21.25,-21.00,0.500
TRACE 1264291,-21.14,-21.00,0.504
TRACE 1266077,-21.04,-21.00,0.475
TRACE 1267880,-20.93,-21.00,0.447
TRACE 1269689,-20.82,-21.00,0.450
TRACE 1271553,-20.71,-20.00,-0.439
TRACE 1273364,-20.60,-20.00,-0.404
TRACE 1275211,-20.49,-20.00,0.430
TRACE 1277025,-20.38,-20.00,0.434
TRACE 1278848,-20.27,-19.50,-0.409
TRACE 1280674,-20.16,-19.00,-0.452
TRACE 1282481,-20.05,-19.00,-0.449
TRACE 1284327,-19.94,-19.00,0.417
TRACE 1286129,-19.83,-19.00,0.420
TRACE 1288004,-19.72,-19.00,0.424
TRACE 1289811,-19.61,-19.50,0.473
TRACE 1291618,-19.50,-19.50,0.508
TRACE 1293434,-19.39,-19.50,0.543
TRACE 1295246,-19.29,-19.00,0.499
TRACE 1297063,-19.18,-19.00,0.503
TRACE 1298867,-19.07,-19.00,0.506
TRACE 1300665,-18.96,-19.00,0.509
TRACE 1302459,-18.85,-19.00,0.481
TRACE 1304256,-18.74,-19.00,0.484
TRACE 1306041,-18.64,-18.50,0.440
TRACE 1307848,-18.53,-18.00,0.429
TRACE 1309662,-18.42,-18.00,0.432
TRACE 1311476,-18.31,-18.00,0.435
TRACE 1313295,-18.20,-17.00,-0.455
TRACE 1315116,-18.09,-17.00,-0.451
TRACE 1316936,-17.98,-17.00,-0.448
TRACE 1318769,-17.87,-16.50,-0.459
TRACE 1320592,-17.76,-16.00,-0.470
TRACE 1322424,-17.65,-16.00,-0.467
TRACE 1324239,-17.55,-16.50,-0.417
TRACE 1326049,-17.44,-17.00,0.495
TRACE 1327850,-17.33,-17.00,0.498
TRACE 1329664,-17.22,-17.00,0.501
TRACE 1331467,-17.11,-17.00,0.536
TRACE 1333279,-17.00,-17.00,0.571
TRACE 1335078,-16.90,-17.00,0.574
TRACE 1336886,-16.79,-17.00,0.546
TRACE 1338682,-16.68,-16.50,0.471
TRACE 1340481,-16.57,-16.00,0.428
TRACE 1342307,-16.46,-16.00,0.431
TRACE 1344101,-16.35,-16.00,0.434
TRACE 1345909,-16.25,-15.00,-0.456
TRACE 1347733,-16.14,-15.00,-0.453
TRACE 1349535,-16.03,-15.00,-0.449
TRACE 1351348,-15.92,-15.00,-0.414
TRACE 1353181,-15.81,-15.00,0.421
TRACE 1354985,-15.70,-15.00,0.424
TRACE 1356794,-15.59,-15.00,0.427
TRACE 1358603,-15.48,-15.00,0.493
TRACE 1360412,-15.38,-15.00,0.497
TRACE 1362212,-15.27,-15.00,0.500
TRACE 1364008,-15.16,-15.00,0.503
TRACE 1365826,-15.05,-15.00,0.506
TRACE 1367642,-14.94,-15.00,0.510
TRACE 1369437,-14.83,-14.50,0.466
TRACE 1371229,-14.73,-14.00,0.423
TRACE 1373038,-14.62,-14.00,0.426
TRACE 1374851,-14.51,-14.00,0.429
TRACE 1376649,-14.40,-14.00,0.433
TRACE 1378469,-14.29,-13.00,-0.457
TRACE 1380292,-14.18,-13.00,-0.454
TRACE 1382105,-14.07,-13.00,-0.419
TRACE 1383927,-13.96,-13.00,0.416
TRACE 1385742,-13.86,-13.00,0.419
TRACE 1387530,-13.75,-13.00,0.422
TRACE 1389349,-13.64,-13.00,0.426
TRACE 1391166,-13.53,-13.00,0.492
TRACE 1392976,-13.42,-13.00,0.495
TRACE 1394790,-13.31,-13.00,0.499
TRACE 1396597,-13.20,-13.00,0.502
TRACE 1398387,-13.10,-13.00,0.505
TRACE 1400188,-12.99,-13.00,0.508
TRACE 1401998,-12.88,-13.00,0.512
TRACE 1403809,-12.77,-12.50,0.468
TRACE 1405609,-12.66,-12.00,0.425
TRACE 1407429,-12.55,-12.00,0.428
TRACE 1409221,-12.45,-12.00,0.431
TRACE 1411011,-12.34,-11.00,-0.459
TRACE 1412829,-12.23,-11.00,-0.455
TRACE 1414647,-12.12,-11.00,-0.452
TRACE 1416452,-12.01,-11.00,-0.417
TRACE 1418262,-11.90,-11.00,0.418
TRACE 1420087,-11.79,-11.00,0.421
TRACE 1421886,-11.69,-11.00,0.424
TRACE 1423682,-11.58,-11.00,0.491
TRACE 1425500,-11.47,-11.00,0.494
TRACE 1427313,-11.36,-10.50,0.451
TRACE 1429118,-11.25,-9.50,-0.439
TRACE 1439621,-10.62,-8.00,-0.483
TRACE 1441466,-10.51,-8.00,-0.480
TRACE 1443288,-10.40,-8.00,-0.476
TRACE 1445114,-10.29,-8.00,-0.473
TRACE 1446975,-10.18,-8.00,-0.469
TRACE 1448810,-10.07,-8.00,-0.447
TRACE 1450653,-9.96,-8.00,-0.407
TRACE 1452490,-9.85,-8.50,0.499
TRACE 1454313,-9.74,-9.00,0.548
TRACE 1456120,-9.63,-9.00,0.551
TRACE 1457926,-9.52,-9.00,0.555
TRACE 1459745,-9.42,-9.00,0.558
TRACE 1461558,-9.31,-9.00,0.562
TRACE 1463359,-9.20,-9.00,0.565
TRACE 1465170,-9.09,-8.00,0.444
TRACE 1466965,-8.98,-8.00,0.405
TRACE 1468847,-8.87,-8.00,0.408
TRACE 1470727,-8.76,-7.00,-0.481
TRACE 1472631,-8.65,-7.00,-0.478
TRACE 1474582,-8.53,-7.00,-0.474
TRACE 1476454,-8.42,-7.00,-0.470
TRACE 1478395,-8.31,-6.00,-0.497
TRACE 1480293,-8.20,-6.00,-0.493
TRACE 1482227,-8.09,-6.50,-0.445
TRACE 1484113,-7.98,-7.00,0.462
TRACE 1486025,-7.88,-7.00,0.465
TRACE 1487901,-7.77,-7.00,0.467
TRACE 1489826,-7.66,-7.00,0.470
TRACE 1491716,-7.56,-7.00,0.532
TRACE 1493589,-7.46,-7.00,0.535
TRACE 1495448,-7.36,-7.00,0.507
TRACE 1497316,-7.25,-6.50,0.434
TRACE 1499193,-7.15,-6.00,-0.409
TRACE 1501076,-7.05,-6.00,-0.407
TRACE 1502997,-6.95,-6.00,-0.404
TRACE 1504886,-6.85,-6.00,-0.402
TRACE 1506760,-6.76,-6.00,0.400
>>> 
>>> arm.motor.coast(); arm.servo.off(); arm.gains.set('kfs', 0.42)
>>> print('STOPPED', arm.angle(), arm.gains.kfs, arm.gains.umax)
STOPPED -2.0 0.42 0.85
>>> 
HOST print('ANGLE', arm.angle()); arm_test.cmd_show(arm, [])
print('ANGLE', arm.angle()); arm_test.cmd_show(arm, [])
ANGLE -2.0
  tol        2.0
  stall_time 0.15
  kfs        0.42
  vtol       60.0
  max_err    15.0
  stall_vel  20.0
  vmax       60.0
  tau        0.05
  umax       0.85
  ki         0.0
  timeout    0.5
  amax       200.0
  kd         0.0008
  settle     0.02
  v_full     1000.0
  kp         0.03
  hold       50
  1 计数 = 0.5000 度 (机械手)
>>> 
HOST arm.gains.set('umax', 0.90); arm.gains.set('kfs', 0.42)
arm.gains.set('umax', 0.90); arm.gains.set('kfs', 0.42)
>>> 
HOST arm_test.TRACE_LEN = 2000; arm.trace_t = arm_test.array('i', [0]*2000); arm.trace_ref = arm_test.array('f', [0]*2000); arm.trace_pos = arm_test.array('f', [0]*2000); arm.trace_u = arm_test.array('f', [0]*2000)
arm_test.TRACE_LEN = 2000; arm.trace_t = arm_test.array('i', [0]*2000); arm.trace_ref = arm_test.array('f', [0]*2000); arm.trace_pos = arm_test.array('f', [0]*2000); arm.trace_u = arm_test.array('f', [0]*2000)
>>> 
HOST r = arm.move_to(90, "tuning_umax090")
r = arm.move_to(90, "tuning_umax090")
RESULT {"loops": 1082, "overshoot": 0.0, "t_reach": 1.6731, "type": "move", "t_settle": 1.9816, "target": 90, "state": "done", "q": null, "tag": "tuning_umax090", "err": 1.0, "err_rest": 2.0, "ok": true, "max_dt_us": 11218, "t_profile": 1.8333, "start": -2.0, "max_track_err": 2.75}
>>> 
HOST arm_test.cmd_trace(arm, [])
arm_test.cmd_trace(arm, [])
TRACE t_us,ref_deg,pos_deg,duty
TRACE 903,-2.00,-2.00,0.430
TRACE 2862,-2.00,-2.00,0.431
TRACE 4696,-2.00,-2.00,0.432
TRACE 6495,-2.00,-1.50,-0.494
TRACE 8320,-1.99,-1.50,-0.476
TRACE 10117,-1.99,-1.00,-0.523
TRACE 11925,-1.99,-1.50,-0.457
TRACE 13755,-1.98,-2.00,0.436
TRACE 15535,-1.98,-2.00,0.436
TRACE 17278,-1.97,-2.00,0.437
TRACE 19030,-1.96,-2.00,0.470
TRACE 20804,-1.96,-2.00,0.471
TRACE 22577,-1.95,-2.00,0.504
TRACE 24377,-1.94,-1.50,0.426
TRACE 26150,-1.93,-1.00,-0.493
TRACE 27945,-1.92,-1.00,-0.492
TRACE 29741,-1.91,-1.00,-0.491
TRACE 31534,-1.90,-1.00,-0.490
TRACE 33340,-1.89,-1.00,-0.488
TRACE 35130,-1.88,-1.00,-0.487
TRACE 36928,-1.86,-2.00,0.479
TRACE 38869,-1.85,-2.00,0.511
TRACE 40641,-1.83,-2.00,0.513
TRACE 42416,-1.82,-2.00,0.514
TRACE 44187,-1.80,-2.00,0.515
TRACE 45955,-1.79,-2.00,0.516
TRACE 47724,-1.77,-2.00,0.518
TRACE 49495,-1.76,-1.50,-0.432
TRACE 51281,-1.74,-1.00,-0.478
TRACE 53068,-1.72,-1.00,-0.477
TRACE 54854,-1.70,-1.00,-0.476
TRACE 56634,-1.68,-1.00,-0.474
TRACE 58444,-1.66,-1.00,-0.473
TRACE 60221,-1.64,-1.00,-0.471
TRACE 62157,-1.61,-1.50,0.449
TRACE 63941,-1.59,-2.00,0.528
TRACE 65718,-1.57,-2.00,0.530
TRACE 67489,-1.54,-2.00,0.531
TRACE 69278,-1.52,-2.00,0.533
TRACE 71063,-1.50,-2.00,0.534
TRACE 72831,-1.47,-2.00,0.536
TRACE 74581,-1.44,-1.50,0.459
TRACE 76346,-1.42,-1.00,-0.460
TRACE 78117,-1.39,-1.00,-0.458
TRACE 79894,-1.36,-1.00,-0.457
TRACE 81671,-1.33,-1.00,-0.455
TRACE 83472,-1.30,-1.00,-0.454
TRACE 85300,-1.27,-1.00,-0.452
TRACE 87084,-1.24,-1.00,0.422
TRACE 88846,-1.21,-1.00,0.456
TRACE 90597,-1.18,-1.00,0.457
TRACE 92369,-1.15,-1.00,0.459
TRACE 94155,-1.11,-1.00,0.460
TRACE 95930,-1.08,-1.00,0.462
TRACE 97694,-1.05,-1.00,0.464
TRACE 99462,-1.01,-1.00,0.465
TRACE 101231,-0.98,-1.00,0.467
TRACE 102985,-0.94,-1.00,0.469
TRACE 104759,-0.90,-1.00,0.471
TRACE 106516,-0.87,-1.00,0.472
TRACE 108280,-0.83,-1.00,0.474
TRACE 110056,-0.79,-1.00,0.476
TRACE 111828,-0.75,-1.00,0.478
TRACE 113581,-0.71,-1.00,0.480
TRACE 115338,-0.67,-1.00,0.481
TRACE 117098,-0.63,-1.00,0.483
TRACE 118874,-0.59,0.00,-0.450
TRACE 120641,-0.54,0.00,-0.448
TRACE 122388,-0.50,0.00,-0.446
TRACE 124153,-0.46,0.50,-0.491
TRACE 125915,-0.41,0.50,-0.489
TRACE 127695,-0.37,0.50,-0.487
TRACE 129586,-0.32,0.00,-0.437
TRACE 131336,-0.28,0.00,0.469
TRACE 133096,-0.23,0.00,0.471
TRACE 134847,-0.18,-0.50,0.520
TRACE 136605,-0.13,-0.50,0.554
TRACE 138356,-0.09,-0.50,0.557
TRACE 140097,-0.04,0.00,0.512
TRACE 141848,0.01,0.00,0.481
TRACE 143604,0.06,0.00,0.484
TRACE 145352,0.11,0.00,0.486
TRACE 147102,0.16,1.00,-0.480
TRACE 148890,0.22,1.00,-0.478
TRACE 150706,0.27,1.00,-0.475
TRACE 152493,0.33,1.00,-0.440
TRACE 154287,0.38,1.00,-0.437
TRACE 156060,0.44,1.00,-0.435
TRACE 157833,0.49,1.00,-0.433
TRACE 159651,0.55,1.00,0.474
TRACE 161446,0.61,1.00,0.476
TRACE 163227,0.66,1.00,0.479
TRACE 164988,0.72,1.00,0.481
TRACE 166755,0.78,1.00,0.483
TRACE 168552,0.84,1.00,0.486
TRACE 170326,0.90,2.00,-0.446
TRACE 172118,0.96,2.00,-0.443
TRACE 173883,1.02,2.00,-0.441
TRACE 175678,1.09,2.00,-0.438
TRACE 186852,1.49,1.00,0.512
TRACE 188639,1.56,1.00,0.515
TRACE 190422,1.63,1.00,0.517
TRACE 192192,1.69,0.50,0.590
TRACE 193963,1.76,0.00,0.626
TRACE 195731,1.83,0.00,0.629
TRACE 197456,1.90,0.50,0.598
TRACE 199215,1.97,0.00,0.625
TRACE 200974,2.04,1.00,0.534
TRACE 202738,2.11,1.00,0.536
TRACE 204519,2.18,1.00,0.507
TRACE 206259,2.25,1.00,0.477
TRACE 208034,2.33,1.50,0.432
TRACE 209817,2.40,2.00,0.421
TRACE 211591,2.48,2.00,-0.449
TRACE 213370,2.55,3.00,-0.476
TRACE 215138,2.63,3.00,-0.473
TRACE 216933,2.71,3.00,-0.470
TRACE 218731,2.78,3.00,-0.466
TRACE 220517,2.86,3.00,-0.431
TRACE 222306,2.94,3.00,0.444
TRACE 224247,3.03,3.00,0.448
TRACE 226008,3.11,3.00,0.515
TRACE 227762,3.19,3.00,0.518
TRACE 229512,3.27,3.00,0.521
TRACE 231283,3.35,3.00,0.524
TRACE 233045,3.43,3.50,0.480
TRACE 234822,3.51,4.00,0.436
TRACE 236605,3.60,4.00,0.438
TRACE 238378,3.68,4.00,0.442
TRACE 240155,3.77,4.00,0.445
TRACE 241916,3.85,4.00,0.448
TRACE 243710,3.94,5.00,-0.483
TRACE 245496,4.03,5.00,-0.447
TRACE 247383,4.12,5.00,0.429
TRACE 249157,4.21,5.00,0.432
TRACE 250924,4.30,5.00,0.435
TRACE 252679,4.38,5.00,0.439
TRACE 254441,4.47,5.50,-0.445
TRACE 256222,4.56,5.50,0.462
TRACE 257992,4.66,6.00,-0.421
TRACE 259777,4.75,6.00,0.421
TRACE 261545,4.84,6.00,0.425
TRACE 263306,4.93,6.00,0.428
TRACE 265093,5.03,6.00,0.432
TRACE 266849,5.12,6.00,0.467
TRACE 268613,5.22,6.00,0.471
TRACE 270393,5.31,6.00,0.507
TRACE 272166,5.41,6.00,0.510
TRACE 273941,5.50,7.00,-0.421
TRACE 275731,5.60,7.00,0.423
TRACE 277502,5.70,7.00,0.426
TRACE 279273,5.80,7.00,0.430
TRACE 281051,5.90,7.00,0.434
TRACE 282833,6.00,8.00,-0.497
TRACE 284629,6.10,8.00,-0.493
TRACE 286425,6.20,8.00,-0.425
TRACE 288221,6.31,8.00,-0.421
TRACE 290018,6.41,8.50,-0.464
TRACE 291839,6.52,8.50,-0.460
TRACE 293631,6.62,8.50,-0.456
TRACE 295410,6.73,8.00,0.498
TRACE 297156,6.83,8.00,0.502
TRACE 298928,6.94,8.00,0.506
TRACE 300706,7.04,8.00,0.499
TRACE 302528,7.15,8.00,0.535
TRACE 304347,7.26,8.00,0.538
TRACE 306160,7.37,9.00,0.447
TRACE 307966,7.48,9.00,-0.421
TRACE 309791,7.59,9.00,0.422
TRACE 311592,7.70,9.00,0.426
TRACE 313425,7.81,9.00,0.429
TRACE 315267,7.92,9.00,0.433
TRACE 317079,8.02,9.50,-0.451
TRACE 318911,8.13,10.00,-0.431
TRACE 320735,8.24,10.00,-0.427
TRACE 322565,8.35,10.00,-0.424
TRACE 324397,8.46,10.00,-0.421
TRACE 326221,8.57,10.00,0.423
TRACE 328028,8.68,10.00,0.426
TRACE 329841,8.79,10.00,0.460
TRACE 331645,8.90,10.00,0.495
TRACE 333436,9.01,10.00,0.498
TRACE 335247,9.11,10.00,0.501
TRACE 337043,9.22,10.00,0.505
TRACE 338840,9.33,10.00,0.508
TRACE 340653,9.44,10.00,0.511
TRACE 342457,9.55,10.00,0.514
TRACE 344279,9.66,11.00,0.424
TRACE 346081,9.76,11.00,0.428
TRACE 347892,9.87,11.00,0.431
TRACE 349683,9.98,11.00,0.434
TRACE 351483,10.09,11.00,0.437
TRACE 353294,10.20,11.00,0.441
TRACE 355103,10.31,12.00,-0.489
TRACE 356922,10.42,12.00,-0.423
TRACE 368065,11.08,12.00,0.464
TRACE 369884,11.19,11.50,0.501
TRACE 371700,11.30,11.00,0.537
TRACE 373532,11.41,11.00,0.540
TRACE 375362,11.52,11.00,0.544
TRACE 377185,11.63,11.00,0.583
TRACE 378991,11.74,11.50,0.553
TRACE 380789,11.85,12.00,0.523
TRACE 382603,11.96,12.00,0.495
TRACE 384428,12.07,12.00,0.467
TRACE 386248,12.17,13.00,-0.463
TRACE 388068,12.28,13.00,-0.459
TRACE 389877,12.39,13.00,-0.456
TRACE 391737,12.50,13.50,-0.467
TRACE 393561,12.61,14.00,-0.479
TRACE 395380,12.72,14.00,-0.476
TRACE 397205,12.83,14.00,-0.472
TRACE 399046,12.94,14.00,0.434
TRACE 400854,13.05,13.00,0.530
TRACE 402658,13.16,13.00,0.533
TRACE 404514,13.27,13.00,0.567
TRACE 406357,13.38,13.00,0.602
TRACE 408166,13.49,13.00,0.605
TRACE 409976,13.60,13.00,0.609
TRACE 411780,13.71,13.50,0.566
TRACE 413595,13.82,14.00,0.460
TRACE 415396,13.92,14.00,0.463
TRACE 417209,14.03,14.00,0.466
TRACE 419003,14.14,15.00,-0.464
TRACE 420820,14.25,15.00,-0.461
TRACE 422664,14.36,15.00,-0.457
TRACE 424489,14.47,15.00,-0.422
TRACE 426328,14.58,15.50,-0.434
TRACE 428247,14.69,15.00,0.457
TRACE 430044,14.80,15.00,0.460
TRACE 431847,14.91,15.00,0.525
TRACE 433648,15.02,15.00,0.529
TRACE 435466,15.13,15.00,0.532
TRACE 437266,15.24,15.00,0.535
TRACE 439082,15.34,15.00,0.570
TRACE 440903,15.45,15.00,0.542
TRACE 442704,15.56,15.00,0.545
TRACE 444503,15.67,15.00,0.548
TRACE 446297,15.78,15.50,0.505
TRACE 448115,15.89,16.00,0.461
TRACE 449916,15.99,16.00,0.465
TRACE 451725,16.10,16.00,0.468
TRACE 453549,16.21,16.50,0.424
TRACE 455363,16.32,17.00,-0.459
TRACE 457186,16.43,17.00,-0.455
TRACE 459005,16.54,17.00,-0.420
TRACE 460828,16.65,17.00,0.455
TRACE 462624,16.76,17.50,-0.429
TRACE 464453,16.87,17.50,-0.425
TRACE 466281,16.98,17.50,0.449
TRACE 468078,17.08,17.00,0.531
TRACE 469882,17.19,17.00,0.534
TRACE 471679,17.30,17.00,0.537
TRACE 473505,17.41,17.50,0.494
TRACE 475297,17.52,18.00,0.482
TRACE 477124,17.63,18.00,0.485
TRACE 478945,17.74,18.00,0.489
TRACE 480764,17.85,19.00,-0.473
TRACE 482579,17.95,19.00,-0.469
TRACE 484415,18.06,19.00,-0.466
TRACE 486235,18.17,19.00,-0.431
TRACE 488044,18.28,19.00,0.444
TRACE 489859,18.39,19.00,0.447
TRACE 491649,18.50,19.00,0.450
TRACE 493578,18.61,19.00,0.516
TRACE 495397,18.72,20.00,0.427
TRACE 497209,18.83,20.00,0.430
TRACE 499000,18.94,20.00,0.434
TRACE 500811,19.05,20.50,-0.450
TRACE 502637,19.16,21.00,-0.492
TRACE 504459,19.27,21.00,-0.489
TRACE 506294,19.38,21.00,-0.486
TRACE 508113,19.49,21.00,-0.420
TRACE 509934,19.60,21.00,0.423
TRACE 511741,19.70,21.00,0.426
TRACE 513560,19.81,21.00,0.461
TRACE 515381,19.92,21.00,0.496
TRACE 517180,20.03,21.00,0.499
TRACE 518983,20.14,21.00,0.502
TRACE 520788,20.25,21.00,0.505
TRACE 522646,20.36,21.00,0.509
TRACE 524469,20.47,21.00,0.512
TRACE 526289,20.58,21.00,0.515
TRACE 528083,20.68,22.00,0.426
TRACE 529880,20.79,22.00,0.429
TRACE 531691,20.90,22.50,-0.454
TRACE 533513,21.01,23.00,-0.497
TRACE 535337,21.12,23.00,-0.494
TRACE 537158,21.23,23.00,-0.491
TRACE 548329,21.90,23.00,0.422
TRACE 550149,22.01,23.00,0.462
TRACE 551964,22.12,23.00,0.465
TRACE 553785,22.23,23.00,0.487
TRACE 555605,22.34,23.00,0.508
TRACE 557416,22.44,23.00,0.511
TRACE 559243,22.55,23.00,0.515
TRACE 561051,22.66,23.00,0.518
TRACE 562871,22.77,24.00,0.428
TRACE 564693,22.88,24.00,0.432
TRACE 566508,22.99,24.00,0.435
TRACE 568338,23.10,25.00,-0.495
TRACE 570195,23.21,25.00,-0.491
TRACE 572041,23.32,25.00,-0.487
TRACE 573862,23.43,25.50,-0.530
TRACE 575699,23.54,26.00,-0.510
TRACE 577535,23.65,26.00,-0.507
TRACE 579379,23.76,25.50,-0.457
TRACE 581195,23.87,25.00,0.494
TRACE 583013,23.98,25.00,0.497
TRACE 585005,24.10,25.00,0.501
TRACE 586791,24.21,25.00,0.535
TRACE 588597,24.32,25.00,0.569
TRACE 590401,24.42,25.00,0.573
TRACE 592205,24.53,25.00,0.545
TRACE 594005,24.64,25.00,0.517
TRACE 595817,24.75,25.00,0.520
TRACE 597625,24.86,25.50,0.477
TRACE 599432,24.97,26.00,0.434
TRACE 601235,25.07,26.00,0.437
TRACE 603035,25.18,27.00,-0.493
TRACE 604872,25.29,27.00,-0.490
TRACE 606771,25.41,27.00,-0.485
TRACE 608613,25.52,27.00,-0.482
TRACE 610459,25.63,27.00,-0.447
TRACE 612276,25.74,27.00,0.428
TRACE 614112,25.85,27.00,0.431
TRACE 615926,25.96,27.00,0.497
TRACE 617746,26.06,27.00,0.500
TRACE 619553,26.17,27.00,0.503
TRACE 621353,26.28,27.00,0.506
TRACE 623158,26.39,27.00,0.510
TRACE 624965,26.50,27.00,0.513
TRACE 626779,26.61,27.00,0.516
TRACE 628612,26.72,27.00,0.520
TRACE 630420,26.83,27.00,0.523
TRACE 632228,26.93,27.00,0.526
TRACE 634026,27.04,27.00,0.529
TRACE 635821,27.15,27.00,0.532
TRACE 637626,27.26,28.00,0.443
TRACE 639421,27.37,28.00,0.446
TRACE 641224,27.47,28.00,0.449
TRACE 643044,27.58,29.00,-0.481
TRACE 644876,27.69,29.00,-0.478
TRACE 646697,27.80,29.00,-0.474
TRACE 648515,27.91,29.00,-0.471
TRACE 650330,28.02,29.00,0.436
TRACE 652161,28.13,29.00,0.439
TRACE 653969,28.24,29.50,-0.444
TRACE 655796,28.35,30.00,-0.424
TRACE 657628,28.46,30.00,-0.421
TRACE 659458,28.57,30.00,0.422
TRACE 661262,28.68,30.00,0.426
TRACE 663072,28.78,30.00,0.429
TRACE 664879,28.89,30.00,0.432
TRACE 666677,29.00,30.00,0.467
TRACE 668512,29.11,30.00,0.501
TRACE 670318,29.22,30.00,0.505
TRACE 672175,29.33,30.50,0.461
TRACE 674007,29.44,31.00,-0.422
TRACE 675832,29.55,31.00,0.422
TRACE 677638,29.66,31.00,0.425
TRACE 679434,29.77,31.00,0.428
TRACE 681250,29.88,31.00,0.431
TRACE 683073,29.98,31.00,0.435
TRACE 684893,30.09,31.50,0.423
TRACE 686691,30.20,32.00,-0.429
TRACE 688506,30.31,32.00,-0.426
TRACE 690338,30.42,32.00,-0.422
TRACE 692165,30.53,32.00,0.421
TRACE 693969,30.64,32.00,0.424
TRACE 695788,30.75,32.00,0.428
TRACE 697583,30.85,32.00,0.462
TRACE 699387,30.96,32.50,0.450
TRACE 701189,31.07,33.00,-0.433
TRACE 703051,31.18,33.00,-0.429
TRACE 704880,31.29,33.00,-0.426
TRACE 706709,31.40,33.00,-0.423
TRACE 708532,31.51,33.00,0.421
TRACE 710350,31.62,33.00,0.424
TRACE 712167,31.73,33.00,0.459
TRACE 713984,31.84,33.00,0.493
TRACE 715784,31.95,33.00,0.496
TRACE 726938,32.62,34.00,0.450
TRACE 728756,32.73,35.00,-0.453
TRACE 730584,32.84,35.00,-0.450
TRACE 732413,32.94,35.00,-0.446
TRACE 734231,33.05,35.00,-0.443
TRACE 736062,33.16,35.00,-0.440
TRACE 737897,33.27,35.00,-0.436
TRACE 739726,33.38,35.00,-0.423
TRACE 741538,33.49,35.00,0.483
TRACE 743343,33.60,35.00,0.486
TRACE 745166,33.71,35.00,0.489
TRACE 746989,33.82,35.00,0.493
TRACE 748791,33.93,35.00,0.496
TRACE 750621,34.04,35.00,0.499
TRACE 752430,34.15,35.00,0.502
TRACE 754236,34.25,35.00,0.506
TRACE 756034,34.36,35.00,0.509
TRACE 757862,34.47,36.00,-0.421
TRACE 759662,34.58,36.00,0.422
TRACE 761469,34.69,36.00,0.426
TRACE 763419,34.81,36.50,-0.457
TRACE 765245,34.91,37.00,-0.499
TRACE 767071,35.02,37.00,-0.496
TRACE 768906,35.13,37.00,-0.492
TRACE 770717,35.24,37.00,-0.427
TRACE 772537,35.35,37.00,-0.424
TRACE 774373,35.46,37.00,-0.420
TRACE 776188,35.57,37.00,0.454
TRACE 778000,35.68,36.00,0.581
TRACE 779808,35.79,36.00,0.584
TRACE 781614,35.90,36.00,0.588
TRACE 783433,36.01,36.00,0.591
TRACE 785277,36.12,36.00,0.594
TRACE 787118,36.23,37.00,0.505
TRACE 788914,36.33,37.00,0.508
TRACE 790718,36.44,37.00,0.448
TRACE 792531,36.55,37.00,0.452
TRACE 794338,36.66,38.00,-0.478
TRACE 796144,36.77,38.00,-0.475
TRACE 797972,36.88,39.00,-0.565
TRACE 799793,36.99,39.00,-0.499
TRACE 801623,37.10,39.00,-0.495
TRACE 803451,37.21,39.00,-0.491
TRACE 805265,37.32,39.00,-0.488
TRACE 807061,37.42,39.00,-0.422
TRACE 808883,37.53,38.00,0.514
TRACE 810701,37.64,38.00,0.580
TRACE 812506,37.75,38.00,0.583
TRACE 814310,37.86,38.00,0.587
TRACE 816128,37.97,38.00,0.590
TRACE 817949,38.08,38.00,0.593
TRACE 819728,38.18,38.00,0.597
TRACE 821527,38.29,39.00,0.443
TRACE 823354,38.40,39.00,0.447
TRACE 825165,38.51,39.00,0.450
TRACE 826976,38.62,39.00,0.453
TRACE 828789,38.73,40.00,-0.477
TRACE 830607,38.84,40.00,-0.473
TRACE 832430,38.95,41.00,-0.563
TRACE 834255,39.06,41.00,-0.496
TRACE 836069,39.16,41.00,-0.493
TRACE 837877,39.27,41.00,-0.490
TRACE 839706,39.38,41.00,-0.486
TRACE 841540,39.49,41.00,0.420
TRACE 843371,39.60,41.00,0.423
TRACE 845174,39.71,40.50,0.536
TRACE 846997,39.82,40.00,0.585
TRACE 848810,39.93,40.00,0.589
TRACE 850635,40.04,40.00,0.592
TRACE 852473,40.15,40.00,0.595
TRACE 854285,40.26,40.00,0.598
TRACE 856098,40.37,40.00,0.602
TRACE 857902,40.47,40.50,0.527
TRACE 859712,40.58,41.00,0.453
TRACE 861517,40.69,41.00,0.456
TRACE 863336,40.80,41.00,0.459
TRACE 865148,40.91,41.00,0.462
TRACE 866961,41.02,41.50,-0.421
TRACE 868778,41.13,42.00,-0.464
TRACE 870609,41.24,42.00,-0.429
TRACE 872455,41.35,42.00,0.446
TRACE 874264,41.46,42.50,-0.437
TRACE 876063,41.56,42.50,-0.434
TRACE 877886,41.67,42.50,-0.431
TRACE 879718,41.78,42.50,0.444
TRACE 881545,41.89,42.00,0.525
TRACE 883358,42.00,42.00,0.528
TRACE 885169,42.11,42.00,0.531
TRACE 886970,42.22,42.00,0.566
TRACE 888773,42.33,42.00,0.569
TRACE 890565,42.43,42.00,0.573
TRACE 892360,42.54,43.00,0.483
TRACE 894162,42.65,43.00,0.454
TRACE 905267,43.32,45.00,-0.472
TRACE 907134,43.43,45.00,-0.468
TRACE 908979,43.54,45.50,-0.498
TRACE 910833,43.65,46.00,-0.528
TRACE 912668,43.76,46.00,-0.524
TRACE 914499,43.87,46.00,-0.484
TRACE 916317,43.98,46.00,-0.481
TRACE 918145,44.09,46.00,-0.431
TRACE 919968,44.20,46.00,-0.428
TRACE 921800,44.31,45.50,0.492
TRACE 923619,44.42,45.00,0.573
TRACE 925431,44.53,45.00,0.576
TRACE 927228,44.63,45.00,0.580
TRACE 929044,44.74,45.00,0.583
TRACE 930861,44.85,45.00,0.586
TRACE 932682,44.96,45.00,0.590
TRACE 934485,45.07,45.00,0.562
TRACE 936305,45.18,45.00,0.533
TRACE 938129,45.29,45.50,0.490
TRACE 939920,45.40,46.00,0.447
TRACE 941801,45.51,46.00,0.451
TRACE 943595,45.62,47.00,-0.479
TRACE 945413,45.72,47.00,-0.476
TRACE 947238,45.83,47.00,-0.472
TRACE 949050,45.94,47.00,-0.469
TRACE 950866,46.05,47.00,-0.435
TRACE 952703,46.16,47.00,0.440
TRACE 954515,46.27,47.00,0.443
TRACE 956299,46.38,47.00,0.509
TRACE 958126,46.49,47.00,0.513
TRACE 959926,46.60,47.00,0.516
TRACE 961732,46.70,47.00,0.519
TRACE 963545,46.81,47.00,0.522
TRACE 965388,46.92,47.00,0.526
TRACE 967195,47.03,47.00,0.529
TRACE 968981,47.14,47.50,0.486
TRACE 970789,47.25,48.00,0.442
TRACE 972590,47.36,48.00,0.445
TRACE 974386,47.46,48.00,0.449
TRACE 976204,47.57,49.00,-0.481
TRACE 978022,47.68,49.00,-0.478
TRACE 979829,47.79,49.00,-0.475
TRACE 981656,47.90,49.00,-0.440
TRACE 983473,48.01,49.50,-0.451
TRACE 985302,48.12,49.50,-0.448
TRACE 987116,48.23,50.00,-0.491
TRACE 988921,48.34,50.00,-0.425
TRACE 990749,48.44,50.00,-0.422
TRACE 992559,48.55,50.00,0.422
TRACE 994372,48.66,49.50,0.471
TRACE 996183,48.77,49.50,0.506
TRACE 997974,48.88,50.00,0.463
TRACE 999773,48.99,50.00,0.498
TRACE 1001584,49.10,50.00,0.501
TRACE 1003388,49.20,50.00,0.504
TRACE 1005202,49.31,51.00,-0.426
TRACE 1007036,49.42,51.00,-0.454
TRACE 1008859,49.53,51.00,-0.451
TRACE 1010678,49.64,51.00,0.424
TRACE 1012477,49.75,51.00,0.427
TRACE 1014285,49.86,51.00,0.431
TRACE 1016100,49.97,51.00,0.434
TRACE 1017905,50.07,51.00,0.500
TRACE 1019710,50.18,52.00,-0.430
TRACE 1021524,50.29,52.00,-0.426
TRACE 1023342,50.40,52.00,-0.423
TRACE 1025138,50.51,52.00,0.420
TRACE 1026940,50.62,52.00,0.423
TRACE 1028758,50.73,52.00,0.427
TRACE 1030584,50.84,52.00,0.430
TRACE 1032391,50.94,52.00,0.496
TRACE 1034205,51.05,52.00,0.500
TRACE 1035999,51.16,52.00,0.503
TRACE 1037819,51.27,52.00,0.506
TRACE 1039647,51.38,53.00,-0.424
TRACE 1041480,51.49,53.00,-0.420
TRACE 1043325,51.60,53.00,0.423
TRACE 1045139,51.71,53.00,0.426
TRACE 1046935,51.82,53.00,0.430
TRACE 1048733,51.92,53.00,0.433
TRACE 1050543,52.03,54.00,-0.497
TRACE 1052376,52.14,54.00,-0.431
TRACE 1054187,52.25,54.00,-0.427
TRACE 1056012,52.36,54.00,-0.424
TRACE 1057847,52.47,54.00,-0.421
TRACE 1059809,52.59,54.00,0.424
TRACE 1061609,52.70,53.50,0.473
TRACE 1063412,52.80,53.00,0.584
TRACE 1065211,52.91,53.00,0.588
TRACE 1067026,53.02,53.00,0.591
TRACE 1068839,53.13,53.00,0.594
TRACE 1070648,53.24,53.00,0.598
TRACE 1072437,53.35,53.50,0.555
TRACE 1074247,53.45,54.00,0.480
TRACE 1085398,54.12,55.00,0.429
TRACE 1087225,54.23,56.00,-0.474
TRACE 1089062,54.34,56.00,-0.471
TRACE 1090890,54.45,57.00,-0.534
TRACE 1092707,54.56,57.00,-0.530
TRACE 1094547,54.67,57.00,-0.508
TRACE 1096384,54.78,57.00,-0.487
TRACE 1098200,54.89,57.00,-0.500
TRACE 1100035,55.00,57.00,-0.434
TRACE 1101868,55.11,57.00,-0.431
TRACE 1103690,55.22,56.50,0.521
TRACE 1105482,55.33,56.00,0.570
TRACE 1107307,55.44,56.00,0.574
TRACE 1109133,55.55,56.00,0.577
TRACE 1110945,55.66,56.00,0.580
TRACE 1112746,55.76,56.00,0.584
TRACE 1114559,55.87,56.00,0.587
TRACE 1116377,55.98,57.00,0.466
TRACE 1118184,56.09,57.00,0.438
TRACE 1119983,56.20,57.00,0.441
TRACE 1121834,56.31,58.00,-0.489
TRACE 1123661,56.42,58.00,-0.485
TRACE 1125480,56.53,58.50,-0.528
TRACE 1127319,56.64,59.00,-0.571
TRACE 1129154,56.75,59.00,-0.505
TRACE 1130979,56.86,59.00,-0.501
TRACE 1132816,56.97,59.00,-0.498
TRACE 1134637,57.08,59.00,-0.432
TRACE 1136450,57.19,58.00,0.504
TRACE 1138266,57.30,58.00,0.538
TRACE 1140098,57.41,58.00,0.573
TRACE 1141904,57.51,58.00,0.576
TRACE 1143763,57.63,58.00,0.579
TRACE 1145573,57.73,58.00,0.583
TRACE 1147368,57.84,58.50,0.540
TRACE 1149161,57.95,59.00,0.434
TRACE 1150989,58.06,59.00,0.437
TRACE 1152789,58.17,59.00,0.440
TRACE 1154597,58.28,59.00,0.443
TRACE 1156423,58.39,60.00,-0.487
TRACE 1158242,58.49,60.00,-0.483
TRACE 1160067,58.60,61.00,-0.541
TRACE 1161898,58.71,61.00,-0.506
TRACE 1163719,58.82,61.00,-0.503
TRACE 1165542,58.93,61.00,-0.499
TRACE 1167367,59.04,61.00,-0.496
TRACE 1169195,59.15,61.00,-0.430
TRACE 1171017,59.26,60.00,0.506
TRACE 1172808,59.37,60.00,0.572
TRACE 1174631,59.48,60.00,0.575
TRACE 1176455,59.59,59.50,0.625
TRACE 1178255,59.70,59.50,0.628
TRACE 1180078,59.80,60.00,0.585
TRACE 1181913,59.91,60.00,0.588
TRACE 1183723,60.02,60.00,0.529
TRACE 1185538,60.13,60.50,0.486
TRACE 1187347,60.24,61.00,0.442
TRACE 1189149,60.35,61.00,-0.426
TRACE 1190962,60.46,61.00,-0.423
TRACE 1192797,60.57,62.00,-0.481
TRACE 1194600,60.68,62.00,-0.478
TRACE 1196410,60.78,62.00,-0.475
TRACE 1198243,60.89,62.00,-0.440
TRACE 1200058,61.00,62.00,0.435
TRACE 1201875,61.11,62.00,0.439
TRACE 1203692,61.22,62.00,0.442
TRACE 1205498,61.33,61.50,0.554
TRACE 1207305,61.44,61.50,0.558
TRACE 1209133,61.55,62.00,0.514
TRACE 1210933,61.66,62.00,0.518
TRACE 1212739,61.76,62.00,0.521
TRACE 1214532,61.87,62.00,0.524
TRACE 1216346,61.98,62.00,0.527
TRACE 1218172,62.09,62.00,0.499
TRACE 1219968,62.20,63.00,-0.431
TRACE 1221806,62.31,63.00,0.444
TRACE 1223626,62.42,63.00,0.448
TRACE 1225426,62.53,63.00,0.451
TRACE 1227223,62.63,64.00,-0.479
TRACE 1229025,62.74,64.00,-0.476
TRACE 1230846,62.85,64.00,-0.473
TRACE 1232647,62.96,64.00,0.434
TRACE 1234435,63.07,64.00,0.437
TRACE 1236229,63.17,64.00,0.440
TRACE 1238115,63.29,64.00,0.444
TRACE 1239918,63.40,65.00,-0.423
TRACE 1241748,63.50,65.00,0.420
TRACE 1243558,63.61,65.00,0.423
TRACE 1245367,63.72,65.00,0.427
TRACE 1247181,63.83,65.00,0.430
TRACE 1248986,63.94,65.00,0.433
TRACE 1250799,64.05,66.00,-0.497
TRACE 1252603,64.16,66.00,-0.430
TRACE 1263797,64.83,66.00,0.457
TRACE 1265620,64.94,66.00,0.460
TRACE 1267456,65.05,66.00,0.463
TRACE 1269270,65.16,66.00,0.466
TRACE 1271088,65.27,66.00,0.470
TRACE 1272895,65.37,67.00,0.443
TRACE 1274749,65.48,67.00,0.446
TRACE 1276557,65.59,67.00,0.423
TRACE 1278359,65.70,67.00,0.426
TRACE 1280173,65.81,68.00,-0.504
TRACE 1282007,65.92,68.00,-0.500
TRACE 1283846,66.03,68.00,-0.496
TRACE 1285694,66.14,68.50,-0.477
TRACE 1287523,66.25,69.00,-0.520
TRACE 1289360,66.36,69.00,-0.516
TRACE 1291186,66.47,68.50,-0.466
TRACE 1293015,66.58,68.00,0.485
TRACE 1294840,66.69,68.00,0.489
TRACE 1296652,66.80,68.00,0.492
TRACE 1298474,66.91,68.00,0.527
TRACE 1300324,67.02,68.00,0.561
TRACE 1302130,67.13,68.00,0.564
TRACE 1303937,67.24,69.00,0.444
TRACE 1305754,67.35,69.00,-0.424
TRACE 1307570,67.45,69.00,-0.421
TRACE 1309415,67.56,69.00,0.422
TRACE 1311239,67.67,69.00,0.426
TRACE 1313026,67.78,69.00,0.428
TRACE 1314812,67.89,69.00,0.432
TRACE 1316633,68.00,70.00,-0.435
TRACE 1318469,68.11,70.00,-0.432
TRACE 1320280,68.22,70.00,-0.428
TRACE 1322223,68.33,70.00,-0.424
TRACE 1324065,68.44,70.00,-0.421
TRACE 1325877,68.55,70.00,0.422
TRACE 1327685,68.66,70.00,0.426
TRACE 1329491,68.77,70.00,0.491
TRACE 1331291,68.88,70.00,0.494
TRACE 1333121,68.99,70.00,0.498
TRACE 1334920,69.10,70.00,0.501
TRACE 1336742,69.20,70.00,0.504
TRACE 1338555,69.31,70.00,0.507
TRACE 1340351,69.42,70.00,0.511
TRACE 1342149,69.53,70.00,0.514
TRACE 1343951,69.64,71.00,0.424
TRACE 1345784,69.75,71.00,0.427
TRACE 1347595,69.86,71.00,0.431
TRACE 1349400,69.96,71.00,0.434
TRACE 1351200,70.07,71.00,0.437
TRACE 1353027,70.18,72.00,-0.493
TRACE 1354851,70.29,72.00,-0.489
TRACE 1356673,70.40,72.00,-0.423
TRACE 1358495,70.51,72.00,0.420
TRACE 1360320,70.62,72.00,0.424
TRACE 1362135,70.73,72.00,0.427
TRACE 1363941,70.84,72.00,0.430
TRACE 1365770,70.95,72.50,0.450
TRACE 1367596,71.06,73.00,-0.433
TRACE 1369413,71.16,73.00,-0.430
TRACE 1371242,71.27,73.00,-0.427
TRACE 1373079,71.38,73.00,-0.423
TRACE 1374912,71.49,73.00,0.420
TRACE 1376728,71.60,73.00,0.424
TRACE 1378571,71.71,73.00,0.458
TRACE 1380376,71.82,73.00,0.493
TRACE 1382181,71.93,73.00,0.496
TRACE 1383990,72.04,73.50,0.453
TRACE 1385794,72.15,74.00,-0.430
TRACE 1387687,72.26,74.00,-0.427
TRACE 1389526,72.37,74.00,-0.423
TRACE 1391353,72.48,74.00,-0.420
TRACE 1393172,72.59,74.00,0.423
TRACE 1394976,72.70,73.50,0.473
TRACE 1396771,72.81,73.00,0.553
TRACE 1398570,72.91,73.00,0.588
TRACE 1400375,73.02,73.00,0.592
TRACE 1402177,73.13,73.00,0.595
TRACE 1403991,73.24,73.00,0.598
TRACE 1405784,73.35,73.50,0.555
TRACE 1407580,73.45,74.00,0.480
TRACE 1409376,73.56,74.00,0.451
TRACE 1411193,73.67,74.00,0.455
TRACE 1413022,73.78,74.00,0.458
TRACE 1414829,73.89,74.50,-0.425
TRACE 1416672,74.00,75.00,-0.468
TRACE 1418516,74.11,75.00,-0.433
TRACE 1420318,74.22,75.00,0.442
TRACE 1422115,74.33,75.00,0.445
TRACE 1423914,74.43,75.00,0.448
TRACE 1425712,74.54,75.00,0.451
TRACE 1427527,74.65,75.00,0.486
TRACE 1429361,74.76,75.50,0.474
TRACE 1431176,74.87,76.00,0.431
TRACE 1442310,75.54,77.00,-0.429
TRACE 1444141,75.65,77.00,-0.425
TRACE 1445971,75.76,78.00,-0.488
TRACE 1447806,75.87,78.00,-0.485
TRACE 1449644,75.98,78.00,-0.481
TRACE 1451485,76.09,78.00,-0.460
TRACE 1453308,76.20,78.00,-0.438
TRACE 1455171,76.31,78.00,-0.425
TRACE 1457004,76.42,78.00,-0.422
TRACE 1458846,76.53,78.00,0.484
TRACE 1460660,76.64,78.00,0.487
TRACE 1462474,76.75,78.00,0.490
TRACE 1464307,76.86,78.00,0.494
TRACE 1466114,76.97,78.00,0.497
TRACE 1467915,77.07,79.00,-0.433
TRACE 1469737,77.18,79.00,-0.429
TRACE 1471539,77.29,79.00,-0.426
TRACE 1473382,77.40,79.00,-0.423
TRACE 1475199,77.51,79.00,0.420
TRACE 1477005,77.62,79.00,0.424
TRACE 1478995,77.74,79.00,0.428
TRACE 1480806,77.85,79.00,0.493
TRACE 1482615,77.96,78.50,0.543
TRACE 1484434,78.07,79.00,0.500
TRACE 1486249,78.17,79.00,0.503
TRACE 1488068,78.28,79.00,0.507
TRACE 1489882,78.39,79.00,0.510
TRACE 1491695,78.50,79.00,0.513
TRACE 1493475,78.61,79.00,0.516
TRACE 1495284,78.72,79.00,0.488
TRACE 1497099,78.83,79.00,0.523
TRACE 1498910,78.93,79.00,0.526
TRACE 1500750,79.05,80.00,0.436
TRACE 1502564,79.15,80.00,0.440
TRACE 1504354,79.26,80.00,0.443
TRACE 1506169,79.37,81.00,-0.487
TRACE 1507994,79.48,81.00,-0.483
TRACE 1509825,79.59,81.00,-0.480
TRACE 1511661,79.70,81.50,-0.523
TRACE 1513496,79.81,82.00,-0.503
TRACE 1515328,79.92,82.00,-0.500
TRACE 1517155,80.03,82.00,-0.496
TRACE 1518971,80.14,82.00,-0.430
TRACE 1520785,80.25,81.50,0.459
TRACE 1522586,80.36,81.00,0.509
TRACE 1524385,80.46,81.00,0.543
TRACE 1526186,80.57,81.00,0.578
TRACE 1527996,80.68,81.00,0.582
TRACE 1529801,80.79,81.50,0.538
TRACE 1531591,80.90,82.00,0.495
TRACE 1533425,81.01,82.00,0.456
TRACE 1535302,81.12,82.00,0.428
TRACE 1537184,81.23,83.00,-0.502
TRACE 1539084,81.34,83.00,-0.498
TRACE 1540975,81.45,83.00,-0.494
TRACE 1542868,81.56,83.00,-0.460
TRACE 1544750,81.67,83.50,-0.472
TRACE 1546653,81.78,83.50,-0.469
TRACE 1548570,81.89,83.50,-0.466
TRACE 1550455,82.00,83.00,0.482
TRACE 1552344,82.10,83.00,0.484
TRACE 1554226,82.21,83.00,0.487
TRACE 1556102,82.31,83.00,0.489
TRACE 1557971,82.42,83.00,0.522
TRACE 1559841,82.52,83.00,0.524
TRACE 1561708,82.62,83.50,0.481
TRACE 1563596,82.72,84.00,-0.432
TRACE 1565571,82.83,84.00,-0.429
TRACE 1567459,82.93,84.00,-0.427
TRACE 1569351,83.03,84.00,-0.424
TRACE 1571265,83.13,84.00,-0.422
TRACE 1573159,83.23,84.00,0.421
TRACE 1575040,83.33,84.00,0.453
TRACE 1576935,83.43,83.50,0.530
TRACE 1578817,83.52,83.00,0.578
TRACE 1580688,83.62,83.00,0.580
TRACE 1582550,83.71,83.00,0.582
TRACE 1584438,83.81,83.00,0.584
TRACE 1586301,83.90,83.50,0.541
TRACE 1588164,83.99,84.00,0.498
TRACE 1590040,84.08,84.00,0.469
TRACE 1591921,84.17,84.00,0.441
TRACE 1593936,84.27,84.00,0.444
TRACE 1595809,84.36,84.00,0.446
TRACE 1597677,84.45,85.00,-0.483
TRACE 1599558,84.53,85.00,-0.450
TRACE 1601441,84.62,85.00,0.422
TRACE 1603340,84.71,85.00,0.424
TRACE 1605210,84.80,85.50,-0.459
TRACE 1607118,84.88,86.00,-0.503
TRACE 1618336,85.38,85.00,0.463
TRACE 1620243,85.46,85.00,0.500
TRACE 1622112,85.54,85.00,0.502
TRACE 1623987,85.62,85.00,0.504
TRACE 1625874,85.70,85.00,0.506
TRACE 1627750,85.77,85.00,0.525
TRACE 1629649,85.85,85.00,0.544
TRACE 1631527,85.93,85.00,0.510
TRACE 1633414,86.00,85.00,0.512
TRACE 1635284,86.08,86.00,0.423
TRACE 1637170,86.15,86.00,0.424
TRACE 1639076,86.23,86.50,-0.459
TRACE 1640968,86.30,87.00,-0.503
TRACE 1642866,86.37,87.00,-0.501
TRACE 1644765,86.44,87.00,-0.500
TRACE 1646682,86.52,87.00,-0.498
TRACE 1648594,86.59,87.00,-0.436
TRACE 1650487,86.66,87.00,-0.435
TRACE 1652494,86.73,87.00,0.437
TRACE 1654364,86.80,87.00,0.468
TRACE 1656250,86.86,86.50,0.515
TRACE 1658123,86.93,86.00,0.561
TRACE 1660010,87.00,86.00,0.562
TRACE 1661895,87.06,86.50,0.519
TRACE 1663769,87.12,87.00,0.475
TRACE 1665608,87.19,87.00,0.476
TRACE 1667477,87.25,87.00,0.477
TRACE 1669355,87.31,87.00,0.448
TRACE 1671225,87.37,87.00,-0.422
TRACE 1673102,87.43,88.00,-0.512
TRACE 1675040,87.49,88.00,-0.479
TRACE 1676948,87.55,88.00,-0.448
TRACE 1678886,87.61,88.00,-0.446
TRACE 1680782,87.67,88.50,-0.490
TRACE 1682710,87.73,88.00,-0.444
TRACE 1684586,87.79,88.00,-0.443
TRACE 1686512,87.84,88.00,0.458
TRACE 1688434,87.90,88.00,0.459
TRACE 1690348,87.96,88.00,0.460
TRACE 1692278,88.01,88.00,0.461
TRACE 1694206,88.06,88.00,0.492
TRACE 1696111,88.12,88.50,-0.422
TRACE 1698043,88.17,89.00,-0.046
TRACE 1699922,88.22,89.00,-0.045
TRACE 1701783,88.27,89.00,-0.044
TRACE 1703645,88.32,89.00,-0.044
TRACE 1705501,88.37,89.00,-0.044
TRACE 1707349,88.41,89.00,-0.043
TRACE 1709201,88.46,89.00,-0.012
TRACE 1711098,88.51,89.00,0.019
TRACE 1712952,88.55,88.50,0.486
TRACE 1714863,88.60,88.00,0.532
TRACE 1716774,88.64,88.00,0.532
TRACE 1718689,88.69,88.00,0.533
TRACE 1720599,88.73,88.50,0.488
TRACE 1722540,88.77,89.00,0.023
TRACE 1724397,88.81,89.00,0.024
TRACE 1726271,88.85,89.00,-0.006
TRACE 1728120,88.89,89.00,-0.036
TRACE 1729972,88.93,89.00,-0.035
TRACE 1731816,88.97,89.00,-0.035
TRACE 1733651,89.01,89.00,-0.005
TRACE 1735512,89.04,89.00,0.027
TRACE 1737402,89.08,89.00,0.027
TRACE 1739267,89.12,89.00,0.027
TRACE 1741130,89.15,88.50,0.493
TRACE 1743051,89.18,88.00,0.539
TRACE 1744943,89.22,88.00,0.539
TRACE 1746846,89.25,88.00,0.539
TRACE 1748761,89.28,88.50,0.494
TRACE 1750675,89.32,89.00,0.029
TRACE 1752523,89.35,89.00,0.030
TRACE 1754395,89.38,89.00,-0.000
TRACE 1756251,89.41,89.00,-0.031
TRACE 1758097,89.43,89.00,-0.031
TRACE 1759941,89.46,89.00,-0.031
TRACE 1761783,89.49,89.00,-0.000
TRACE 1763657,89.51,89.00,0.031
TRACE 1765628,89.54,89.00,0.031
TRACE 1767508,89.57,88.50,0.496
TRACE 1769413,89.59,88.00,0.542
TRACE 1771317,89.62,88.00,0.541
TRACE 1773225,89.64,88.00,0.541
TRACE 1775098,89.66,88.50,0.496
TRACE 1777043,89.68,89.00,0.031
TRACE 1778904,89.70,89.00,0.031
TRACE 1790075,89.81,89.00,0.012
TRACE 1791961,89.83,89.00,-0.006
TRACE 1793830,89.84,89.00,-0.006
TRACE 1795707,89.86,88.00,0.479
TRACE 1797655,89.87,88.50,0.464
TRACE 1799583,89.89,88.00,0.514
TRACE 1801528,89.90,88.00,0.514
TRACE 1803463,89.91,88.50,0.493
TRACE 1805399,89.92,89.00,0.028
TRACE 1807286,89.93,89.00,0.027
TRACE 1809147,89.94,89.00,-0.033
TRACE 1811002,89.95,89.00,-0.003
TRACE 1812919,89.96,89.00,-0.034
TRACE 1814767,89.97,89.00,-0.035
TRACE 1816600,89.97,89.00,-0.005
TRACE 1818462,89.98,89.00,0.025
TRACE 1820333,89.98,88.50,0.490
TRACE 1822256,89.99,88.00,0.535
TRACE 1824165,89.99,88.00,0.534
TRACE 1826102,89.99,88.00,0.533
TRACE 1828010,90.00,88.50,0.487
TRACE 1829930,90.00,89.00,0.021
TRACE 1831781,90.00,89.00,0.021
TRACE 1833632,90.00,89.00,-0.000
TRACE 1835286,90.00,89.00,-0.031
TRACE 1836912,90.00,89.00,-0.033
TRACE 1838543,90.00,89.00,-0.034
TRACE 1840185,90.00,89.00,-0.003
TRACE 1841856,90.00,89.00,0.030
TRACE 1843500,90.00,89.00,0.030
TRACE 1845146,90.00,89.00,0.030
TRACE 1846794,90.00,88.50,0.500
TRACE 1848504,90.00,88.00,0.549
TRACE 1850236,90.00,88.00,0.548
TRACE 1851907,90.00,88.00,0.548
TRACE 1853588,90.00,88.50,0.499
TRACE 1855279,90.00,89.00,0.030
TRACE 1856921,90.00,89.00,0.030
TRACE 1858571,90.00,89.00,-0.004
TRACE 1860219,90.00,89.00,-0.038
TRACE 1861875,90.00,89.00,-0.039
TRACE 1863501,90.00,89.00,-0.039
TRACE 1865128,90.00,89.00,-0.005
TRACE 1866773,90.00,89.00,0.030
TRACE 1868414,90.00,89.00,0.030
TRACE 1870048,90.00,88.50,0.500
TRACE 1871753,90.00,88.50,0.500
TRACE 1873453,90.00,88.00,0.549
TRACE 1875124,90.00,88.00,0.549
TRACE 1876805,90.00,88.50,0.499
TRACE 1878510,90.00,89.00,0.030
TRACE 1880146,90.00,89.00,0.030
TRACE 1881781,90.00,89.00,-0.004
TRACE 1883436,90.00,89.00,-0.004
TRACE 1885099,90.00,89.00,-0.039
TRACE 1886731,90.00,89.00,-0.039
TRACE 1888368,90.00,89.00,-0.005
TRACE 1890026,90.00,89.00,0.030
TRACE 1891670,90.00,89.00,0.030
TRACE 1893324,90.00,88.50,0.500
TRACE 1895020,90.00,88.00,0.549
TRACE 1896694,90.00,88.00,0.549
TRACE 1898380,90.00,88.00,0.549
TRACE 1900046,90.00,88.50,0.499
TRACE 1901741,90.00,89.00,0.030
TRACE 1903406,90.00,89.00,0.030
TRACE 1905037,90.00,89.00,-0.004
TRACE 1906660,90.00,89.00,-0.039
TRACE 1908306,90.00,89.00,-0.039
TRACE 1909929,90.00,89.00,-0.039
TRACE 1911565,90.00,89.00,-0.005
TRACE 1913221,90.00,89.00,0.030
TRACE 1914852,90.00,89.00,0.030
TRACE 1916499,90.00,88.50,0.500
TRACE 1918221,90.00,88.50,0.500
TRACE 1919928,90.00,88.00,0.549
TRACE 1921620,90.00,88.00,0.548
TRACE 1923317,90.00,88.50,0.499
TRACE 1925031,90.00,89.00,0.030
TRACE 1926685,90.00,89.00,0.030
TRACE 1928406,90.00,89.00,-0.004
TRACE 1930077,90.00,89.00,-0.004
TRACE 1931712,90.00,89.00,-0.038
TRACE 1933339,90.00,89.00,-0.038
TRACE 1934961,90.00,89.00,-0.004
TRACE 1936633,90.00,89.00,0.030
TRACE 1938258,90.00,89.00,0.030
TRACE 1939897,90.00,88.50,0.500
TRACE 1941588,90.00,88.00,0.549
TRACE 1943281,90.00,88.00,0.549
TRACE 1944971,90.00,88.00,0.549
TRACE 1946644,90.00,88.50,0.499
TRACE 1948369,90.00,89.00,0.030
TRACE 1950010,90.00,89.00,0.030
TRACE 1951661,90.00,89.00,-0.004
TRACE 1953306,90.00,89.00,-0.038
TRACE 1954926,90.00,89.00,-0.039
TRACE 1956561,90.00,89.00,-0.039
TRACE 1958202,90.00,89.00,-0.005
TRACE 1959867,90.00,89.00,0.030
TRACE 1961511,90.00,89.00,0.030
TRACE 1963164,90.00,88.50,0.500
TRACE 1964984,90.00,88.00,0.549
TRACE 1966660,90.00,88.00,0.548
TRACE 1968335,90.00,88.00,0.548
TRACE 1970012,90.00,88.50,0.499
TRACE 1971716,90.00,89.00,0.030
TRACE 1973351,90.00,89.00,0.030
TRACE 1975000,90.00,89.00,-0.004
TRACE 1976642,90.00,89.00,-0.039
TRACE 1978259,90.00,89.00,-0.039
TRACE 1979918,90.00,89.00,-0.039
TRACE 1981553,90.00,89.00,-0.005
TRACE 1992457,90.00,88.00,0.519
TRACE 1994156,90.00,88.00,0.518
TRACE 1995880,90.00,88.00,0.518
TRACE 1997593,90.00,88.00,0.518
TRACE 1999293,90.00,89.00,0.030
TRACE 2000933,90.00,89.00,0.030
TRACE 2002596,90.00,89.00,0.030
TRACE 2004267,90.00,89.00,-0.038
TRACE 2005890,90.00,89.00,-0.038
TRACE 2007517,90.00,89.00,-0.039
TRACE 2009147,90.00,89.00,-0.039
TRACE 2010786,90.00,89.00,0.030
TRACE 2012416,90.00,89.00,0.030
TRACE 2014042,90.00,89.00,0.030
TRACE 2015680,90.00,89.00,0.030
TRACE 2017290,90.00,89.00,0.030
TRACE 2018922,90.00,88.50,0.500
TRACE 2020614,90.00,88.00,0.550
TRACE 2022278,90.00,88.00,0.550
TRACE 2023957,90.00,88.00,0.549
TRACE 2025649,90.00,88.50,0.499
TRACE 2027310,90.00,89.00,0.030
TRACE 2028947,90.00,89.00,0.030
TRACE 2030571,90.00,89.00,-0.004
TRACE 2032191,90.00,89.00,-0.039
TRACE 2033811,90.00,89.00,-0.039
TRACE 2035452,90.00,89.00,-0.040
TRACE 2037286,90.00,89.00,-0.004
TRACE 2038957,90.00,89.00,0.030
TRACE 2040588,90.00,89.00,0.030
TRACE 2042224,90.00,88.50,0.499
TRACE 2043890,90.00,88.00,0.548
TRACE 2045575,90.00,88.00,0.548
TRACE 2047261,90.00,88.00,0.548
TRACE 2048951,90.00,88.50,0.499
TRACE 2050627,90.00,89.00,0.030
TRACE 2052247,90.00,89.00,0.030
TRACE 2053870,90.00,89.00,-0.004
>>> 
HOST arm.nominal = 90
arm.nominal = 90
>>> 
HOST r = arm.move_to(0, "tuning_umax090")
r = arm.move_to(0, "tuning_umax090")
RESULT {"loops": 948, "overshoot": 0.0, "t_reach": 1.5834, "type": "move", "t_settle": 1.6602, "target": 0, "state": "done", "q": null, "tag": "tuning_umax090", "err": 0.0, "err_rest": 0.0, "ok": true, "max_dt_us": 11244, "t_profile": 1.7667, "start": 88.0, "max_track_err": 3.36}
>>> 
HOST arm_test.cmd_trace(arm, [])
arm_test.cmd_trace(arm, [])
TRACE t_us,ref_deg,pos_deg,duty
TRACE 929,88.00,88.00,-0.430
TRACE 2909,88.00,88.00,-0.431
TRACE 4755,88.00,88.00,-0.432
TRACE 6577,88.00,88.00,-0.432
TRACE 8405,87.99,88.00,-0.433
TRACE 10228,87.99,88.00,-0.434
TRACE 12033,87.99,88.00,-0.435
TRACE 13856,87.98,88.00,-0.436
TRACE 15644,87.98,88.00,-0.436
TRACE 17454,87.97,88.00,-0.437
TRACE 19267,87.96,88.00,-0.438
TRACE 21064,87.96,88.00,-0.439
TRACE 22865,87.95,88.00,-0.440
TRACE 24688,87.94,88.00,-0.441
TRACE 26479,87.93,88.00,-0.442
TRACE 28286,87.92,87.50,0.444
TRACE 30068,87.91,87.00,0.490
TRACE 31862,87.90,87.00,0.489
TRACE 33639,87.89,87.00,0.488
TRACE 35431,87.87,87.00,0.487
TRACE 37213,87.86,87.50,0.439
TRACE 39044,87.85,88.00,-0.449
TRACE 40806,87.83,88.00,-0.482
TRACE 42609,87.82,88.00,-0.515
TRACE 44397,87.80,88.50,-0.563
TRACE 46181,87.79,89.00,-0.611
TRACE 48004,87.77,89.00,-0.611
TRACE 49797,87.75,88.50,-0.534
TRACE 51596,87.73,88.00,-0.457
TRACE 53367,87.72,88.00,-0.458
TRACE 55162,87.70,88.00,-0.459
TRACE 56975,87.68,88.00,-0.428
TRACE 58771,87.65,87.00,0.536
TRACE 60604,87.63,87.00,0.534
TRACE 62368,87.61,87.00,0.501
TRACE 64144,87.59,87.00,0.468
TRACE 65928,87.57,87.00,0.467
TRACE 67696,87.54,87.00,0.466
TRACE 69474,87.52,87.00,0.465
TRACE 71274,87.49,87.00,-0.441
TRACE 73073,87.47,87.00,-0.442
TRACE 74869,87.44,87.00,-0.444
TRACE 76639,87.41,87.00,-0.445
TRACE 78424,87.38,87.00,-0.447
TRACE 80215,87.36,87.00,-0.448
TRACE 82004,87.33,86.50,0.437
TRACE 83784,87.30,86.00,0.483
TRACE 85557,87.27,86.00,0.481
TRACE 87330,87.24,86.00,0.480
TRACE 89099,87.21,86.00,0.478
TRACE 90871,87.17,87.00,-0.457
TRACE 92658,87.14,87.00,-0.459
TRACE 94451,87.11,87.00,-0.493
TRACE 96251,87.07,87.00,-0.527
TRACE 98029,87.04,87.00,-0.528
TRACE 99811,87.00,87.00,-0.530
TRACE 101597,86.97,87.00,-0.532
TRACE 103405,86.93,86.50,-0.422
TRACE 105184,86.89,86.00,0.463
TRACE 106959,86.86,86.00,0.461
TRACE 108724,86.82,86.00,0.460
TRACE 110486,86.78,86.00,0.458
TRACE 112260,86.74,86.00,0.456
TRACE 114033,86.70,86.00,0.454
TRACE 115809,86.66,86.00,0.420
TRACE 117576,86.62,86.50,-0.501
TRACE 119347,86.58,87.00,-0.550
TRACE 121138,86.53,87.00,-0.552
TRACE 122940,86.49,87.00,-0.554
TRACE 124738,86.44,87.00,-0.556
TRACE 126570,86.40,87.00,-0.557
TRACE 128376,86.35,87.00,-0.559
TRACE 130172,86.31,86.50,-0.483
TRACE 131968,86.26,86.00,0.434
TRACE 133735,86.21,86.00,0.432
TRACE 135504,86.16,86.00,0.430
TRACE 137285,86.12,86.00,0.428
TRACE 139058,86.07,86.00,0.426
TRACE 140825,86.02,86.00,0.424
TRACE 142618,85.97,86.00,-0.450
TRACE 144402,85.91,86.00,-0.485
TRACE 146197,85.86,86.00,-0.487
TRACE 147993,85.81,87.00,-0.583
TRACE 149793,85.76,87.00,-0.585
TRACE 151587,85.70,87.00,-0.587
TRACE 153391,85.65,87.00,-0.589
TRACE 155278,85.59,87.00,-0.591
TRACE 157082,85.53,86.00,-0.501
TRACE 158869,85.48,86.00,-0.503
TRACE 160669,85.42,86.00,-0.442
TRACE 162479,85.36,86.00,-0.445
TRACE 164270,85.30,86.00,-0.447
TRACE 166070,85.24,86.00,-0.449
TRACE 167854,85.18,85.00,0.482
TRACE 169621,85.12,85.00,-0.424
TRACE 180668,84.74,85.00,-0.466
TRACE 182481,84.67,85.00,-0.469
TRACE 184290,84.60,85.00,-0.472
TRACE 186089,84.54,85.00,-0.474
TRACE 187908,84.47,85.00,-0.477
TRACE 189727,84.40,85.00,-0.516
TRACE 191526,84.33,85.00,-0.519
TRACE 193321,84.26,85.00,-0.522
TRACE 195118,84.19,84.00,-0.431
TRACE 196921,84.12,84.00,-0.434
TRACE 198702,84.05,84.00,-0.437
TRACE 200483,83.98,84.00,-0.439
TRACE 202259,83.91,83.50,0.445
TRACE 204036,83.84,83.00,0.490
TRACE 205810,83.76,83.00,0.487
TRACE 207581,83.69,83.00,0.420
TRACE 209359,83.62,83.00,-0.423
TRACE 211151,83.54,83.00,-0.426
TRACE 212952,83.47,83.00,-0.429
TRACE 214726,83.39,83.00,-0.464
TRACE 216513,83.31,83.00,-0.499
TRACE 218361,83.23,83.00,-0.502
TRACE 220134,83.15,83.00,-0.505
TRACE 221897,83.08,83.00,-0.508
TRACE 223681,83.00,83.00,-0.511
TRACE 225459,82.92,83.00,-0.514
TRACE 227256,82.84,83.00,-0.517
TRACE 229057,82.75,83.00,-0.520
TRACE 230842,82.67,83.00,-0.523
TRACE 232635,82.59,83.00,-0.526
TRACE 234434,82.50,82.50,-0.482
TRACE 236218,82.42,82.00,-0.439
TRACE 238008,82.34,82.00,-0.442
TRACE 239937,82.24,82.00,-0.446
TRACE 241741,82.16,81.50,0.437
TRACE 243522,82.07,81.00,0.481
TRACE 245294,81.98,81.00,0.478
TRACE 247074,81.90,81.00,0.443
TRACE 248848,81.81,81.00,-0.432
TRACE 250613,81.72,81.00,-0.435
TRACE 252408,81.63,81.00,-0.438
TRACE 254205,81.54,81.00,-0.473
TRACE 256001,81.45,81.00,-0.509
TRACE 257809,81.35,81.00,-0.512
TRACE 259619,81.26,81.00,-0.516
TRACE 261411,81.17,81.00,-0.519
TRACE 263195,81.07,81.00,-0.523
TRACE 264975,80.98,81.00,-0.526
TRACE 266764,80.88,80.00,-0.436
TRACE 268548,80.79,80.00,-0.439
TRACE 270334,80.69,80.00,-0.443
TRACE 272102,80.60,79.00,0.488
TRACE 273908,80.50,79.00,0.484
TRACE 275684,80.40,79.00,0.481
TRACE 277458,80.30,79.00,0.477
TRACE 279262,80.20,79.00,-0.430
TRACE 281061,80.10,79.00,-0.434
TRACE 282836,80.00,79.00,-0.438
TRACE 284631,79.90,79.00,-0.506
TRACE 286414,79.80,79.00,-0.509
TRACE 288193,79.69,79.00,-0.513
TRACE 289987,79.59,78.00,-0.423
TRACE 291783,79.49,78.00,-0.427
TRACE 293582,79.38,78.00,-0.430
TRACE 295373,79.28,77.50,0.453
TRACE 297161,79.17,77.00,0.496
TRACE 298947,79.06,77.00,0.492
TRACE 300724,78.96,77.00,0.498
TRACE 302533,78.85,77.00,0.431
TRACE 304393,78.74,77.00,0.428
TRACE 306215,78.63,77.00,0.424
TRACE 308018,78.52,77.00,-0.451
TRACE 309861,78.41,77.00,-0.486
TRACE 311703,78.30,77.00,-0.489
TRACE 313512,78.19,77.00,-0.492
TRACE 315329,78.08,77.00,-0.496
TRACE 317154,77.97,76.00,0.434
TRACE 318957,77.86,76.00,0.431
TRACE 320770,77.75,76.00,0.427
TRACE 322575,77.65,76.00,0.424
TRACE 324410,77.54,76.00,0.421
TRACE 326211,77.43,76.50,-0.469
TRACE 328039,77.32,77.00,-0.518
TRACE 329854,77.21,77.00,-0.585
TRACE 331687,77.10,77.00,-0.588
TRACE 333526,76.99,77.00,-0.591
TRACE 335375,76.88,77.00,-0.594
TRACE 337199,76.77,77.00,-0.598
TRACE 339011,76.66,76.00,-0.477
TRACE 340818,76.55,76.00,-0.449
TRACE 342666,76.44,76.00,-0.452
TRACE 344502,76.33,76.00,-0.456
TRACE 346344,76.22,75.00,0.473
TRACE 348162,76.11,75.00,0.470
TRACE 359278,75.44,75.00,-0.442
TRACE 361108,75.33,75.00,-0.482
TRACE 362946,75.22,75.00,-0.485
TRACE 364783,75.11,75.50,-0.522
TRACE 366610,75.00,75.00,-0.492
TRACE 368446,74.89,75.00,-0.531
TRACE 370301,74.78,75.00,-0.535
TRACE 372140,74.67,75.00,-0.538
TRACE 373978,74.56,75.00,-0.541
TRACE 375831,74.45,74.00,-0.452
TRACE 377656,74.34,74.00,-0.425
TRACE 379483,74.23,74.00,-0.459
TRACE 381359,74.12,73.00,0.469
TRACE 383173,74.01,73.00,0.467
TRACE 384984,73.90,73.00,0.464
TRACE 386815,73.79,73.00,0.460
TRACE 388659,73.68,73.00,-0.445
TRACE 390507,73.57,73.00,-0.449
TRACE 392333,73.46,73.00,-0.452
TRACE 394155,73.35,73.00,-0.517
TRACE 396034,73.24,73.00,-0.521
TRACE 397843,73.13,73.00,-0.524
TRACE 399671,73.02,73.00,-0.527
TRACE 401503,72.91,73.00,-0.531
TRACE 403331,72.80,72.50,-0.488
TRACE 405129,72.69,72.00,-0.445
TRACE 406951,72.58,72.00,-0.448
TRACE 408780,72.47,72.00,-0.451
TRACE 410603,72.36,71.00,0.478
TRACE 412420,72.25,71.00,0.475
TRACE 414257,72.14,71.00,0.472
TRACE 416096,72.03,71.00,0.437
TRACE 417955,71.92,71.00,-0.438
TRACE 419779,71.81,71.00,-0.441
TRACE 421602,71.70,71.00,-0.444
TRACE 423443,71.59,71.00,-0.510
TRACE 425257,71.48,71.00,-0.513
TRACE 427077,71.38,71.00,-0.517
TRACE 428897,71.27,71.00,-0.520
TRACE 430748,71.16,71.00,-0.523
TRACE 432573,71.05,70.50,-0.480
TRACE 434401,70.94,70.00,-0.437
TRACE 436238,70.83,70.00,-0.441
TRACE 438057,70.72,69.50,0.442
TRACE 439886,70.61,69.00,0.485
TRACE 441700,70.50,69.00,0.482
TRACE 443515,70.39,69.00,0.479
TRACE 445311,70.28,69.00,0.445
TRACE 447142,70.17,69.00,-0.430
TRACE 448980,70.06,69.00,-0.433
TRACE 450812,69.95,70.00,-0.561
TRACE 452631,69.84,70.00,-0.596
TRACE 454462,69.73,70.00,-0.599
TRACE 456299,69.62,70.00,-0.602
TRACE 458123,69.51,70.00,-0.605
TRACE 459947,69.40,70.00,-0.608
TRACE 461784,69.29,70.00,-0.612
TRACE 463611,69.18,69.50,-0.506
TRACE 465450,69.07,69.00,-0.463
TRACE 467285,68.96,69.00,-0.467
TRACE 469105,68.85,69.00,-0.470
TRACE 470928,68.74,69.00,-0.473
TRACE 472758,68.63,69.00,-0.477
TRACE 474596,68.52,68.50,-0.434
TRACE 476448,68.41,68.00,-0.422
TRACE 478275,68.30,68.00,-0.457
TRACE 480215,68.19,67.50,0.425
TRACE 482007,68.08,67.00,0.468
TRACE 483810,67.97,67.00,0.465
TRACE 485622,67.86,67.00,0.462
TRACE 487433,67.75,67.00,0.428
TRACE 489251,67.64,67.00,-0.446
TRACE 491069,67.54,67.00,-0.449
TRACE 492903,67.43,67.00,-0.484
TRACE 494719,67.32,67.00,-0.518
TRACE 496528,67.21,67.00,-0.522
TRACE 498363,67.10,66.50,-0.479
TRACE 500175,66.99,66.00,-0.436
TRACE 502005,66.88,66.00,-0.439
TRACE 503831,66.77,66.00,-0.442
TRACE 505658,66.66,66.00,-0.445
TRACE 507470,66.55,66.00,-0.449
TRACE 509379,66.44,66.00,-0.453
TRACE 511208,66.33,66.00,-0.487
TRACE 513032,66.22,66.00,-0.521
TRACE 514852,66.11,66.00,-0.525
TRACE 516668,66.00,65.00,-0.436
TRACE 518485,65.89,65.00,-0.439
TRACE 520310,65.78,65.00,-0.442
TRACE 522142,65.67,65.00,-0.445
TRACE 533233,65.01,63.00,0.481
TRACE 535070,64.90,62.00,0.544
TRACE 536907,64.79,62.00,0.541
TRACE 538749,64.68,62.00,0.501
TRACE 540580,64.57,61.50,0.531
TRACE 542409,64.46,61.50,0.527
TRACE 544245,64.35,62.00,0.491
TRACE 546059,64.24,62.00,0.441
TRACE 547882,64.13,62.00,-0.464
TRACE 549711,64.02,62.00,-0.467
TRACE 551528,63.91,62.00,-0.471
TRACE 553338,63.80,62.00,-0.505
TRACE 555181,63.69,62.00,-0.509
TRACE 557039,63.58,62.00,-0.481
TRACE 558864,63.47,61.00,0.449
TRACE 560659,63.36,61.00,0.445
TRACE 562491,63.25,61.00,0.442
TRACE 564300,63.14,61.00,0.439
TRACE 566133,63.03,61.00,0.435
TRACE 567956,62.92,61.00,0.432
TRACE 569780,62.81,61.00,0.429
TRACE 571632,62.70,61.50,-0.523
TRACE 573463,62.59,62.00,-0.573
TRACE 575279,62.48,62.00,-0.576
TRACE 577110,62.37,62.00,-0.579
TRACE 578925,62.26,62.00,-0.583
TRACE 580755,62.15,62.00,-0.586
TRACE 582578,62.05,62.00,-0.589
TRACE 584395,61.94,61.00,-0.469
TRACE 586231,61.83,61.00,-0.441
TRACE 588057,61.72,61.00,-0.444
TRACE 589869,61.61,61.00,-0.447
TRACE 591745,61.50,60.00,0.482
TRACE 593570,61.39,60.00,0.478
TRACE 595361,61.28,59.50,0.522
TRACE 597171,61.17,59.00,0.502
TRACE 598997,61.06,59.00,0.499
TRACE 600821,60.95,59.50,0.450
TRACE 602619,60.84,60.00,-0.440
TRACE 604449,60.73,60.00,-0.506
TRACE 606282,60.62,60.00,-0.509
TRACE 608112,60.51,60.00,-0.544
TRACE 609933,60.40,60.00,-0.579
TRACE 611763,60.29,60.00,-0.582
TRACE 613588,60.18,60.00,-0.554
TRACE 615426,60.07,60.00,-0.526
TRACE 617249,59.97,59.50,-0.483
TRACE 619089,59.85,59.00,-0.440
TRACE 620905,59.75,59.00,-0.443
TRACE 622739,59.64,59.00,-0.446
TRACE 624573,59.53,59.00,-0.450
TRACE 626395,59.42,58.00,0.479
TRACE 628199,59.31,58.00,0.477
TRACE 630014,59.20,58.00,0.442
TRACE 631829,59.09,57.50,0.454
TRACE 633636,58.98,57.50,0.451
TRACE 635470,58.87,58.00,-0.439
TRACE 637292,58.76,58.00,-0.442
TRACE 639125,58.65,58.00,-0.508
TRACE 640964,58.54,58.00,-0.512
TRACE 642795,58.43,58.00,-0.515
TRACE 644623,58.32,58.00,-0.550
TRACE 646445,58.21,58.00,-0.553
TRACE 648247,58.11,58.00,-0.525
TRACE 650075,58.00,58.00,-0.528
TRACE 651905,57.89,58.00,-0.531
TRACE 653747,57.78,58.00,-0.535
TRACE 655684,57.66,58.00,-0.538
TRACE 657500,57.55,57.50,-0.495
TRACE 659336,57.44,57.00,-0.453
TRACE 661157,57.33,57.00,-0.456
TRACE 662987,57.22,57.00,-0.459
TRACE 664793,57.11,57.00,-0.463
TRACE 666620,57.00,56.00,0.466
TRACE 668422,56.89,56.00,0.464
TRACE 670245,56.79,56.00,0.430
TRACE 672058,56.68,56.00,-0.445
TRACE 673879,56.57,56.00,-0.448
TRACE 675698,56.46,56.00,-0.451
TRACE 677527,56.35,55.50,0.432
TRACE 679346,56.24,55.00,-0.428
TRACE 681189,56.13,55.00,-0.431
TRACE 683002,56.02,55.00,-0.435
TRACE 684920,55.90,55.00,-0.439
TRACE 686763,55.79,55.00,-0.442
TRACE 688577,55.69,55.00,-0.445
TRACE 690401,55.58,55.00,-0.480
TRACE 692216,55.47,54.00,-0.422
TRACE 694050,55.36,54.00,-0.425
TRACE 695863,55.25,54.00,-0.428
TRACE 697681,55.14,54.00,-0.431
TRACE 699494,55.03,53.00,0.499
TRACE 710617,54.36,51.00,0.558
TRACE 712468,54.25,51.00,0.555
TRACE 714280,54.14,51.00,0.515
TRACE 716100,54.03,51.00,0.512
TRACE 717931,53.92,51.00,0.508
TRACE 719758,53.81,51.00,0.505
TRACE 721590,53.70,51.00,0.466
TRACE 723431,53.59,52.00,-0.543
TRACE 725277,53.48,52.00,-0.546
TRACE 727122,53.37,52.00,-0.549
TRACE 728950,53.26,52.00,-0.552
TRACE 730775,53.15,52.00,-0.556
TRACE 732635,53.04,52.00,-0.559
TRACE 734470,52.93,52.00,-0.562
TRACE 736288,52.82,52.00,-0.503
TRACE 738104,52.71,51.00,0.426
TRACE 739941,52.60,51.00,0.423
TRACE 741758,52.49,51.00,-0.421
TRACE 743589,52.38,51.00,-0.424
TRACE 745399,52.28,51.00,-0.427
TRACE 747261,52.16,50.00,0.502
TRACE 749085,52.05,50.00,0.499
TRACE 750887,51.95,50.00,0.433
TRACE 752698,51.84,50.00,0.430
TRACE 754524,51.73,50.00,0.427
TRACE 756311,51.62,50.00,0.424
TRACE 758118,51.51,50.00,0.420
TRACE 759906,51.41,50.00,-0.486
TRACE 761732,51.30,50.00,-0.489
TRACE 763544,51.19,50.00,-0.492
TRACE 765361,51.08,50.00,-0.496
TRACE 767207,50.97,50.00,-0.499
TRACE 769068,50.86,50.00,-0.502
TRACE 770915,50.75,50.00,-0.506
TRACE 772737,50.64,50.00,-0.509
TRACE 774568,50.53,49.00,0.420
TRACE 776391,50.42,49.00,-0.423
TRACE 778215,50.31,49.00,-0.427
TRACE 780038,50.20,49.00,-0.430
TRACE 781846,50.09,49.00,-0.433
TRACE 783667,49.98,49.00,-0.436
TRACE 785480,49.87,49.00,-0.439
TRACE 787297,49.76,48.50,-0.459
TRACE 789121,49.65,48.00,0.424
TRACE 790929,49.54,48.00,0.421
TRACE 792738,49.44,47.50,0.465
TRACE 794547,49.33,47.50,0.461
TRACE 796348,49.22,47.50,0.458
TRACE 798173,49.11,47.50,0.455
TRACE 799996,49.00,48.00,-0.466
TRACE 801834,48.89,48.00,-0.501
TRACE 803669,48.78,48.00,-0.505
TRACE 805491,48.67,48.00,-0.539
TRACE 807300,48.56,48.50,-0.589
TRACE 809113,48.45,48.50,-0.592
TRACE 810940,48.34,48.00,-0.549
TRACE 812785,48.23,48.00,-0.521
TRACE 814600,48.12,48.00,-0.524
TRACE 816420,48.01,48.00,-0.528
TRACE 818236,47.91,48.00,-0.531
TRACE 820082,47.80,47.00,0.430
TRACE 821898,47.69,47.00,0.426
TRACE 823692,47.58,47.00,-0.448
TRACE 825520,47.47,47.00,-0.451
TRACE 827361,47.36,47.00,-0.455
TRACE 829189,47.25,46.50,0.428
TRACE 831034,47.14,46.00,0.471
TRACE 832875,47.03,46.00,-0.435
TRACE 834701,46.92,46.00,-0.438
TRACE 836525,46.81,46.00,-0.441
TRACE 838340,46.70,46.00,-0.445
TRACE 840173,46.59,46.00,-0.448
TRACE 841990,46.48,46.00,-0.482
TRACE 843822,46.37,46.00,-0.517
TRACE 845658,46.26,46.00,-0.520
TRACE 847489,46.15,46.00,-0.523
TRACE 849321,46.04,46.00,-0.527
TRACE 851128,45.93,46.00,-0.530
TRACE 852967,45.82,46.00,-0.533
TRACE 854788,45.71,46.00,-0.537
TRACE 856616,45.60,46.00,-0.540
TRACE 858441,45.49,46.00,-0.543
TRACE 860323,45.38,46.00,-0.547
TRACE 862135,45.27,45.00,-0.457
TRACE 863971,45.16,45.00,-0.461
TRACE 865802,45.05,45.00,-0.464
TRACE 867644,44.94,45.00,-0.468
TRACE 869478,44.83,44.00,0.461
TRACE 871278,44.72,44.00,0.458
TRACE 873085,44.61,44.00,0.456
TRACE 874902,44.51,43.50,0.436
TRACE 886011,43.84,43.50,-0.463
TRACE 887856,43.73,44.00,-0.500
TRACE 889694,43.62,44.00,-0.503
TRACE 891530,43.51,43.50,-0.510
TRACE 893378,43.40,43.00,-0.480
TRACE 895216,43.29,43.00,-0.483
TRACE 897058,43.18,43.00,-0.505
TRACE 898901,43.07,43.00,-0.495
TRACE 900711,42.96,43.00,-0.467
TRACE 902556,42.85,43.00,-0.470
TRACE 904380,42.74,42.00,0.428
TRACE 906193,42.63,42.00,-0.447
TRACE 908059,42.52,42.00,-0.450
TRACE 909888,42.41,41.50,0.433
TRACE 911700,42.30,41.00,0.476
TRACE 913520,42.19,41.00,0.473
TRACE 915322,42.08,41.00,0.470
TRACE 917154,41.97,41.00,-0.436
TRACE 918966,41.86,41.00,-0.440
TRACE 920785,41.75,41.50,-0.489
TRACE 922663,41.64,41.50,-0.524
TRACE 924493,41.53,42.00,-0.605
TRACE 926327,41.42,41.50,-0.562
TRACE 928143,41.31,41.50,-0.565
TRACE 929978,41.20,41.00,-0.522
TRACE 931802,41.09,41.00,-0.525
TRACE 933634,40.98,41.00,-0.497
TRACE 935452,40.87,41.00,-0.501
TRACE 937271,40.76,41.00,-0.472
TRACE 939095,40.65,41.00,-0.507
TRACE 940924,40.54,40.50,-0.464
TRACE 942838,40.43,40.00,-0.453
TRACE 944644,40.32,40.00,-0.456
TRACE 946460,40.21,39.00,0.473
TRACE 948276,40.10,39.00,0.470
TRACE 950076,40.00,39.00,0.467
TRACE 951882,39.89,39.00,0.464
TRACE 953689,39.78,39.00,0.429
TRACE 955505,39.67,39.00,-0.445
TRACE 957331,39.56,39.00,-0.448
TRACE 959160,39.45,39.00,-0.514
TRACE 960981,39.34,39.00,-0.518
TRACE 962795,39.23,39.00,-0.521
TRACE 964639,39.12,38.50,-0.478
TRACE 966460,39.01,38.00,-0.435
TRACE 968277,38.90,38.00,-0.438
TRACE 970119,38.79,38.00,-0.442
TRACE 971940,38.68,37.00,0.488
TRACE 973740,38.58,37.00,0.485
TRACE 975566,38.47,37.00,0.481
TRACE 977365,38.36,37.00,0.447
TRACE 979194,38.25,37.00,-0.428
TRACE 981029,38.14,37.00,-0.431
TRACE 982873,38.03,37.00,-0.434
TRACE 984677,37.92,36.50,-0.454
TRACE 986515,37.81,36.50,-0.457
TRACE 988349,37.70,36.00,0.426
TRACE 990166,37.59,36.00,0.422
TRACE 991979,37.48,36.00,-0.421
TRACE 993815,37.37,36.00,-0.424
TRACE 995640,37.26,36.50,-0.474
TRACE 997452,37.15,37.00,-0.555
TRACE 999274,37.04,37.00,-0.558
TRACE 1001100,36.93,36.50,-0.546
TRACE 1002929,36.82,36.50,-0.550
TRACE 1004738,36.72,36.00,-0.507
TRACE 1006650,36.60,36.00,-0.510
TRACE 1008488,36.49,36.00,-0.482
TRACE 1010317,36.38,36.00,-0.454
TRACE 1012148,36.27,36.00,-0.458
TRACE 1013977,36.16,36.00,-0.492
TRACE 1015809,36.05,36.00,-0.495
TRACE 1017630,35.94,36.00,-0.530
TRACE 1019440,35.83,35.00,-0.440
TRACE 1021271,35.72,35.00,-0.444
TRACE 1023087,35.61,35.00,-0.447
TRACE 1024900,35.51,35.00,-0.450
TRACE 1026735,35.40,34.00,0.479
TRACE 1028551,35.29,34.00,0.476
TRACE 1030373,35.18,34.00,0.473
TRACE 1032192,35.07,34.00,-0.433
TRACE 1034027,34.96,34.00,-0.437
TRACE 1035930,34.84,34.00,-0.440
TRACE 1037757,34.73,33.50,0.442
TRACE 1039566,34.63,33.00,0.423
TRACE 1041366,34.52,33.00,-0.420
TRACE 1043192,34.41,33.00,-0.423
TRACE 1045022,34.30,33.00,-0.427
TRACE 1046857,34.19,33.00,-0.430
TRACE 1048684,34.08,33.00,-0.433
TRACE 1050520,33.97,33.00,-0.468
TRACE 1061664,33.30,33.00,-0.519
TRACE 1063533,33.19,33.00,-0.522
TRACE 1065372,33.08,33.00,-0.526
TRACE 1067185,32.97,33.00,-0.529
TRACE 1069009,32.86,32.00,-0.466
TRACE 1070829,32.75,32.00,-0.469
TRACE 1072666,32.64,32.00,-0.473
TRACE 1074491,32.53,32.00,-0.450
TRACE 1076319,32.42,31.50,0.433
TRACE 1078152,32.31,31.00,0.477
TRACE 1079961,32.20,31.00,0.473
TRACE 1081779,32.09,31.00,-0.433
TRACE 1083643,31.98,31.00,-0.436
TRACE 1085493,31.87,31.00,-0.440
TRACE 1087313,31.76,31.00,-0.443
TRACE 1089135,31.65,31.00,-0.477
TRACE 1090976,31.54,31.00,-0.512
TRACE 1092808,31.43,31.00,-0.515
TRACE 1094626,31.32,31.00,-0.518
TRACE 1096565,31.21,31.00,-0.522
TRACE 1098398,31.10,31.00,-0.525
TRACE 1100248,30.99,30.00,-0.437
TRACE 1102092,30.87,30.00,-0.440
TRACE 1103930,30.76,30.00,-0.443
TRACE 1105752,30.65,29.00,0.485
TRACE 1107579,30.55,29.00,0.482
TRACE 1109386,30.44,29.00,0.480
TRACE 1111196,30.33,29.00,0.477
TRACE 1113025,30.22,29.00,-0.429
TRACE 1114859,30.11,29.00,-0.432
TRACE 1116666,30.00,29.00,-0.435
TRACE 1118570,29.89,29.00,-0.501
TRACE 1120404,29.78,28.50,-0.459
TRACE 1122240,29.67,28.00,0.424
TRACE 1124028,29.56,28.00,0.421
TRACE 1125856,29.45,28.00,-0.422
TRACE 1127681,29.34,28.00,-0.425
TRACE 1129507,29.23,28.00,-0.429
TRACE 1131330,29.12,28.00,-0.432
TRACE 1133160,29.01,28.00,-0.466
TRACE 1134991,28.90,28.00,-0.501
TRACE 1136814,28.79,27.50,-0.458
TRACE 1138653,28.68,27.00,0.425
TRACE 1140469,28.57,27.00,0.422
TRACE 1142272,28.46,27.00,-0.421
TRACE 1144103,28.35,27.00,-0.425
TRACE 1145939,28.24,27.00,-0.428
TRACE 1147750,28.13,27.00,-0.431
TRACE 1149579,28.03,27.00,-0.466
TRACE 1151401,27.92,26.00,0.432
TRACE 1153198,27.81,26.00,0.429
TRACE 1155010,27.70,26.00,0.426
TRACE 1156847,27.59,26.00,0.422
TRACE 1158659,27.48,26.00,-0.421
TRACE 1160482,27.37,26.00,-0.424
TRACE 1162323,27.26,26.50,-0.474
TRACE 1164165,27.15,27.00,-0.586
TRACE 1165962,27.04,27.00,-0.589
TRACE 1167765,26.93,27.00,-0.593
TRACE 1169623,26.82,27.00,-0.596
TRACE 1171430,26.71,26.50,-0.553
TRACE 1173266,26.60,26.00,-0.510
TRACE 1175106,26.49,26.00,-0.482
TRACE 1176934,26.38,26.00,-0.454
TRACE 1178753,26.27,26.00,-0.457
TRACE 1180574,26.17,26.00,-0.461
TRACE 1182521,26.05,25.00,0.468
TRACE 1184321,25.94,25.00,0.433
TRACE 1186143,25.83,25.00,-0.441
TRACE 1187993,25.72,25.00,-0.444
TRACE 1189833,25.61,25.00,-0.448
TRACE 1191660,25.50,25.00,-0.451
TRACE 1193493,25.39,24.50,0.432
TRACE 1195296,25.28,24.00,-0.427
TRACE 1197111,25.17,24.00,-0.430
TRACE 1198920,25.06,24.00,-0.433
TRACE 1200751,24.95,24.00,-0.437
TRACE 1202569,24.85,24.00,-0.440
TRACE 1204420,24.73,24.00,-0.443
TRACE 1206245,24.63,23.50,-0.432
TRACE 1208083,24.52,23.00,0.420
TRACE 1209899,24.41,23.00,-0.423
TRACE 1211851,24.29,23.00,-0.427
TRACE 1213659,24.18,23.00,-0.431
TRACE 1215487,24.07,23.00,-0.434
TRACE 1217316,23.96,22.50,0.449
TRACE 1219122,23.85,22.00,0.461
TRACE 1220934,23.74,22.00,0.427
TRACE 1222747,23.64,22.00,0.423
TRACE 1224561,23.53,22.00,0.421
TRACE 1226370,23.42,22.00,-0.423
TRACE 1237505,22.75,22.00,-0.469
TRACE 1239389,22.64,22.00,-0.491
TRACE 1241223,22.53,22.00,-0.512
TRACE 1243052,22.42,22.00,-0.515
TRACE 1244885,22.31,21.50,-0.486
TRACE 1246738,22.20,21.00,-0.456
TRACE 1248592,22.08,21.00,-0.459
TRACE 1250427,21.97,21.00,-0.437
TRACE 1252273,21.86,21.00,-0.440
TRACE 1254115,21.75,20.00,0.489
TRACE 1255919,21.64,20.00,0.486
TRACE 1257739,21.54,20.00,0.451
TRACE 1259590,21.42,19.50,0.463
TRACE 1261421,21.31,19.50,0.460
TRACE 1263256,21.20,19.50,0.457
TRACE 1265088,21.09,20.00,-0.433
TRACE 1266900,20.99,20.00,-0.498
TRACE 1268735,20.88,20.00,-0.502
TRACE 1270560,20.77,20.00,-0.505
TRACE 1272431,20.65,20.00,-0.540
TRACE 1274292,20.54,20.00,-0.543
TRACE 1276121,20.43,20.00,-0.546
TRACE 1277934,20.32,20.00,-0.518
TRACE 1279748,20.22,19.50,-0.475
TRACE 1281567,20.11,19.00,-0.432
TRACE 1283391,20.00,19.00,-0.436
TRACE 1285215,19.89,19.00,-0.439
TRACE 1287048,19.78,19.00,-0.442
TRACE 1288898,19.67,18.50,0.441
TRACE 1290703,19.56,18.00,0.484
TRACE 1292513,19.45,18.00,0.449
TRACE 1294420,19.33,18.00,-0.426
TRACE 1296246,19.23,18.00,-0.429
TRACE 1298064,19.12,18.00,-0.432
TRACE 1299894,19.01,18.00,-0.436
TRACE 1301709,18.90,17.50,-0.424
TRACE 1303528,18.79,17.00,0.428
TRACE 1305319,18.68,17.00,0.425
TRACE 1307130,18.57,17.00,0.422
TRACE 1308956,18.46,17.00,-0.421
TRACE 1310788,18.35,17.00,-0.425
TRACE 1312626,18.24,17.00,-0.428
TRACE 1314472,18.13,17.00,-0.463
TRACE 1316299,18.02,17.00,-0.497
TRACE 1318114,17.91,17.00,-0.501
TRACE 1319946,17.80,16.50,-0.458
TRACE 1321769,17.69,16.00,0.425
TRACE 1323609,17.58,16.00,0.422
TRACE 1325428,17.47,16.00,-0.421
TRACE 1327232,17.37,16.00,-0.424
TRACE 1329060,17.26,16.00,-0.428
TRACE 1330888,17.15,15.50,0.455
TRACE 1332704,17.04,15.00,0.467
TRACE 1334506,16.93,15.00,0.433
TRACE 1336318,16.82,15.00,0.430
TRACE 1338157,16.71,15.00,0.426
TRACE 1339956,16.60,15.00,0.423
TRACE 1341747,16.50,15.00,-0.420
TRACE 1343601,16.38,15.00,-0.455
TRACE 1345425,16.27,15.00,-0.490
TRACE 1347247,16.17,15.00,-0.493
TRACE 1349080,16.06,15.00,-0.496
TRACE 1350896,15.95,15.00,-0.500
TRACE 1352702,15.84,15.00,-0.503
TRACE 1354515,15.73,15.00,-0.506
TRACE 1356339,15.62,14.00,0.423
TRACE 1358216,15.51,14.00,-0.420
TRACE 1360050,15.40,14.00,-0.424
TRACE 1361873,15.29,14.00,-0.427
TRACE 1363702,15.18,14.00,-0.430
TRACE 1365528,15.07,13.00,0.499
TRACE 1367338,14.96,13.00,0.496
TRACE 1369146,14.85,13.00,0.430
TRACE 1370954,14.74,13.00,0.427
TRACE 1372771,14.63,13.00,0.424
TRACE 1374571,14.53,13.00,0.421
TRACE 1376383,14.42,13.00,-0.422
TRACE 1378181,14.31,13.00,-0.489
TRACE 1380008,14.20,13.50,-0.539
TRACE 1381840,14.09,14.00,-0.588
TRACE 1383645,13.98,14.00,-0.592
TRACE 1385467,13.87,13.50,-0.548
TRACE 1387317,13.76,13.00,-0.505
TRACE 1389168,13.65,13.00,-0.509
TRACE 1391005,13.54,13.00,-0.512
TRACE 1392838,13.43,13.00,-0.484
TRACE 1394676,13.32,12.00,0.476
TRACE 1396484,13.21,12.00,0.473
TRACE 1398301,13.10,12.00,0.439
TRACE 1400115,12.99,11.50,0.451
TRACE 1401931,12.88,11.00,0.494
TRACE 1413019,12.22,12.00,-0.485
TRACE 1414846,12.11,12.00,-0.488
TRACE 1416685,12.00,12.50,-0.561
TRACE 1418521,11.89,12.50,-0.564
TRACE 1420358,11.78,12.00,-0.535
TRACE 1422195,11.67,12.00,-0.556
TRACE 1424038,11.56,12.00,-0.577
TRACE 1425864,11.45,12.00,-0.545
TRACE 1427685,11.34,11.00,-0.456
TRACE 1429522,11.23,11.00,-0.428
TRACE 1431367,11.12,11.00,-0.431
TRACE 1433177,11.01,10.50,0.421
TRACE 1435022,10.90,10.00,0.464
TRACE 1436848,10.79,10.00,0.461
TRACE 1438656,10.68,9.00,0.550
TRACE 1440464,10.57,9.00,0.484
TRACE 1442278,10.46,9.00,0.481
TRACE 1444102,10.35,10.00,-0.455
TRACE 1445926,10.24,10.00,-0.489
TRACE 1447753,10.13,10.00,-0.524
TRACE 1449626,10.02,10.00,-0.527
TRACE 1451473,9.91,10.00,-0.593
TRACE 1453302,9.80,10.00,-0.596
TRACE 1455108,9.69,10.00,-0.600
TRACE 1456932,9.58,10.00,-0.540
TRACE 1458758,9.47,9.50,-0.498
TRACE 1460581,9.37,9.00,-0.455
TRACE 1462419,9.25,9.00,-0.458
TRACE 1464230,9.15,9.00,-0.461
TRACE 1466054,9.04,9.00,-0.464
TRACE 1467890,8.93,8.50,0.429
TRACE 1469863,8.81,8.00,0.471
TRACE 1471758,8.70,8.00,0.437
TRACE 1473640,8.59,7.50,0.449
TRACE 1475518,8.48,7.50,0.446
TRACE 1477380,8.37,8.00,-0.442
TRACE 1479268,8.26,8.00,-0.445
TRACE 1481162,8.15,8.00,-0.478
TRACE 1483057,8.04,8.00,-0.511
TRACE 1484957,7.94,8.00,-0.513
TRACE 1486834,7.83,8.00,-0.546
TRACE 1488723,7.73,8.00,-0.549
TRACE 1490621,7.62,8.00,-0.521
TRACE 1492497,7.52,8.00,-0.523
TRACE 1494410,7.41,8.00,-0.526
TRACE 1496293,7.31,8.00,-0.528
TRACE 1498196,7.21,8.00,-0.530
TRACE 1500102,7.11,7.50,-0.488
TRACE 1501986,7.01,7.00,-0.445
TRACE 1503875,6.91,7.00,-0.447
TRACE 1505793,6.81,7.00,-0.450
TRACE 1507680,6.71,6.50,0.433
TRACE 1509541,6.61,6.00,0.477
TRACE 1511420,6.52,6.00,0.475
TRACE 1513296,6.42,6.00,0.442
TRACE 1515169,6.33,6.00,-0.430
TRACE 1517049,6.23,6.00,-0.432
TRACE 1518931,6.14,6.00,-0.434
TRACE 1520821,6.04,6.00,-0.467
TRACE 1522720,5.95,6.00,-0.499
TRACE 1524618,5.86,6.00,-0.501
TRACE 1526525,5.77,6.00,-0.503
TRACE 1528411,5.68,6.00,-0.505
TRACE 1530390,5.58,5.50,-0.463
TRACE 1532287,5.49,5.00,0.420
TRACE 1534178,5.41,5.00,-0.422
TRACE 1536064,5.32,5.00,-0.424
TRACE 1537965,5.23,5.00,-0.425
TRACE 1539860,5.14,4.00,0.503
TRACE 1541746,5.06,4.00,0.501
TRACE 1543618,4.98,4.00,0.470
TRACE 1545502,4.89,4.00,0.438
TRACE 1547363,4.81,4.00,0.436
TRACE 1549256,4.73,4.00,0.434
TRACE 1551147,4.64,4.00,0.432
TRACE 1553022,4.56,5.00,-0.561
TRACE 1554905,4.48,5.00,-0.563
TRACE 1556822,4.40,5.00,-0.564
TRACE 1558836,4.32,5.00,-0.565
TRACE 1560720,4.24,5.00,-0.567
TRACE 1562629,4.16,5.00,-0.568
TRACE 1564524,4.09,5.00,-0.570
TRACE 1566425,4.01,5.00,-0.512
TRACE 1568331,3.93,5.00,-0.513
TRACE 1570222,3.86,4.00,-0.425
TRACE 1572128,3.78,4.00,-0.426
TRACE 1583372,3.36,2.00,0.511
TRACE 1585288,3.29,1.50,0.542
TRACE 1587205,3.22,1.00,0.153
TRACE 1589072,3.15,1.00,0.152
TRACE 1590939,3.09,1.00,0.151
TRACE 1592772,3.02,1.00,0.115
TRACE 1594632,2.96,1.00,0.114
TRACE 1596478,2.90,1.00,0.067
TRACE 1598341,2.83,1.00,0.035
TRACE 1600218,2.77,1.00,0.003
TRACE 1602081,2.71,2.00,-0.509
TRACE 1604010,2.65,2.00,-0.510
TRACE 1605951,2.58,2.00,-0.511
TRACE 1607869,2.52,2.00,-0.512
TRACE 1609802,2.46,2.00,-0.513
TRACE 1611709,2.40,1.50,-0.469
TRACE 1613650,2.34,1.00,-0.005
TRACE 1615515,2.28,1.00,0.054
TRACE 1617506,2.22,1.00,0.052
TRACE 1619333,2.17,1.00,0.052
TRACE 1621178,2.12,1.00,0.051
TRACE 1623045,2.06,1.00,0.051
TRACE 1624882,2.01,1.00,0.020
TRACE 1626777,1.96,1.00,-0.012
TRACE 1628649,1.90,1.00,-0.013
TRACE 1630522,1.85,1.00,-0.013
TRACE 1632398,1.80,1.00,-0.014
TRACE 1634256,1.75,1.00,-0.015
TRACE 1636126,1.70,1.00,-0.016
TRACE 1638062,1.65,1.00,-0.017
TRACE 1639931,1.61,1.00,-0.017
TRACE 1641793,1.56,1.00,-0.018
TRACE 1643666,1.51,1.00,-0.019
TRACE 1645538,1.47,1.00,-0.020
TRACE 1647415,1.42,0.50,0.025
TRACE 1649276,1.38,0.50,0.024
TRACE 1651149,1.33,0.00,0.070
TRACE 1652973,1.29,0.00,0.069
TRACE 1654794,1.25,0.00,0.069
TRACE 1656617,1.21,0.00,0.068
TRACE 1658428,1.17,0.00,0.068
TRACE 1660230,1.13,0.00,0.037
TRACE 1662064,1.09,0.00,0.036
TRACE 1663899,1.06,0.00,0.005
TRACE 1665718,1.02,0.00,0.004
TRACE 1667546,0.98,0.00,0.004
TRACE 1669382,0.95,0.00,0.003
TRACE 1671208,0.91,0.00,0.003
TRACE 1673047,0.88,0.00,0.003
TRACE 1674873,0.84,0.00,0.002
TRACE 1676697,0.81,0.00,0.002
TRACE 1678521,0.78,0.00,0.002
TRACE 1680346,0.75,0.00,0.001
TRACE 1682187,0.71,0.00,0.001
TRACE 1684019,0.68,0.00,0.001
TRACE 1685863,0.65,0.00,0.000
TRACE 1687709,0.62,0.00,0.000
TRACE 1689532,0.59,0.00,0.000
TRACE 1691376,0.57,0.00,-0.000
TRACE 1693222,0.54,0.00,-0.000
TRACE 1695049,0.51,0.00,-0.000
TRACE 1696894,0.49,0.00,-0.001
TRACE 1698751,0.46,0.00,-0.001
TRACE 1700596,0.44,0.00,-0.001
TRACE 1702503,0.41,0.00,-0.001
TRACE 1704351,0.39,0.00,-0.001
TRACE 1706201,0.37,0.00,-0.001
TRACE 1708063,0.34,0.00,-0.001
TRACE 1709908,0.32,0.00,-0.001
TRACE 1711758,0.30,0.00,-0.001
TRACE 1713597,0.28,0.00,-0.001
TRACE 1715439,0.26,0.00,-0.001
TRACE 1717297,0.24,0.00,-0.000
TRACE 1719131,0.23,0.00,-0.000
TRACE 1720973,0.21,0.00,-0.000
TRACE 1722835,0.19,0.00,-0.000
TRACE 1724677,0.18,0.00,0.000
TRACE 1726524,0.16,0.00,0.000
TRACE 1728369,0.15,0.00,0.001
TRACE 1730258,0.13,0.00,0.001
TRACE 1732131,0.12,0.00,0.001
TRACE 1733975,0.11,0.00,0.001
TRACE 1735824,0.10,0.00,0.002
TRACE 1737666,0.08,0.00,0.002
TRACE 1739520,0.07,0.00,0.002
TRACE 1741361,0.06,0.00,0.003
TRACE 1743208,0.06,0.00,0.003
TRACE 1745046,0.05,0.00,0.004
TRACE 1756167,0.01,0.00,0.007
TRACE 1758023,0.01,0.00,0.007
TRACE 1759883,0.00,0.00,0.008
TRACE 1761726,0.00,0.00,0.008
TRACE 1763574,0.00,0.00,0.009
TRACE 1765418,0.00,0.00,0.010
TRACE 1767277,0.00,0.00,0.000
TRACE 1768924,0.00,0.00,0.000
TRACE 1770536,0.00,0.00,0.000
TRACE 1772132,0.00,0.00,0.000
TRACE 1773731,0.00,0.00,0.000
TRACE 1775322,0.00,0.00,0.000
TRACE 1776916,0.00,0.00,0.000
TRACE 1778512,0.00,0.00,0.000
TRACE 1780097,0.00,0.00,0.000
TRACE 1781697,0.00,0.00,0.000
TRACE 1783281,0.00,0.00,0.000
TRACE 1784879,0.00,0.00,0.000
TRACE 1786473,0.00,0.00,0.000
TRACE 1788060,0.00,0.00,0.000
TRACE 1789662,0.00,0.00,0.000
TRACE 1791269,0.00,0.00,0.000
TRACE 1792862,0.00,0.00,0.000
TRACE 1794466,0.00,0.00,0.000
TRACE 1796054,0.00,0.00,0.000
TRACE 1797649,0.00,0.00,0.000
TRACE 1799371,0.00,0.00,0.000
TRACE 1800957,0.00,0.00,0.000
TRACE 1802544,0.00,0.00,0.000
TRACE 1804151,0.00,0.00,0.000
TRACE 1805734,0.00,0.00,0.000
TRACE 1807329,0.00,0.00,0.000
TRACE 1808901,0.00,0.00,0.000
TRACE 1810486,0.00,0.00,0.000
TRACE 1812085,0.00,0.00,0.000
TRACE 1813663,0.00,0.00,0.000
TRACE 1815255,0.00,0.00,0.000
TRACE 1816835,0.00,0.00,0.000
TRACE 1818407,0.00,0.00,0.000
>>> 
HOST arm.nominal = 0
arm.nominal = 0
>>> 
HOST r = arm.move_to(-90, "tuning_umax090")
r = arm.move_to(-90, "tuning_umax090")
RESULT {"loops": 982, "overshoot": 0.0, "t_reach": 1.6309, "type": "move", "t_settle": 1.81, "target": -90, "state": "done", "q": null, "tag": "tuning_umax090", "err": -1.0, "err_rest": -2.0, "ok": true, "max_dt_us": 11145, "t_profile": 1.8, "start": 0.0, "max_track_err": 3.25}
>>> 
HOST arm_test.cmd_trace(arm, [])
arm_test.cmd_trace(arm, [])
TRACE t_us,ref_deg,pos_deg,duty
TRACE 976,-0.00,0.00,-0.430
TRACE 2967,-0.00,0.00,-0.431
TRACE 4803,-0.00,0.00,-0.432
TRACE 6615,-0.00,0.00,-0.433
TRACE 8383,-0.01,0.00,-0.433
TRACE 10164,-0.01,0.00,-0.434
TRACE 11941,-0.01,0.00,-0.435
TRACE 13731,-0.02,0.00,-0.436
TRACE 15524,-0.02,-0.50,0.451
TRACE 17317,-0.03,-0.50,0.450
TRACE 19083,-0.04,-0.50,0.449
TRACE 20839,-0.04,0.00,-0.439
TRACE 22613,-0.05,0.00,-0.440
TRACE 24394,-0.06,0.00,-0.441
TRACE 26192,-0.07,0.00,-0.441
TRACE 27950,-0.08,0.00,-0.475
TRACE 29702,-0.09,0.00,-0.476
TRACE 31432,-0.10,0.00,-0.477
TRACE 33195,-0.11,0.00,-0.445
TRACE 34950,-0.12,0.00,-0.446
TRACE 36710,-0.13,-0.50,0.440
TRACE 38589,-0.15,-1.00,0.486
TRACE 40356,-0.16,-1.00,0.485
TRACE 42133,-0.18,-1.00,0.484
TRACE 43916,-0.19,-0.50,0.435
TRACE 45684,-0.21,0.00,-0.453
TRACE 47452,-0.23,0.00,-0.454
TRACE 49217,-0.24,0.00,-0.487
TRACE 50973,-0.26,0.00,-0.521
TRACE 52747,-0.28,0.00,-0.522
TRACE 54501,-0.30,0.00,-0.523
TRACE 56259,-0.32,0.00,-0.492
TRACE 58036,-0.34,0.00,-0.461
TRACE 59784,-0.36,0.00,-0.462
TRACE 61576,-0.38,-1.00,0.471
TRACE 63352,-0.40,-1.00,0.470
TRACE 65124,-0.42,-1.00,0.468
TRACE 66901,-0.45,-1.00,0.467
TRACE 68688,-0.47,-1.00,0.465
TRACE 70453,-0.50,-1.00,0.464
TRACE 72237,-0.52,-1.00,0.463
TRACE 74008,-0.55,-1.00,-0.443
TRACE 75800,-0.57,0.00,-0.539
TRACE 77560,-0.60,0.00,-0.540
TRACE 79329,-0.63,0.00,-0.542
TRACE 81083,-0.66,0.00,-0.543
TRACE 82857,-0.69,0.00,-0.545
TRACE 84608,-0.72,0.00,-0.547
TRACE 86360,-0.75,0.00,-0.548
TRACE 88119,-0.78,0.00,-0.485
TRACE 89888,-0.81,-0.50,-0.439
TRACE 91695,-0.84,-1.00,0.446
TRACE 93455,-0.87,-1.00,0.445
TRACE 95215,-0.91,-1.00,0.443
TRACE 96996,-0.94,-1.00,0.441
TRACE 98751,-0.98,-1.00,0.440
TRACE 100524,-1.01,-1.00,0.438
TRACE 102302,-1.05,-1.00,-0.436
TRACE 104091,-1.08,-1.00,-0.470
TRACE 105893,-1.12,-1.00,-0.472
TRACE 107679,-1.16,-1.00,-0.474
TRACE 109455,-1.20,-1.00,-0.475
TRACE 111239,-1.24,-1.00,-0.477
TRACE 113020,-1.28,-1.00,-0.479
TRACE 114804,-1.32,-2.00,0.453
TRACE 116584,-1.36,-2.00,0.451
TRACE 118372,-1.40,-2.00,0.449
TRACE 120151,-1.44,-2.00,0.448
TRACE 121906,-1.49,-2.00,0.446
TRACE 123693,-1.53,-2.00,0.444
TRACE 125459,-1.57,-2.00,0.442
TRACE 127334,-1.62,-2.00,-0.464
TRACE 129126,-1.67,-1.00,-0.560
TRACE 130941,-1.71,-1.00,-0.562
TRACE 132730,-1.76,-1.00,-0.564
TRACE 134515,-1.81,-1.00,-0.566
TRACE 136290,-1.86,-1.00,-0.568
TRACE 138079,-1.91,-1.50,-0.524
TRACE 139877,-1.96,-2.00,-0.479
TRACE 141664,-2.01,-2.00,0.423
TRACE 143433,-2.06,-2.50,0.468
TRACE 145228,-2.11,-3.00,0.512
TRACE 146994,-2.16,-3.00,0.510
TRACE 148787,-2.21,-3.00,0.508
TRACE 150557,-2.27,-3.00,0.474
TRACE 152331,-2.32,-3.00,0.440
TRACE 154111,-2.38,-3.00,0.438
TRACE 155877,-2.43,-3.00,-0.437
TRACE 157680,-2.49,-2.00,-0.566
TRACE 159457,-2.54,-2.00,-0.568
TRACE 161255,-2.60,-2.00,-0.570
TRACE 163028,-2.66,-2.00,-0.573
TRACE 164817,-2.72,-2.00,-0.575
TRACE 166619,-2.78,-2.00,-0.577
TRACE 168405,-2.84,-2.00,-0.580
TRACE 170177,-2.90,-2.00,-0.518
TRACE 171964,-2.96,-3.00,-0.427
TRACE 183061,-3.35,-4.00,0.437
TRACE 184867,-3.42,-5.00,0.501
TRACE 186655,-3.48,-5.00,0.498
TRACE 188444,-3.55,-5.00,0.496
TRACE 190212,-3.62,-5.00,0.493
TRACE 192001,-3.69,-5.00,0.490
TRACE 193779,-3.76,-5.00,0.451
TRACE 195559,-3.82,-5.00,0.439
TRACE 197343,-3.89,-5.00,-0.468
TRACE 199147,-3.97,-5.00,-0.471
TRACE 200943,-4.04,-5.00,-0.473
TRACE 202720,-4.11,-5.00,-0.476
TRACE 204500,-4.18,-5.00,-0.479
TRACE 206290,-4.26,-5.00,-0.482
TRACE 208087,-4.33,-5.00,-0.485
TRACE 209871,-4.40,-5.00,-0.488
TRACE 211647,-4.48,-5.00,-0.491
TRACE 213465,-4.56,-6.00,0.440
TRACE 215265,-4.63,-6.00,0.437
TRACE 217041,-4.71,-6.00,0.434
TRACE 218813,-4.79,-6.00,0.431
TRACE 220613,-4.87,-6.50,0.475
TRACE 222403,-4.95,-7.00,0.519
TRACE 224172,-5.03,-7.00,0.516
TRACE 225941,-5.10,-7.00,0.450
TRACE 227704,-5.18,-7.00,0.447
TRACE 229473,-5.27,-6.50,-0.443
TRACE 231258,-5.35,-6.50,-0.447
TRACE 233038,-5.43,-6.00,-0.529
TRACE 234825,-5.51,-6.50,-0.517
TRACE 236609,-5.60,-7.00,-0.473
TRACE 238382,-5.68,-7.00,-0.476
TRACE 240140,-5.77,-7.00,-0.479
TRACE 241933,-5.85,-7.00,-0.451
TRACE 243710,-5.94,-7.00,-0.454
TRACE 245494,-6.03,-7.50,0.462
TRACE 247269,-6.11,-8.00,0.474
TRACE 249043,-6.20,-8.00,0.439
TRACE 250811,-6.29,-8.00,0.435
TRACE 252596,-6.38,-8.00,0.432
TRACE 254371,-6.47,-8.00,0.429
TRACE 256120,-6.56,-8.00,0.425
TRACE 257903,-6.65,-8.00,-0.450
TRACE 259701,-6.74,-8.00,-0.486
TRACE 261496,-6.84,-8.00,-0.489
TRACE 263279,-6.93,-8.00,-0.493
TRACE 265065,-7.03,-8.00,-0.496
TRACE 266859,-7.12,-9.00,0.434
TRACE 268613,-7.22,-9.00,0.431
TRACE 270393,-7.31,-9.00,0.427
TRACE 272176,-7.41,-9.00,0.424
TRACE 273954,-7.51,-9.00,0.420
TRACE 275730,-7.60,-9.00,-0.423
TRACE 277502,-7.70,-8.00,-0.521
TRACE 279286,-7.80,-8.00,-0.589
TRACE 281089,-7.90,-8.00,-0.592
TRACE 282878,-8.00,-8.00,-0.596
TRACE 284666,-8.10,-8.00,-0.600
TRACE 286474,-8.21,-8.50,-0.556
TRACE 288252,-8.31,-9.00,-0.513
TRACE 290036,-8.41,-9.00,-0.453
TRACE 291816,-8.52,-9.00,-0.457
TRACE 293587,-8.62,-9.00,-0.460
TRACE 295367,-8.72,-10.00,0.470
TRACE 297133,-8.83,-10.00,0.467
TRACE 298882,-8.93,-10.00,0.431
TRACE 300649,-9.04,-10.50,0.453
TRACE 302455,-9.15,-10.50,0.449
TRACE 304271,-9.26,-10.50,0.446
TRACE 306097,-9.37,-10.00,-0.445
TRACE 307966,-9.48,-10.00,-0.512
TRACE 309784,-9.59,-10.00,-0.516
TRACE 311610,-9.70,-10.00,-0.519
TRACE 313423,-9.81,-10.00,-0.553
TRACE 315248,-9.91,-10.00,-0.557
TRACE 317076,-10.02,-10.00,-0.560
TRACE 318908,-10.13,-10.00,-0.532
TRACE 320723,-10.24,-10.50,-0.489
TRACE 322543,-10.35,-11.00,-0.446
TRACE 324364,-10.46,-11.00,-0.449
TRACE 326186,-10.57,-11.00,-0.452
TRACE 328014,-10.68,-11.00,-0.456
TRACE 329844,-10.79,-11.50,0.427
TRACE 331662,-10.90,-12.00,0.470
TRACE 333486,-11.01,-12.00,0.436
TRACE 335289,-11.12,-12.00,-0.439
TRACE 337125,-11.23,-12.00,-0.442
TRACE 338972,-11.34,-12.00,-0.446
TRACE 340808,-11.45,-12.50,0.437
TRACE 342622,-11.56,-13.00,0.449
TRACE 344451,-11.67,-13.00,-0.425
TRACE 346266,-11.78,-13.00,-0.429
TRACE 348088,-11.89,-13.00,-0.432
TRACE 349917,-12.00,-13.00,-0.435
TRACE 361039,-12.66,-14.00,0.425
TRACE 362835,-12.77,-14.50,0.437
TRACE 364649,-12.88,-15.00,0.448
TRACE 366469,-12.99,-15.00,0.445
TRACE 368296,-13.10,-15.00,0.442
TRACE 370123,-13.21,-15.00,0.438
TRACE 371943,-13.32,-15.00,0.435
TRACE 373765,-13.43,-15.00,0.422
TRACE 375576,-13.53,-15.00,-0.453
TRACE 377424,-13.65,-15.00,-0.487
TRACE 379264,-13.76,-15.00,-0.491
TRACE 381096,-13.87,-15.00,-0.494
TRACE 382955,-13.98,-15.00,-0.497
TRACE 384815,-14.09,-15.00,-0.501
TRACE 386644,-14.20,-15.00,-0.504
TRACE 388453,-14.31,-15.00,-0.507
TRACE 390285,-14.42,-16.00,0.422
TRACE 392114,-14.53,-16.00,-0.422
TRACE 393935,-14.64,-16.00,-0.425
TRACE 395765,-14.75,-16.00,-0.428
TRACE 397703,-14.86,-16.50,0.454
TRACE 399498,-14.97,-17.00,0.497
TRACE 401309,-15.08,-17.00,0.494
TRACE 403126,-15.19,-17.00,0.429
TRACE 404935,-15.30,-17.00,0.426
TRACE 406744,-15.40,-17.00,0.422
TRACE 408554,-15.51,-17.00,-0.421
TRACE 410390,-15.62,-17.00,-0.455
TRACE 412233,-15.73,-16.50,-0.536
TRACE 414064,-15.84,-16.50,-0.540
TRACE 415887,-15.95,-16.50,-0.543
TRACE 417724,-16.06,-17.00,-0.500
TRACE 419575,-16.17,-17.00,-0.503
TRACE 421413,-16.28,-17.00,-0.507
TRACE 423230,-16.39,-17.00,-0.510
TRACE 425039,-16.50,-17.00,-0.482
TRACE 426871,-16.61,-17.50,-0.439
TRACE 428712,-16.72,-18.00,0.444
TRACE 430530,-16.83,-18.00,-0.430
TRACE 432355,-16.94,-19.00,0.499
TRACE 434151,-17.05,-19.00,0.496
TRACE 435965,-17.16,-19.00,0.493
TRACE 437786,-17.27,-19.00,0.490
TRACE 439594,-17.38,-19.00,0.455
TRACE 441395,-17.48,-19.00,0.421
TRACE 443212,-17.59,-19.00,-0.423
TRACE 445037,-17.70,-18.00,-0.582
TRACE 446858,-17.81,-18.00,-0.585
TRACE 448684,-17.92,-18.00,-0.589
TRACE 450507,-18.03,-18.00,-0.592
TRACE 452370,-18.14,-18.00,-0.595
TRACE 454180,-18.25,-18.00,-0.598
TRACE 456027,-18.36,-19.00,-0.509
TRACE 457867,-18.47,-19.00,-0.450
TRACE 459697,-18.58,-19.00,-0.453
TRACE 461523,-18.69,-19.00,-0.456
TRACE 463352,-18.80,-20.00,0.473
TRACE 465167,-18.91,-20.00,0.470
TRACE 466987,-19.02,-20.50,0.513
TRACE 468797,-19.13,-21.00,0.493
TRACE 470622,-19.24,-21.00,0.490
TRACE 472445,-19.35,-21.00,0.487
TRACE 474257,-19.46,-21.00,0.484
TRACE 476084,-19.57,-20.00,-0.515
TRACE 477911,-19.67,-20.00,-0.518
TRACE 479740,-19.78,-20.00,-0.553
TRACE 481563,-19.89,-20.00,-0.587
TRACE 483502,-20.01,-20.00,-0.590
TRACE 485329,-20.12,-20.00,-0.594
TRACE 487163,-20.23,-20.00,-0.597
TRACE 488995,-20.34,-20.00,-0.538
TRACE 490813,-20.45,-20.50,-0.495
TRACE 492631,-20.56,-21.00,-0.453
TRACE 494450,-20.67,-21.00,-0.456
TRACE 496274,-20.78,-21.00,-0.459
TRACE 498090,-20.89,-22.00,0.471
TRACE 499909,-20.99,-22.00,0.468
TRACE 501730,-21.10,-22.00,0.465
TRACE 503524,-21.21,-23.00,0.523
TRACE 505321,-21.32,-23.00,0.489
TRACE 507122,-21.43,-23.00,0.485
TRACE 508933,-21.54,-23.00,0.482
TRACE 510739,-21.64,-22.50,-0.471
TRACE 512673,-21.76,-22.00,-0.521
TRACE 514483,-21.87,-22.00,-0.524
TRACE 516310,-21.98,-22.00,-0.590
TRACE 518131,-22.09,-22.00,-0.593
TRACE 519970,-22.20,-22.00,-0.596
TRACE 521810,-22.31,-22.00,-0.599
TRACE 523643,-22.42,-22.00,-0.572
TRACE 525467,-22.53,-22.00,-0.544
TRACE 536573,-23.19,-23.00,-0.498
TRACE 538405,-23.30,-24.00,-0.435
TRACE 540254,-23.42,-24.00,-0.438
TRACE 542085,-23.53,-25.00,0.465
TRACE 543912,-23.63,-25.00,0.462
TRACE 545750,-23.75,-25.00,0.458
TRACE 547569,-23.85,-26.00,0.521
TRACE 549411,-23.96,-26.00,0.560
TRACE 551212,-24.07,-26.00,0.495
TRACE 553033,-24.18,-26.00,0.492
TRACE 554866,-24.29,-25.00,-0.507
TRACE 556668,-24.40,-25.00,-0.510
TRACE 558493,-24.51,-25.00,-0.513
TRACE 560326,-24.62,-25.00,-0.579
TRACE 562137,-24.73,-25.00,-0.583
TRACE 563964,-24.84,-25.00,-0.586
TRACE 565804,-24.95,-25.00,-0.589
TRACE 567647,-25.06,-25.00,-0.530
TRACE 569482,-25.17,-25.00,-0.533
TRACE 571302,-25.28,-25.50,-0.490
TRACE 573307,-25.40,-26.00,-0.448
TRACE 575145,-25.51,-26.00,-0.452
TRACE 576964,-25.62,-26.50,0.431
TRACE 578776,-25.73,-27.00,0.474
TRACE 580596,-25.84,-27.00,0.470
TRACE 582405,-25.94,-27.00,0.467
TRACE 584236,-26.05,-27.00,0.433
TRACE 586059,-26.16,-27.00,-0.440
TRACE 587876,-26.27,-27.00,-0.443
TRACE 589706,-26.38,-27.00,-0.478
TRACE 591533,-26.49,-27.00,-0.513
TRACE 593359,-26.60,-27.00,-0.516
TRACE 595223,-26.71,-27.00,-0.519
TRACE 597052,-26.82,-27.00,-0.523
TRACE 598866,-26.93,-27.00,-0.526
TRACE 600657,-27.04,-27.00,-0.529
TRACE 602499,-27.15,-27.00,-0.532
TRACE 604330,-27.26,-27.00,-0.536
TRACE 606141,-27.37,-27.00,-0.539
TRACE 607985,-27.48,-27.50,-0.496
TRACE 609809,-27.59,-28.00,-0.453
TRACE 611626,-27.70,-28.00,-0.456
TRACE 613467,-27.81,-28.50,0.426
TRACE 615298,-27.92,-29.00,0.469
TRACE 617110,-28.03,-29.00,0.466
TRACE 618934,-28.14,-29.00,0.463
TRACE 620743,-28.24,-29.00,0.429
TRACE 622557,-28.35,-29.00,-0.446
TRACE 624380,-28.46,-29.00,-0.449
TRACE 626209,-28.57,-29.00,-0.484
TRACE 628033,-28.68,-29.00,-0.518
TRACE 629857,-28.79,-29.00,-0.522
TRACE 631693,-28.90,-30.00,-0.432
TRACE 633528,-29.01,-30.00,-0.436
TRACE 635354,-29.12,-30.00,-0.439
TRACE 637186,-29.23,-31.00,0.490
TRACE 638994,-29.34,-31.00,0.487
TRACE 640802,-29.45,-31.00,0.484
TRACE 642602,-29.56,-31.00,0.481
TRACE 644399,-29.66,-31.00,-0.425
TRACE 646204,-29.77,-31.00,-0.428
TRACE 648027,-29.88,-31.00,-0.431
TRACE 649841,-29.99,-31.00,-0.498
TRACE 651680,-30.10,-31.00,-0.501
TRACE 653505,-30.21,-31.50,-0.458
TRACE 655348,-30.32,-32.00,0.425
TRACE 657167,-30.43,-32.00,0.422
TRACE 659034,-30.54,-32.00,-0.422
TRACE 660835,-30.65,-32.50,0.461
TRACE 662633,-30.76,-32.50,0.458
TRACE 664438,-30.87,-33.00,0.501
TRACE 666238,-30.97,-32.50,0.421
TRACE 668067,-31.08,-32.50,-0.454
TRACE 669892,-31.19,-32.00,-0.504
TRACE 671709,-31.30,-32.00,-0.507
TRACE 673517,-31.41,-32.00,-0.542
TRACE 675341,-31.52,-32.00,-0.545
TRACE 677169,-31.63,-32.00,-0.580
TRACE 678994,-31.74,-32.00,-0.552
TRACE 680815,-31.85,-32.00,-0.555
TRACE 682617,-31.96,-32.00,-0.527
TRACE 684434,-32.07,-32.00,-0.530
TRACE 686273,-32.18,-32.00,-0.533
TRACE 688212,-32.29,-33.00,-0.445
TRACE 690029,-32.40,-33.00,-0.448
TRACE 691847,-32.51,-33.00,-0.451
TRACE 693690,-32.62,-33.00,-0.455
TRACE 695510,-32.73,-34.00,0.474
TRACE 697317,-32.84,-34.00,0.471
TRACE 699146,-32.95,-34.50,0.514
TRACE 700944,-33.06,-35.00,0.496
TRACE 712043,-33.72,-35.00,0.423
TRACE 713873,-33.83,-35.00,-0.420
TRACE 715700,-33.94,-35.00,-0.424
TRACE 717535,-34.05,-35.00,-0.463
TRACE 719375,-34.16,-35.00,-0.467
TRACE 721218,-34.27,-35.00,-0.488
TRACE 723035,-34.38,-35.00,-0.509
TRACE 724867,-34.49,-35.00,-0.513
TRACE 726699,-34.60,-35.00,-0.516
TRACE 728537,-34.71,-36.00,-0.427
TRACE 730377,-34.82,-36.00,-0.430
TRACE 732226,-34.93,-36.00,-0.434
TRACE 734043,-35.04,-37.00,0.495
TRACE 735877,-35.15,-37.00,0.492
TRACE 737695,-35.26,-37.00,0.489
TRACE 739510,-35.37,-37.00,0.486
TRACE 741329,-35.48,-37.50,0.466
TRACE 743148,-35.59,-37.00,-0.423
TRACE 745002,-35.70,-37.00,-0.426
TRACE 746807,-35.81,-37.00,-0.492
TRACE 748759,-35.93,-37.00,-0.496
TRACE 750585,-36.04,-37.00,-0.499
TRACE 752401,-36.14,-37.00,-0.502
TRACE 754202,-36.25,-37.00,-0.537
TRACE 756047,-36.36,-37.50,-0.463
TRACE 757865,-36.47,-38.00,0.420
TRACE 759695,-36.58,-38.00,-0.423
TRACE 761511,-36.69,-38.00,-0.426
TRACE 763328,-36.80,-38.50,0.457
TRACE 765137,-36.91,-39.00,0.500
TRACE 766960,-37.02,-39.00,0.497
TRACE 768758,-37.13,-39.00,0.463
TRACE 770592,-37.24,-39.00,0.428
TRACE 772406,-37.34,-39.00,0.425
TRACE 774229,-37.45,-39.00,0.421
TRACE 776035,-37.56,-38.00,-0.546
TRACE 777859,-37.67,-38.00,-0.581
TRACE 779706,-37.78,-38.00,-0.584
TRACE 781538,-37.89,-38.00,-0.587
TRACE 783360,-38.00,-38.00,-0.591
TRACE 785166,-38.11,-38.00,-0.594
TRACE 787006,-38.22,-38.50,-0.551
TRACE 788821,-38.33,-39.00,-0.445
TRACE 790619,-38.44,-39.00,-0.448
TRACE 792438,-38.55,-39.00,-0.452
TRACE 794261,-38.66,-39.50,0.432
TRACE 796079,-38.76,-40.00,0.475
TRACE 797904,-38.87,-40.50,0.518
TRACE 799739,-38.98,-41.00,0.530
TRACE 801551,-39.09,-41.00,0.495
TRACE 803348,-39.20,-41.00,0.492
TRACE 805167,-39.31,-41.00,0.488
TRACE 806977,-39.42,-40.00,-0.479
TRACE 808800,-39.53,-40.00,-0.514
TRACE 810645,-39.64,-40.00,-0.549
TRACE 812475,-39.75,-40.00,-0.583
TRACE 814321,-39.86,-40.00,-0.586
TRACE 816132,-39.97,-40.00,-0.590
TRACE 817981,-40.08,-40.00,-0.593
TRACE 819814,-40.19,-40.00,-0.534
TRACE 821635,-40.30,-40.50,-0.491
TRACE 823473,-40.41,-41.00,-0.448
TRACE 825292,-40.52,-41.00,-0.451
TRACE 827125,-40.63,-41.00,-0.454
TRACE 828961,-40.74,-41.00,-0.458
TRACE 830778,-40.85,-42.00,0.472
TRACE 832589,-40.96,-42.00,0.469
TRACE 834520,-41.07,-42.50,0.479
TRACE 836342,-41.18,-43.00,0.491
TRACE 838138,-41.29,-43.00,0.488
TRACE 839971,-41.40,-43.00,0.485
TRACE 841808,-41.51,-43.00,0.481
TRACE 843622,-41.62,-42.00,-0.517
TRACE 845446,-41.73,-42.00,-0.520
TRACE 847252,-41.84,-42.00,-0.554
TRACE 849072,-41.94,-42.00,-0.589
TRACE 850892,-42.05,-42.00,-0.592
TRACE 852714,-42.16,-42.00,-0.596
TRACE 854548,-42.27,-42.00,-0.599
TRACE 856361,-42.38,-42.00,-0.539
TRACE 858202,-42.49,-42.00,-0.543
TRACE 860039,-42.60,-42.00,-0.546
TRACE 861852,-42.71,-42.00,-0.549
TRACE 863788,-42.83,-42.50,-0.507
TRACE 865621,-42.94,-43.00,-0.464
TRACE 867457,-43.05,-43.00,-0.467
TRACE 869271,-43.16,-43.00,-0.471
TRACE 871084,-43.27,-44.00,0.458
TRACE 872918,-43.38,-44.00,0.455
TRACE 874728,-43.48,-44.00,0.452
TRACE 876536,-43.59,-44.50,0.465
TRACE 887601,-44.26,-45.00,-0.433
TRACE 889431,-44.37,-44.50,-0.469
TRACE 891254,-44.48,-44.50,-0.473
TRACE 893091,-44.59,-44.50,-0.512
TRACE 894909,-44.69,-45.00,-0.482
TRACE 896745,-44.80,-45.00,-0.486
TRACE 898566,-44.91,-45.00,-0.507
TRACE 900418,-45.03,-45.00,-0.529
TRACE 902239,-45.13,-45.50,-0.455
TRACE 904065,-45.24,-46.00,0.428
TRACE 905905,-45.35,-46.00,0.425
TRACE 907733,-45.46,-47.00,0.483
TRACE 909541,-45.57,-47.00,0.480
TRACE 911356,-45.68,-47.00,0.477
TRACE 913178,-45.79,-47.00,0.474
TRACE 914976,-45.90,-47.00,0.439
TRACE 916771,-46.01,-47.00,-0.435
TRACE 918610,-46.12,-47.00,-0.439
TRACE 920419,-46.23,-47.00,-0.505
TRACE 922259,-46.34,-46.50,-0.555
TRACE 924223,-46.45,-47.00,-0.512
TRACE 926048,-46.56,-47.00,-0.515
TRACE 927846,-46.67,-47.00,-0.518
TRACE 929665,-46.78,-47.00,-0.521
TRACE 931487,-46.89,-47.00,-0.525
TRACE 933301,-47.00,-47.00,-0.528
TRACE 935138,-47.11,-47.50,-0.454
TRACE 936966,-47.22,-48.00,-0.442
TRACE 938776,-47.33,-48.00,-0.445
TRACE 940595,-47.44,-48.50,0.438
TRACE 942417,-47.55,-49.00,0.481
TRACE 944216,-47.65,-49.00,0.478
TRACE 946050,-47.76,-49.00,0.475
TRACE 947861,-47.87,-49.00,0.440
TRACE 949693,-47.98,-49.00,-0.435
TRACE 951512,-48.09,-49.00,-0.438
TRACE 953338,-48.20,-49.00,-0.473
TRACE 955188,-48.31,-49.00,-0.507
TRACE 957042,-48.42,-49.00,-0.511
TRACE 958858,-48.53,-49.50,-0.468
TRACE 960687,-48.64,-50.00,-0.425
TRACE 962511,-48.75,-50.00,-0.428
TRACE 964340,-48.86,-50.00,-0.431
TRACE 966171,-48.97,-51.00,0.498
TRACE 967982,-49.08,-51.00,0.495
TRACE 969801,-49.19,-51.00,0.492
TRACE 971611,-49.30,-51.00,0.457
TRACE 973419,-49.41,-51.00,0.423
TRACE 975229,-49.51,-51.00,-0.421
TRACE 977041,-49.62,-51.00,-0.424
TRACE 978883,-49.73,-51.00,-0.490
TRACE 980712,-49.84,-51.00,-0.493
TRACE 982528,-49.95,-51.50,-0.450
TRACE 984356,-50.06,-52.00,0.433
TRACE 986187,-50.17,-52.00,0.430
TRACE 988006,-50.28,-52.00,0.426
TRACE 989811,-50.39,-52.00,0.423
TRACE 991634,-50.50,-52.00,-0.420
TRACE 993467,-50.61,-52.00,-0.424
TRACE 995270,-50.72,-52.00,-0.458
TRACE 997113,-50.83,-52.00,-0.493
TRACE 998963,-50.94,-52.00,-0.496
TRACE 1000776,-51.05,-52.00,-0.499
TRACE 1002609,-51.16,-52.00,-0.503
TRACE 1004428,-51.27,-52.00,-0.506
TRACE 1006257,-51.38,-52.00,-0.509
TRACE 1008066,-51.48,-52.00,-0.513
TRACE 1009999,-51.60,-52.00,-0.516
TRACE 1011828,-51.71,-52.50,-0.473
TRACE 1013639,-51.82,-53.00,-0.430
TRACE 1015461,-51.93,-53.00,-0.434
TRACE 1017289,-52.04,-53.00,-0.437
TRACE 1019129,-52.15,-53.50,0.446
TRACE 1020953,-52.26,-54.00,0.488
TRACE 1022752,-52.37,-54.00,0.487
TRACE 1024542,-52.47,-54.00,0.452
TRACE 1026368,-52.58,-54.00,-0.423
TRACE 1028207,-52.69,-54.00,-0.426
TRACE 1030045,-52.80,-54.00,-0.429
TRACE 1031861,-52.91,-54.00,-0.464
TRACE 1033691,-53.02,-54.50,-0.452
TRACE 1035514,-53.13,-55.00,0.431
TRACE 1037323,-53.24,-55.00,0.427
TRACE 1039210,-53.35,-55.00,0.424
TRACE 1041027,-53.46,-55.00,0.421
TRACE 1042861,-53.57,-55.00,-0.423
TRACE 1044686,-53.68,-55.00,-0.426
TRACE 1046522,-53.79,-55.00,-0.461
TRACE 1048334,-53.90,-55.00,-0.495
TRACE 1050150,-54.01,-55.00,-0.498
TRACE 1051972,-54.12,-55.00,-0.502
TRACE 1053807,-54.23,-55.00,-0.505
TRACE 1064941,-54.90,-56.00,-0.459
TRACE 1066781,-55.01,-56.00,-0.462
TRACE 1068632,-55.12,-56.50,-0.432
TRACE 1070458,-55.23,-57.00,0.437
TRACE 1072281,-55.34,-57.00,0.434
TRACE 1074113,-55.45,-57.00,0.431
TRACE 1075935,-55.56,-57.00,0.428
TRACE 1077747,-55.66,-57.00,-0.425
TRACE 1079586,-55.78,-57.00,-0.429
TRACE 1081420,-55.89,-57.00,-0.463
TRACE 1083235,-55.99,-57.00,-0.498
TRACE 1085059,-56.10,-57.00,-0.501
TRACE 1086930,-56.22,-57.50,-0.458
TRACE 1088759,-56.33,-58.00,0.425
TRACE 1090572,-56.43,-58.00,0.421
TRACE 1092385,-56.54,-58.00,-0.422
TRACE 1094229,-56.65,-58.50,0.461
TRACE 1096040,-56.76,-59.00,0.504
TRACE 1097850,-56.87,-59.00,0.501
TRACE 1099671,-56.98,-59.00,0.467
TRACE 1101544,-57.09,-59.00,0.432
TRACE 1103372,-57.20,-58.00,-0.504
TRACE 1105221,-57.31,-58.00,-0.507
TRACE 1107043,-57.42,-58.00,-0.542
TRACE 1108860,-57.53,-58.00,-0.576
TRACE 1110710,-57.64,-58.00,-0.579
TRACE 1112530,-57.75,-58.00,-0.583
TRACE 1114348,-57.86,-59.00,-0.494
TRACE 1116169,-57.97,-59.00,-0.435
TRACE 1117988,-58.08,-59.00,-0.438
TRACE 1119830,-58.19,-59.00,-0.441
TRACE 1121764,-58.31,-59.50,0.441
TRACE 1123597,-58.42,-60.00,0.484
TRACE 1125407,-58.52,-60.00,0.481
TRACE 1127230,-58.63,-60.50,0.461
TRACE 1129066,-58.74,-61.00,0.504
TRACE 1130894,-58.85,-60.50,0.454
TRACE 1132697,-58.96,-60.00,-0.435
TRACE 1134514,-59.07,-60.00,-0.469
TRACE 1136344,-59.18,-60.00,-0.503
TRACE 1138159,-59.29,-60.00,-0.507
TRACE 1139979,-59.40,-60.00,-0.541
TRACE 1141801,-59.51,-60.00,-0.576
TRACE 1143639,-59.62,-60.00,-0.548
TRACE 1145448,-59.73,-60.00,-0.520
TRACE 1147262,-59.84,-60.50,-0.477
TRACE 1149095,-59.95,-61.00,-0.434
TRACE 1150910,-60.05,-61.00,-0.437
TRACE 1152750,-60.17,-61.00,-0.440
TRACE 1154564,-60.27,-61.00,-0.444
TRACE 1156374,-60.38,-61.00,-0.447
TRACE 1158212,-60.49,-62.00,0.483
TRACE 1160021,-60.60,-62.00,0.448
TRACE 1161818,-60.71,-62.00,-0.426
TRACE 1163634,-60.82,-62.50,0.457
TRACE 1165449,-60.93,-63.00,0.500
TRACE 1167264,-61.04,-63.00,0.497
TRACE 1169069,-61.14,-63.00,0.494
TRACE 1170881,-61.25,-63.00,0.428
TRACE 1172700,-61.36,-63.00,0.424
TRACE 1174505,-61.47,-62.00,-0.512
TRACE 1176349,-61.58,-62.00,-0.547
TRACE 1178183,-61.69,-62.00,-0.582
TRACE 1180013,-61.80,-62.00,-0.585
TRACE 1181843,-61.91,-62.00,-0.588
TRACE 1183686,-62.02,-62.00,-0.591
TRACE 1185537,-62.13,-62.00,-0.594
TRACE 1187399,-62.24,-62.00,-0.535
TRACE 1189223,-62.35,-62.00,-0.539
TRACE 1191045,-62.46,-62.00,-0.542
TRACE 1192867,-62.57,-62.00,-0.545
TRACE 1194689,-62.68,-63.00,-0.456
TRACE 1196517,-62.79,-63.00,-0.459
TRACE 1198328,-62.90,-63.00,-0.462
TRACE 1200143,-63.01,-63.00,-0.465
TRACE 1201978,-63.12,-64.00,0.464
TRACE 1203783,-63.23,-64.00,0.461
TRACE 1205605,-63.34,-64.50,0.504
TRACE 1207421,-63.45,-65.00,0.484
TRACE 1209228,-63.55,-65.00,0.481
TRACE 1211012,-63.66,-65.00,0.478
TRACE 1212838,-63.77,-65.00,0.475
TRACE 1214640,-63.88,-65.00,-0.431
TRACE 1216496,-63.99,-65.00,-0.435
TRACE 1218315,-64.10,-65.00,-0.469
TRACE 1220125,-64.21,-65.00,-0.504
TRACE 1221963,-64.32,-65.00,-0.508
TRACE 1223774,-64.43,-65.00,-0.511
TRACE 1225612,-64.54,-65.00,-0.514
TRACE 1227414,-64.64,-65.50,-0.471
TRACE 1229242,-64.75,-66.00,-0.428
TRACE 1240329,-65.42,-67.50,0.465
TRACE 1242152,-65.53,-68.00,0.495
TRACE 1243978,-65.64,-68.00,0.492
TRACE 1245797,-65.75,-69.00,0.555
TRACE 1247645,-65.86,-69.00,0.551
TRACE 1249465,-65.97,-69.00,0.530
TRACE 1251292,-66.08,-69.00,0.509
TRACE 1253151,-66.19,-69.00,0.490
TRACE 1254972,-66.30,-68.00,-0.477
TRACE 1256791,-66.41,-68.00,-0.480
TRACE 1258609,-66.52,-68.00,-0.546
TRACE 1260457,-66.63,-68.00,-0.549
TRACE 1262321,-66.74,-68.00,-0.552
TRACE 1264150,-66.85,-68.00,-0.556
TRACE 1265966,-66.96,-68.00,-0.559
TRACE 1267798,-67.07,-69.00,0.432
TRACE 1269616,-67.18,-69.00,0.429
TRACE 1271444,-67.29,-69.00,0.426
TRACE 1273263,-67.40,-69.00,0.423
TRACE 1275064,-67.50,-69.00,-0.420
TRACE 1277044,-67.62,-69.00,-0.425
TRACE 1278864,-67.73,-69.00,-0.428
TRACE 1280694,-67.84,-69.00,-0.493
TRACE 1282517,-67.95,-69.50,-0.451
TRACE 1284362,-68.06,-70.00,0.432
TRACE 1286159,-68.17,-70.00,0.429
TRACE 1287968,-68.28,-70.00,0.426
TRACE 1289791,-68.39,-70.50,0.470
TRACE 1291621,-68.50,-70.50,0.466
TRACE 1293461,-68.61,-70.50,0.463
TRACE 1295286,-68.72,-70.00,-0.458
TRACE 1297137,-68.83,-70.00,-0.493
TRACE 1298972,-68.94,-70.00,-0.496
TRACE 1300787,-69.05,-70.00,-0.499
TRACE 1302617,-69.16,-70.00,-0.534
TRACE 1304436,-69.27,-70.00,-0.537
TRACE 1306257,-69.38,-70.00,-0.541
TRACE 1308112,-69.49,-70.00,-0.513
TRACE 1309954,-69.60,-70.50,-0.470
TRACE 1311789,-69.71,-71.00,-0.427
TRACE 1313631,-69.82,-71.00,-0.430
TRACE 1315445,-69.93,-71.00,-0.433
TRACE 1317248,-70.03,-71.00,-0.437
TRACE 1319062,-70.14,-72.00,0.493
TRACE 1320892,-70.25,-72.00,0.490
TRACE 1322681,-70.36,-72.50,0.502
TRACE 1324489,-70.47,-73.00,0.514
TRACE 1326306,-70.58,-73.00,0.511
TRACE 1328110,-70.69,-73.00,0.508
TRACE 1329914,-70.79,-72.50,0.458
TRACE 1331720,-70.90,-72.00,-0.495
TRACE 1333540,-71.01,-72.00,-0.498
TRACE 1335353,-71.12,-72.00,-0.533
TRACE 1337176,-71.23,-72.00,-0.568
TRACE 1338994,-71.34,-71.50,-0.618
TRACE 1340803,-71.45,-71.50,-0.621
TRACE 1342650,-71.56,-72.00,-0.546
TRACE 1344485,-71.67,-72.00,-0.518
TRACE 1346321,-71.78,-72.00,-0.521
TRACE 1348146,-71.89,-72.00,-0.525
TRACE 1349962,-72.00,-72.00,-0.528
TRACE 1351798,-72.11,-73.00,0.432
TRACE 1353596,-72.22,-73.00,0.429
TRACE 1355416,-72.32,-73.00,-0.445
TRACE 1357250,-72.44,-73.00,-0.448
TRACE 1359074,-72.54,-73.50,0.435
TRACE 1360890,-72.65,-74.00,0.478
TRACE 1362763,-72.77,-74.00,0.474
TRACE 1364560,-72.87,-74.00,-0.432
TRACE 1366370,-72.98,-74.00,-0.435
TRACE 1368206,-73.09,-74.00,-0.438
TRACE 1370043,-73.20,-74.00,-0.442
TRACE 1371869,-73.31,-74.00,-0.476
TRACE 1373698,-73.42,-74.00,-0.511
TRACE 1375502,-73.53,-74.00,-0.514
TRACE 1377326,-73.64,-74.00,-0.517
TRACE 1379142,-73.75,-74.00,-0.520
TRACE 1380959,-73.86,-74.00,-0.524
TRACE 1382777,-73.97,-74.00,-0.527
TRACE 1384618,-74.08,-74.00,-0.530
TRACE 1386453,-74.19,-74.00,-0.534
TRACE 1388286,-74.30,-74.00,-0.537
TRACE 1390115,-74.41,-74.50,-0.494
TRACE 1391979,-74.52,-75.00,-0.451
TRACE 1393802,-74.63,-75.00,-0.455
TRACE 1395624,-74.74,-75.00,-0.458
TRACE 1397445,-74.85,-76.00,0.471
TRACE 1399262,-74.96,-76.00,0.468
TRACE 1401071,-75.06,-76.50,0.512
TRACE 1402878,-75.17,-77.00,0.524
TRACE 1404690,-75.28,-77.00,0.489
TRACE 1415788,-75.95,-76.00,-0.490
TRACE 1417605,-76.06,-76.00,-0.493
TRACE 1419435,-76.17,-76.00,-0.533
TRACE 1421305,-76.28,-76.00,-0.536
TRACE 1423152,-76.39,-76.00,-0.558
TRACE 1424986,-76.50,-76.00,-0.579
TRACE 1426825,-76.61,-76.00,-0.582
TRACE 1428680,-76.72,-77.00,-0.458
TRACE 1430517,-76.83,-77.00,-0.461
TRACE 1432364,-76.94,-77.00,-0.464
TRACE 1434189,-77.05,-77.50,-0.421
TRACE 1435997,-77.16,-78.00,0.462
TRACE 1437809,-77.27,-78.00,0.459
TRACE 1439659,-77.38,-79.00,0.548
TRACE 1441472,-77.49,-79.00,0.482
TRACE 1443289,-77.60,-79.00,0.479
TRACE 1445084,-77.71,-79.00,0.477
TRACE 1446907,-77.81,-79.00,0.442
TRACE 1448718,-77.92,-79.00,-0.433
TRACE 1450517,-78.03,-79.00,-0.436
TRACE 1452528,-78.15,-78.50,-0.549
TRACE 1454333,-78.26,-78.00,-0.598
TRACE 1456168,-78.37,-78.00,-0.601
TRACE 1457997,-78.48,-78.00,-0.604
TRACE 1459830,-78.59,-78.00,-0.608
TRACE 1461655,-78.70,-79.00,-0.519
TRACE 1463490,-78.81,-79.00,-0.522
TRACE 1465320,-78.92,-79.00,-0.494
TRACE 1467149,-79.03,-79.00,-0.466
TRACE 1468989,-79.14,-79.00,-0.470
TRACE 1470812,-79.25,-80.00,0.459
TRACE 1472647,-79.36,-80.00,0.456
TRACE 1474464,-79.47,-80.50,0.437
TRACE 1476289,-79.58,-81.00,0.480
TRACE 1478072,-79.68,-81.00,0.477
TRACE 1479878,-79.79,-81.00,0.474
TRACE 1481705,-79.90,-81.00,0.471
TRACE 1483525,-80.01,-80.50,-0.482
TRACE 1485355,-80.12,-80.00,-0.532
TRACE 1487166,-80.23,-80.00,-0.566
TRACE 1488995,-80.34,-80.00,-0.601
TRACE 1490808,-80.45,-80.00,-0.604
TRACE 1492635,-80.56,-80.00,-0.607
TRACE 1494460,-80.67,-80.00,-0.611
TRACE 1496297,-80.78,-80.00,-0.583
TRACE 1498123,-80.89,-80.50,-0.508
TRACE 1499966,-81.00,-81.00,-0.465
TRACE 1501778,-81.11,-81.00,-0.458
TRACE 1503658,-81.22,-81.00,-0.461
TRACE 1505569,-81.33,-82.00,0.468
TRACE 1507459,-81.44,-82.00,0.465
TRACE 1509330,-81.55,-82.50,0.507
TRACE 1511204,-81.66,-83.00,0.519
TRACE 1513088,-81.77,-83.00,0.486
TRACE 1514954,-81.87,-83.00,0.483
TRACE 1516831,-81.98,-83.00,0.480
TRACE 1518717,-82.09,-82.50,-0.468
TRACE 1520609,-82.19,-82.00,-0.516
TRACE 1522504,-82.30,-82.00,-0.549
TRACE 1524434,-82.41,-82.00,-0.582
TRACE 1526333,-82.51,-82.00,-0.584
TRACE 1528233,-82.61,-82.00,-0.587
TRACE 1530128,-82.72,-82.00,-0.589
TRACE 1532031,-82.82,-82.00,-0.561
TRACE 1533940,-82.92,-82.00,-0.533
TRACE 1535970,-83.03,-82.00,-0.536
TRACE 1537875,-83.13,-82.00,-0.538
TRACE 1539759,-83.23,-83.00,-0.451
TRACE 1541658,-83.33,-83.00,-0.453
TRACE 1543574,-83.42,-83.00,-0.456
TRACE 1545473,-83.52,-83.50,0.427
TRACE 1547338,-83.62,-84.00,0.470
TRACE 1549238,-83.71,-84.00,0.469
TRACE 1551101,-83.80,-84.00,0.467
TRACE 1552991,-83.90,-84.50,0.450
TRACE 1554875,-83.99,-84.50,0.448
TRACE 1556781,-84.08,-84.00,-0.440
TRACE 1558690,-84.18,-84.00,-0.472
TRACE 1560579,-84.27,-84.00,-0.504
TRACE 1562476,-84.36,-84.00,-0.506
TRACE 1564458,-84.45,-84.00,-0.508
TRACE 1566332,-84.54,-84.50,-0.495
TRACE 1568225,-84.63,-85.00,-0.452
TRACE 1570124,-84.72,-85.00,-0.424
TRACE 1572024,-84.80,-85.00,-0.426
TRACE 1573911,-84.89,-85.50,0.457
TRACE 1575807,-84.97,-86.00,0.500
TRACE 1586952,-85.46,-86.00,0.441
TRACE 1588873,-85.54,-86.00,0.421
TRACE 1590778,-85.62,-86.00,-0.439
TRACE 1592671,-85.70,-86.00,-0.440
TRACE 1594592,-85.78,-86.00,-0.442
TRACE 1596512,-85.86,-86.00,-0.461
TRACE 1598415,-85.94,-86.00,-0.481
TRACE 1600328,-86.01,-87.00,0.448
TRACE 1602201,-86.09,-87.00,0.446
TRACE 1604114,-86.16,-87.00,0.445
TRACE 1605993,-86.24,-87.00,0.443
TRACE 1607878,-86.31,-87.00,0.442
TRACE 1609812,-86.38,-87.00,0.440
TRACE 1611729,-86.46,-87.00,0.439
TRACE 1613611,-86.53,-87.00,-0.463
TRACE 1615508,-86.60,-86.00,-0.554
TRACE 1617416,-86.67,-86.00,-0.556
TRACE 1619345,-86.74,-86.00,-0.557
TRACE 1621249,-86.80,-86.00,-0.558
TRACE 1623325,-86.88,-87.00,-0.470
TRACE 1625210,-86.94,-87.00,-0.471
TRACE 1627082,-87.01,-87.00,-0.473
TRACE 1628974,-87.08,-87.00,0.426
TRACE 1630857,-87.14,-88.00,0.514
TRACE 1632767,-87.20,-88.00,0.513
TRACE 1634681,-87.27,-88.00,0.512
TRACE 1636572,-87.33,-88.00,0.452
TRACE 1638496,-87.39,-88.00,0.450
TRACE 1640402,-87.45,-88.00,0.449
TRACE 1642353,-87.51,-88.00,0.448
TRACE 1644303,-87.58,-88.00,-0.453
TRACE 1646254,-87.64,-88.00,-0.454
TRACE 1648187,-87.70,-88.00,-0.456
TRACE 1650113,-87.75,-88.00,-0.457
TRACE 1652043,-87.81,-88.00,-0.458
TRACE 1653973,-87.87,-88.50,0.426
TRACE 1655902,-87.92,-89.00,0.049
TRACE 1657741,-87.98,-89.00,0.049
TRACE 1659592,-88.03,-89.00,0.049
TRACE 1661449,-88.08,-89.00,0.048
TRACE 1663300,-88.13,-89.00,0.048
TRACE 1665162,-88.18,-89.00,0.047
TRACE 1667014,-88.23,-89.00,0.016
TRACE 1668895,-88.28,-88.50,-0.481
TRACE 1670821,-88.33,-88.00,-0.528
TRACE 1672739,-88.38,-88.00,-0.528
TRACE 1674676,-88.43,-88.00,-0.528
TRACE 1676614,-88.48,-88.50,-0.484
TRACE 1678566,-88.53,-89.00,-0.019
TRACE 1680433,-88.57,-89.00,-0.020
TRACE 1682323,-88.62,-89.00,0.009
TRACE 1684191,-88.66,-89.00,0.038
TRACE 1686052,-88.70,-89.00,0.038
TRACE 1687900,-88.74,-89.00,0.038
TRACE 1689743,-88.78,-89.00,0.007
TRACE 1691623,-88.83,-89.00,-0.024
TRACE 1693492,-88.87,-89.00,-0.024
TRACE 1695365,-88.91,-89.00,-0.025
TRACE 1697236,-88.94,-88.50,-0.491
TRACE 1699166,-88.98,-88.50,-0.491
TRACE 1701094,-89.02,-88.00,-0.537
TRACE 1703021,-89.06,-88.50,-0.492
TRACE 1705062,-89.10,-88.50,-0.492
TRACE 1706991,-89.13,-89.00,-0.028
TRACE 1708859,-89.17,-89.00,-0.028
TRACE 1710737,-89.20,-89.00,0.001
TRACE 1712607,-89.24,-89.00,0.001
TRACE 1714487,-89.27,-89.00,0.031
TRACE 1716347,-89.30,-89.00,0.001
TRACE 1718235,-89.33,-89.00,0.001
TRACE 1720102,-89.36,-89.00,-0.030
TRACE 1721984,-89.39,-89.00,-0.030
TRACE 1723863,-89.42,-89.00,-0.030
TRACE 1725744,-89.45,-88.50,-0.496
TRACE 1727670,-89.48,-88.00,-0.541
TRACE 1729596,-89.50,-88.00,-0.541
TRACE 1731507,-89.53,-88.50,-0.496
TRACE 1733491,-89.56,-88.50,-0.496
TRACE 1735429,-89.58,-89.00,-0.031
TRACE 1737315,-89.61,-89.00,-0.031
TRACE 1739209,-89.63,-89.00,-0.001
TRACE 1741092,-89.65,-89.00,0.029
TRACE 1742952,-89.67,-89.00,0.029
TRACE 1744815,-89.70,-89.00,-0.001
TRACE 1755954,-89.81,-89.00,-0.012
TRACE 1757850,-89.82,-88.50,-0.483
TRACE 1759805,-89.84,-88.00,-0.515
TRACE 1761767,-89.85,-88.00,-0.515
TRACE 1763709,-89.87,-88.00,-0.514
TRACE 1765664,-89.88,-88.50,-0.481
TRACE 1767616,-89.90,-89.00,-0.029
TRACE 1769531,-89.91,-89.00,-0.028
TRACE 1771401,-89.92,-89.00,0.002
TRACE 1773314,-89.93,-89.00,0.032
TRACE 1775165,-89.94,-89.00,0.033
TRACE 1777015,-89.95,-89.00,0.033
TRACE 1778889,-89.96,-89.00,0.004
TRACE 1780768,-89.96,-89.00,-0.026
TRACE 1782640,-89.97,-89.00,-0.025
TRACE 1784520,-89.98,-89.00,-0.025
TRACE 1786410,-89.98,-89.00,-0.024
TRACE 1788304,-89.99,-89.00,-0.024
TRACE 1790196,-89.99,-89.00,-0.023
TRACE 1792102,-89.99,-88.50,-0.488
TRACE 1794053,-90.00,-88.00,-0.532
TRACE 1795976,-90.00,-88.00,-0.531
TRACE 1797902,-90.00,-88.50,-0.486
TRACE 1799850,-90.00,-88.50,-0.485
TRACE 1801787,-90.00,-89.00,-0.030
TRACE 1803438,-90.00,-89.00,-0.030
TRACE 1805108,-90.00,-89.00,0.001
TRACE 1806762,-90.00,-89.00,0.033
TRACE 1808397,-90.00,-89.00,0.034
TRACE 1810031,-90.00,-89.00,0.003
TRACE 1811692,-90.00,-89.00,0.004
TRACE 1813433,-90.00,-89.00,-0.030
TRACE 1815104,-90.00,-89.00,-0.030
TRACE 1816764,-90.00,-89.00,-0.030
TRACE 1818408,-90.00,-89.00,-0.030
TRACE 1820075,-90.00,-89.00,-0.030
TRACE 1821723,-90.00,-89.00,-0.030
TRACE 1823355,-90.00,-88.50,-0.499
TRACE 1825069,-90.00,-88.50,-0.499
TRACE 1826799,-90.00,-88.50,-0.499
TRACE 1828540,-90.00,-88.50,-0.499
TRACE 1830252,-90.00,-88.50,-0.499
TRACE 1832010,-90.00,-89.00,-0.030
TRACE 1833636,-90.00,-89.00,-0.030
TRACE 1835267,-90.00,-89.00,0.004
TRACE 1836927,-90.00,-89.00,0.004
TRACE 1838570,-90.00,-89.00,0.004
TRACE 1840205,-90.00,-89.00,0.004
TRACE 1841860,-90.00,-89.00,0.004
TRACE 1843492,-90.00,-89.00,-0.030
TRACE 1845122,-90.00,-89.00,-0.030
TRACE 1846764,-90.00,-89.00,-0.030
TRACE 1848391,-90.00,-88.50,-0.500
TRACE 1850107,-90.00,-88.00,-0.549
TRACE 1851780,-90.00,-88.00,-0.549
TRACE 1853450,-90.00,-88.50,-0.500
TRACE 1855157,-90.00,-88.50,-0.499
TRACE 1856872,-90.00,-89.00,-0.030
TRACE 1858511,-90.00,-89.00,-0.030
TRACE 1860143,-90.00,-89.00,0.004
TRACE 1861790,-90.00,-89.00,0.038
TRACE 1863403,-90.00,-89.00,0.039
TRACE 1865029,-90.00,-89.00,0.005
TRACE 1866664,-90.00,-89.00,0.005
TRACE 1868302,-90.00,-89.00,-0.030
TRACE 1869946,-90.00,-89.00,-0.030
TRACE 1871592,-90.00,-89.00,-0.030
TRACE 1873222,-90.00,-89.00,-0.030
TRACE 1874845,-90.00,-88.50,-0.500
TRACE 1876540,-90.00,-88.50,-0.500
TRACE 1878232,-90.00,-88.00,-0.549
TRACE 1879932,-90.00,-88.00,-0.549
TRACE 1881611,-90.00,-88.50,-0.499
>>> 
HOST arm.nominal = -90
arm.nominal = -90
>>> 
HOST r = arm.move_to(0, "tuning_umax090")
r = arm.move_to(0, "tuning_umax090")
RESULT {"loops": 952, "overshoot": 0.0, "t_reach": 1.5992, "type": "move", "t_settle": 1.644, "target": 0, "state": "done", "q": null, "tag": "tuning_umax090", "err": 0.0, "err_rest": 0.0, "ok": true, "max_dt_us": 11136, "t_profile": 1.7667, "start": -88.0, "max_track_err": 2.75}
>>> 
HOST arm_test.cmd_trace(arm, [])
arm_test.cmd_trace(arm, [])
TRACE t_us,ref_deg,pos_deg,duty
TRACE 958,-88.00,-88.00,0.430
TRACE 2901,-88.00,-88.00,0.431
TRACE 4727,-88.00,-88.00,0.432
TRACE 6524,-88.00,-88.00,0.432
TRACE 8315,-87.99,-88.00,0.433
TRACE 10125,-87.99,-88.00,0.434
TRACE 11905,-87.99,-88.00,0.435
TRACE 13697,-87.98,-88.00,0.435
TRACE 15478,-87.98,-88.00,0.436
TRACE 17269,-87.97,-88.00,0.437
TRACE 19050,-87.96,-88.00,0.438
TRACE 20819,-87.96,-88.00,0.439
TRACE 22594,-87.95,-88.00,0.440
TRACE 24364,-87.94,-88.00,0.441
TRACE 26169,-87.93,-88.00,0.441
TRACE 27946,-87.92,-88.00,0.442
TRACE 29724,-87.91,-88.00,0.443
TRACE 31495,-87.90,-88.00,0.444
TRACE 33269,-87.89,-88.00,0.445
TRACE 35056,-87.88,-88.00,0.446
TRACE 36813,-87.86,-88.00,0.447
TRACE 38594,-87.85,-88.00,0.448
TRACE 40500,-87.84,-88.00,0.450
TRACE 42285,-87.82,-88.00,0.451
TRACE 44042,-87.81,-88.00,0.452
TRACE 45814,-87.79,-88.00,0.453
TRACE 47596,-87.77,-88.00,0.454
TRACE 49377,-87.76,-88.00,0.455
TRACE 51166,-87.74,-88.00,0.456
TRACE 52934,-87.72,-88.00,0.457
TRACE 54717,-87.70,-88.00,0.459
TRACE 56498,-87.68,-88.00,0.460
TRACE 58242,-87.66,-88.00,0.461
TRACE 60017,-87.64,-88.00,0.462
TRACE 61787,-87.62,-88.00,0.464
TRACE 63669,-87.59,-88.00,0.465
TRACE 65451,-87.57,-88.00,0.466
TRACE 67224,-87.55,-88.00,0.468
TRACE 68998,-87.52,-88.00,0.469
TRACE 70794,-87.50,-88.00,0.471
TRACE 72555,-87.47,-88.00,0.472
TRACE 74309,-87.45,-88.00,0.473
TRACE 76091,-87.42,-88.00,0.475
TRACE 77868,-87.39,-88.00,0.476
TRACE 79660,-87.37,-88.00,0.478
TRACE 81439,-87.34,-88.00,0.479
TRACE 83207,-87.31,-88.00,0.481
TRACE 85008,-87.28,-88.00,0.482
TRACE 86763,-87.25,-88.00,0.484
TRACE 88528,-87.22,-88.00,0.485
TRACE 90328,-87.18,-88.00,0.487
TRACE 92098,-87.15,-88.00,0.489
TRACE 93869,-87.12,-88.00,0.490
TRACE 95624,-87.09,-88.00,0.492
TRACE 97397,-87.05,-88.00,0.494
TRACE 99170,-87.02,-88.00,0.495
TRACE 100947,-86.98,-88.00,0.497
TRACE 102713,-86.95,-88.00,0.499
TRACE 104500,-86.91,-88.00,0.500
TRACE 106263,-86.87,-88.00,0.502
TRACE 108031,-86.83,-88.00,0.504
TRACE 109817,-86.79,-88.00,0.506
TRACE 111589,-86.75,-88.00,0.508
TRACE 113373,-86.71,-88.00,0.509
TRACE 115146,-86.67,-88.00,0.511
TRACE 116920,-86.63,-88.00,0.513
TRACE 118697,-86.59,-88.00,0.515
TRACE 120452,-86.55,-88.00,0.517
TRACE 122233,-86.51,-88.00,0.519
TRACE 124015,-86.46,-88.00,0.521
TRACE 125782,-86.42,-88.00,0.523
TRACE 127572,-86.37,-88.00,0.525
TRACE 129353,-86.33,-88.00,0.527
TRACE 131130,-86.28,-88.00,0.529
TRACE 132921,-86.23,-88.00,0.531
TRACE 134721,-86.19,-88.00,0.533
TRACE 136489,-86.14,-88.00,0.535
TRACE 138267,-86.09,-88.00,0.537
TRACE 140053,-86.04,-88.00,0.539
TRACE 141844,-85.99,-88.00,0.541
TRACE 143605,-85.94,-88.00,0.544
TRACE 145368,-85.89,-88.00,0.546
TRACE 147139,-85.84,-88.00,0.548
TRACE 148914,-85.78,-88.00,0.550
TRACE 150706,-85.73,-88.00,0.552
TRACE 152476,-85.68,-88.00,0.555
TRACE 154247,-85.62,-88.00,0.557
TRACE 156022,-85.57,-88.00,0.559
TRACE 157807,-85.51,-88.00,0.562
TRACE 159566,-85.45,-87.50,0.517
TRACE 161328,-85.40,-87.00,0.472
TRACE 163231,-85.34,-87.00,0.475
TRACE 164996,-85.28,-87.00,0.477
TRACE 166776,-85.22,-87.00,0.480
TRACE 168532,-85.16,-86.00,-0.452
TRACE 170310,-85.10,-86.00,-0.450
TRACE 172098,-85.04,-86.00,0.425
TRACE 173863,-84.98,-86.00,0.459
TRACE 175627,-84.92,-86.00,0.461
TRACE 177391,-84.85,-85.00,-0.471
TRACE 188421,-84.45,-85.00,0.440
TRACE 190213,-84.38,-85.00,0.480
TRACE 191993,-84.31,-85.00,0.483
TRACE 193786,-84.24,-85.00,0.486
TRACE 195564,-84.18,-85.00,0.488
TRACE 197355,-84.11,-85.00,0.491
TRACE 199170,-84.03,-85.00,0.531
TRACE 200922,-83.96,-85.00,0.533
TRACE 202720,-83.89,-84.50,0.489
TRACE 204492,-83.82,-84.00,0.445
TRACE 206258,-83.75,-84.00,0.448
TRACE 208046,-83.67,-84.00,0.451
TRACE 209804,-83.60,-83.00,-0.481
TRACE 211578,-83.52,-83.00,-0.478
TRACE 213398,-83.45,-83.00,-0.475
TRACE 215193,-83.37,-83.00,-0.440
TRACE 216978,-83.29,-83.00,0.435
TRACE 218739,-83.22,-83.00,0.438
TRACE 220485,-83.14,-83.00,0.441
TRACE 222260,-83.06,-83.00,0.508
TRACE 224029,-82.98,-83.00,0.511
TRACE 225793,-82.90,-83.00,0.514
TRACE 227749,-82.81,-83.00,0.518
TRACE 229496,-82.73,-83.00,0.521
TRACE 231280,-82.65,-83.00,0.524
TRACE 233033,-82.57,-83.00,0.527
TRACE 234821,-82.49,-83.00,0.530
TRACE 236583,-82.40,-83.00,0.533
TRACE 238339,-82.32,-83.00,0.536
TRACE 240115,-82.23,-83.00,0.539
TRACE 241879,-82.15,-83.00,0.543
TRACE 243638,-82.06,-82.00,0.451
TRACE 245414,-81.98,-82.00,0.454
TRACE 247185,-81.89,-82.00,0.458
TRACE 248963,-81.80,-81.50,-0.426
TRACE 250867,-81.71,-81.00,-0.469
TRACE 252646,-81.62,-81.00,-0.465
TRACE 254414,-81.53,-81.00,-0.462
TRACE 256194,-81.44,-81.00,0.445
TRACE 257950,-81.35,-81.00,0.449
TRACE 259710,-81.26,-81.00,0.452
TRACE 261481,-81.16,-81.00,0.487
TRACE 263233,-81.07,-81.00,0.523
TRACE 264996,-80.98,-81.00,0.526
TRACE 266764,-80.88,-81.00,0.530
TRACE 268541,-80.79,-81.00,0.533
TRACE 270332,-80.69,-81.00,0.537
TRACE 272086,-80.60,-81.00,0.540
TRACE 273853,-80.50,-80.00,0.449
TRACE 275621,-80.40,-80.00,0.453
TRACE 277386,-80.31,-80.00,0.456
TRACE 279150,-80.21,-79.00,-0.475
TRACE 280932,-80.11,-79.00,-0.471
TRACE 282709,-80.01,-79.00,-0.468
TRACE 284509,-79.91,-79.00,-0.464
TRACE 286292,-79.80,-78.50,-0.443
TRACE 288066,-79.70,-78.50,-0.439
TRACE 289845,-79.60,-78.50,-0.435
TRACE 291622,-79.50,-78.50,0.473
TRACE 293389,-79.39,-79.00,0.524
TRACE 295160,-79.29,-79.00,0.528
TRACE 296935,-79.18,-79.00,0.531
TRACE 298707,-79.08,-78.50,0.520
TRACE 300462,-78.97,-78.00,0.467
TRACE 302277,-78.86,-78.00,0.470
TRACE 304095,-78.75,-78.00,0.473
TRACE 305893,-78.65,-78.00,0.445
TRACE 307687,-78.54,-78.00,0.448
TRACE 309483,-78.43,-77.00,-0.482
TRACE 311308,-78.32,-77.00,-0.447
TRACE 313132,-78.21,-77.00,0.428
TRACE 314943,-78.10,-77.00,0.432
TRACE 316760,-77.99,-77.00,0.435
TRACE 318591,-77.88,-76.50,-0.448
TRACE 320427,-77.77,-76.00,-0.491
TRACE 322243,-77.67,-76.00,-0.425
TRACE 324083,-77.56,-76.00,-0.421
TRACE 325898,-77.45,-76.00,0.422
TRACE 327715,-77.34,-76.50,0.472
TRACE 329521,-77.23,-77.00,0.521
TRACE 331320,-77.12,-77.00,0.556
TRACE 333141,-77.01,-77.00,0.591
TRACE 334954,-76.90,-77.00,0.594
TRACE 336763,-76.79,-77.00,0.597
TRACE 338600,-76.68,-77.00,0.600
TRACE 340417,-76.57,-76.00,0.479
TRACE 342209,-76.47,-76.00,0.451
TRACE 344011,-76.36,-76.00,0.454
TRACE 345810,-76.25,-76.00,0.457
TRACE 347640,-76.14,-75.50,-0.426
TRACE 349462,-76.03,-75.00,-0.469
TRACE 351292,-75.92,-75.00,-0.466
TRACE 353099,-75.81,-75.00,0.440
TRACE 354936,-75.70,-75.00,0.444
TRACE 356752,-75.59,-75.00,0.447
TRACE 358564,-75.49,-75.00,0.451
TRACE 360384,-75.38,-75.00,0.485
TRACE 371430,-74.71,-75.00,0.537
TRACE 373275,-74.60,-75.00,0.540
TRACE 375102,-74.49,-75.00,0.543
TRACE 376926,-74.38,-75.00,0.546
TRACE 378747,-74.28,-75.00,0.550
TRACE 380553,-74.17,-75.00,0.553
TRACE 382355,-74.06,-75.00,0.556
TRACE 384171,-73.95,-75.00,0.560
TRACE 385981,-73.84,-74.50,0.516
TRACE 387803,-73.73,-74.50,0.520
TRACE 389628,-73.62,-74.00,0.476
TRACE 391433,-73.51,-74.00,0.480
TRACE 393250,-73.40,-74.00,0.483
TRACE 395068,-73.30,-73.50,0.440
TRACE 396888,-73.19,-73.00,-0.443
TRACE 398721,-73.08,-73.00,0.432
TRACE 400519,-72.97,-73.00,0.435
TRACE 402328,-72.86,-73.00,0.469
TRACE 404161,-72.75,-72.50,0.426
TRACE 405970,-72.64,-72.00,-0.457
TRACE 407805,-72.53,-72.00,-0.422
TRACE 409753,-72.41,-72.00,0.453
TRACE 411569,-72.31,-71.50,-0.430
TRACE 413394,-72.20,-71.00,-0.472
TRACE 415221,-72.09,-71.00,-0.469
TRACE 417035,-71.98,-71.00,-0.435
TRACE 418860,-71.87,-71.50,0.486
TRACE 420644,-71.76,-72.00,0.535
TRACE 422448,-71.65,-72.00,0.538
TRACE 424246,-71.55,-72.00,0.573
TRACE 426041,-71.44,-72.00,0.608
TRACE 427864,-71.33,-72.00,0.611
TRACE 429662,-71.22,-71.00,0.521
TRACE 431510,-71.11,-71.00,0.493
TRACE 433343,-71.00,-71.00,0.465
TRACE 435145,-70.89,-71.00,0.468
TRACE 436950,-70.78,-71.00,0.472
TRACE 438763,-70.67,-70.00,-0.458
TRACE 440585,-70.56,-70.00,-0.455
TRACE 442412,-70.46,-69.50,-0.435
TRACE 444232,-70.35,-69.00,-0.478
TRACE 446072,-70.24,-69.00,-0.475
TRACE 447910,-70.13,-69.00,-0.471
TRACE 449728,-70.02,-69.50,-0.421
TRACE 451541,-69.91,-70.00,0.531
TRACE 453340,-69.80,-70.00,0.534
TRACE 455166,-69.69,-70.00,0.569
TRACE 456968,-69.58,-70.00,0.603
TRACE 458782,-69.47,-70.00,0.607
TRACE 460571,-69.37,-70.00,0.610
TRACE 462370,-69.26,-70.00,0.582
TRACE 464194,-69.15,-70.00,0.554
TRACE 465999,-69.04,-70.00,0.557
TRACE 467812,-68.93,-69.00,0.467
TRACE 469635,-68.82,-69.00,0.470
TRACE 471455,-68.71,-69.00,0.473
TRACE 473263,-68.60,-68.50,0.430
TRACE 475083,-68.50,-68.00,-0.453
TRACE 476932,-68.38,-68.00,-0.449
TRACE 478725,-68.28,-67.50,-0.492
TRACE 480548,-68.17,-67.00,-0.473
TRACE 482375,-68.06,-67.00,-0.469
TRACE 484179,-67.95,-67.00,-0.466
TRACE 485989,-67.84,-67.50,0.455
TRACE 487801,-67.73,-68.00,0.536
TRACE 489601,-67.62,-68.00,0.539
TRACE 491405,-67.52,-68.00,0.574
TRACE 493220,-67.41,-68.00,0.609
TRACE 495004,-67.30,-68.00,0.612
TRACE 496818,-67.19,-68.00,0.616
TRACE 498640,-67.08,-68.00,0.587
TRACE 500442,-66.97,-68.00,0.559
TRACE 502247,-66.87,-67.00,0.469
TRACE 504060,-66.76,-67.00,0.472
TRACE 505864,-66.65,-67.00,0.475
TRACE 507677,-66.54,-67.00,0.479
TRACE 509479,-66.43,-66.00,-0.451
TRACE 511299,-66.32,-66.00,-0.448
TRACE 513132,-66.21,-66.00,-0.444
TRACE 514960,-66.10,-65.00,-0.471
TRACE 516776,-65.99,-65.00,-0.468
TRACE 518585,-65.88,-65.00,-0.464
TRACE 520398,-65.78,-65.00,-0.461
TRACE 522228,-65.67,-65.00,0.445
TRACE 524032,-65.56,-65.00,0.448
TRACE 525849,-65.45,-65.00,0.452
TRACE 527733,-65.34,-65.00,0.518
TRACE 529531,-65.23,-65.00,0.521
TRACE 531334,-65.12,-65.00,0.524
TRACE 533144,-65.01,-65.00,0.528
TRACE 534941,-64.90,-65.00,0.531
TRACE 536722,-64.80,-64.50,0.488
TRACE 538508,-64.69,-64.00,0.444
TRACE 540322,-64.58,-64.00,0.447
TRACE 542140,-64.47,-63.00,-0.483
TRACE 553260,-63.80,-62.00,-0.476
TRACE 555095,-63.69,-61.50,-0.505
TRACE 556928,-63.58,-61.00,-0.535
TRACE 558768,-63.47,-61.00,-0.513
TRACE 560592,-63.36,-61.00,-0.492
TRACE 562427,-63.25,-61.00,-0.488
TRACE 564261,-63.14,-62.00,0.458
TRACE 566090,-63.03,-62.00,0.497
TRACE 567898,-62.93,-62.00,0.531
TRACE 569716,-62.82,-62.00,0.566
TRACE 571525,-62.71,-62.00,0.569
TRACE 573322,-62.60,-62.00,0.573
TRACE 575162,-62.49,-62.00,0.576
TRACE 576975,-62.38,-61.00,0.424
TRACE 578765,-62.27,-61.00,0.427
TRACE 580574,-62.17,-61.00,0.430
TRACE 582406,-62.06,-61.00,0.433
TRACE 584221,-61.95,-60.00,-0.496
TRACE 586019,-61.84,-60.00,-0.493
TRACE 587840,-61.73,-59.50,-0.537
TRACE 589835,-61.61,-59.00,-0.515
TRACE 591671,-61.50,-59.00,-0.511
TRACE 593495,-61.39,-59.00,-0.508
TRACE 595334,-61.28,-59.50,-0.458
TRACE 597174,-61.17,-60.00,0.493
TRACE 598974,-61.06,-60.00,0.496
TRACE 600772,-60.95,-61.00,0.622
TRACE 602590,-60.84,-60.50,0.612
TRACE 604408,-60.74,-60.50,0.615
TRACE 606223,-60.63,-60.00,0.572
TRACE 608045,-60.52,-60.00,0.544
TRACE 609852,-60.41,-60.00,0.516
TRACE 611736,-60.30,-59.50,0.473
TRACE 613551,-60.19,-59.00,-0.473
TRACE 615372,-60.08,-59.00,-0.438
TRACE 617190,-59.97,-59.00,-0.435
TRACE 619010,-59.86,-59.00,0.440
TRACE 620814,-59.75,-59.00,0.443
TRACE 622599,-59.64,-58.50,-0.440
TRACE 624427,-59.53,-58.00,-0.453
TRACE 626253,-59.42,-58.00,0.422
TRACE 628084,-59.31,-58.00,0.426
TRACE 629893,-59.21,-58.00,0.429
TRACE 631697,-59.10,-58.00,0.432
TRACE 633509,-58.99,-58.00,0.435
TRACE 635320,-58.88,-58.00,0.470
TRACE 637140,-58.77,-58.00,0.505
TRACE 638933,-58.66,-58.00,0.508
TRACE 640717,-58.56,-58.00,0.511
TRACE 642536,-58.45,-58.00,0.515
TRACE 644363,-58.34,-58.00,0.518
TRACE 646167,-58.23,-58.00,0.521
TRACE 647974,-58.12,-58.00,0.524
TRACE 649780,-58.01,-58.00,0.528
TRACE 651578,-57.91,-58.00,0.531
TRACE 653391,-57.80,-58.00,0.534
TRACE 655178,-57.69,-58.00,0.537
TRACE 656975,-57.58,-57.00,0.447
TRACE 658766,-57.47,-57.00,0.450
TRACE 660577,-57.37,-57.00,0.454
TRACE 662384,-57.26,-57.00,0.457
TRACE 664179,-57.15,-56.00,-0.473
TRACE 665990,-57.04,-56.00,-0.470
TRACE 667805,-56.93,-56.00,-0.467
TRACE 669611,-56.82,-56.00,0.440
TRACE 671405,-56.72,-56.00,0.443
TRACE 673231,-56.61,-56.00,0.447
TRACE 675053,-56.50,-56.00,0.450
TRACE 676908,-56.39,-55.50,0.470
TRACE 678728,-56.28,-55.00,0.427
TRACE 680560,-56.17,-55.00,0.430
TRACE 682383,-56.06,-55.00,0.434
TRACE 684203,-55.95,-55.00,0.437
TRACE 686037,-55.84,-54.50,-0.446
TRACE 687864,-55.73,-54.00,-0.489
TRACE 689691,-55.62,-54.00,-0.454
TRACE 691512,-55.51,-54.00,0.420
TRACE 693326,-55.40,-54.00,0.423
TRACE 695144,-55.29,-54.00,0.427
TRACE 696963,-55.18,-53.50,-0.457
TRACE 698790,-55.07,-53.00,-0.468
TRACE 700596,-54.96,-53.00,-0.434
TRACE 702415,-54.86,-53.00,-0.431
TRACE 704255,-54.74,-53.00,-0.427
TRACE 706116,-54.63,-53.00,-0.424
TRACE 707963,-54.52,-53.00,-0.420
TRACE 709784,-54.41,-53.50,0.501
TRACE 711603,-54.30,-54.00,0.581
TRACE 713416,-54.20,-54.00,0.585
TRACE 715229,-54.09,-54.00,0.588
TRACE 717029,-53.98,-54.00,0.591
TRACE 718817,-53.87,-53.00,0.502
TRACE 720618,-53.76,-53.00,0.505
TRACE 731696,-53.10,-51.00,-0.466
TRACE 733514,-52.99,-51.00,-0.481
TRACE 735337,-52.88,-51.00,-0.478
TRACE 737169,-52.77,-51.00,-0.474
TRACE 739009,-52.66,-51.00,-0.471
TRACE 740829,-52.55,-51.00,-0.431
TRACE 742663,-52.44,-51.00,-0.428
TRACE 744509,-52.33,-51.00,0.488
TRACE 746323,-52.22,-51.00,0.491
TRACE 748137,-52.11,-51.00,0.495
TRACE 749945,-52.00,-51.00,0.498
TRACE 751742,-51.90,-50.00,-0.432
TRACE 753588,-51.78,-50.00,-0.428
TRACE 755426,-51.67,-50.00,-0.425
TRACE 757242,-51.57,-50.00,-0.422
TRACE 759072,-51.46,-50.00,0.422
TRACE 760904,-51.35,-50.00,0.425
TRACE 762719,-51.24,-50.00,0.428
TRACE 764532,-51.13,-50.00,0.494
TRACE 766334,-51.02,-50.00,0.497
TRACE 768264,-50.90,-50.00,0.501
TRACE 770074,-50.80,-50.00,0.504
TRACE 771906,-50.69,-50.00,0.507
TRACE 773726,-50.58,-50.00,0.511
TRACE 775531,-50.47,-50.00,0.514
TRACE 777337,-50.36,-49.50,0.471
TRACE 779159,-50.25,-49.00,0.428
TRACE 780955,-50.14,-49.00,0.431
TRACE 782745,-50.04,-49.00,0.434
TRACE 784549,-49.93,-49.00,0.437
TRACE 786337,-49.82,-49.00,0.440
TRACE 788150,-49.71,-49.00,0.443
TRACE 789960,-49.60,-48.00,-0.455
TRACE 791822,-49.49,-48.00,0.420
TRACE 793628,-49.38,-48.00,0.423
TRACE 795428,-49.27,-48.00,0.427
TRACE 797261,-49.16,-47.50,-0.456
TRACE 799075,-49.06,-47.00,-0.499
TRACE 800893,-48.95,-47.00,-0.496
TRACE 802709,-48.84,-47.00,-0.430
TRACE 804538,-48.73,-47.00,-0.427
TRACE 806359,-48.62,-47.00,-0.423
TRACE 808182,-48.51,-47.00,0.420
TRACE 809987,-48.40,-47.00,0.455
TRACE 811785,-48.29,-47.00,0.489
TRACE 813593,-48.18,-47.00,0.492
TRACE 815422,-48.07,-47.00,0.496
TRACE 817239,-47.97,-47.00,0.499
TRACE 819055,-47.86,-47.00,0.502
TRACE 820866,-47.75,-46.00,-0.428
TRACE 822697,-47.64,-46.00,-0.424
TRACE 824511,-47.53,-46.00,-0.421
TRACE 826336,-47.42,-46.00,0.423
TRACE 828137,-47.31,-46.00,0.426
TRACE 829922,-47.20,-46.00,0.429
TRACE 831707,-47.10,-46.00,0.432
TRACE 833532,-46.99,-46.00,0.498
TRACE 835346,-46.88,-45.50,0.455
TRACE 837154,-46.77,-45.00,-0.428
TRACE 838972,-46.66,-45.00,-0.425
TRACE 840805,-46.55,-45.00,-0.422
TRACE 842607,-46.44,-45.00,0.422
TRACE 844410,-46.34,-45.00,0.425
TRACE 846233,-46.23,-45.00,0.428
TRACE 848026,-46.12,-45.00,0.463
TRACE 849827,-46.01,-45.00,0.498
TRACE 851667,-45.90,-45.00,0.501
TRACE 853470,-45.79,-45.00,0.504
TRACE 855284,-45.68,-45.00,0.508
TRACE 857109,-45.57,-45.00,0.511
TRACE 858935,-45.46,-45.00,0.514
TRACE 860745,-45.36,-45.00,0.517
TRACE 862540,-45.25,-44.50,0.474
TRACE 864349,-45.14,-44.00,0.431
TRACE 866164,-45.03,-44.00,0.434
TRACE 867972,-44.92,-44.00,0.437
TRACE 869797,-44.81,-44.00,0.441
TRACE 871597,-44.70,-43.50,-0.443
TRACE 873414,-44.60,-43.00,-0.486
TRACE 875240,-44.49,-43.00,-0.451
TRACE 877078,-44.38,-43.00,0.424
TRACE 878872,-44.27,-43.00,0.427
TRACE 880682,-44.16,-43.00,0.430
TRACE 882493,-44.05,-43.00,0.433
TRACE 884294,-43.94,-43.00,0.468
TRACE 886242,-43.83,-43.00,0.503
TRACE 888058,-43.72,-43.00,0.507
TRACE 889869,-43.61,-43.00,0.510
TRACE 891667,-43.50,-43.00,0.513
TRACE 893471,-43.39,-43.00,0.516
TRACE 895290,-43.28,-43.00,0.520
TRACE 897082,-43.18,-43.00,0.523
TRACE 898892,-43.07,-43.00,0.526
TRACE 900716,-42.96,-42.00,0.436
TRACE 911829,-42.29,-41.00,-0.424
TRACE 913651,-42.18,-41.00,-0.420
TRACE 915478,-42.07,-40.00,-0.483
TRACE 917311,-41.96,-40.00,-0.480
TRACE 919152,-41.85,-40.00,-0.476
TRACE 920975,-41.74,-40.00,-0.473
TRACE 922829,-41.63,-40.00,-0.433
TRACE 924644,-41.52,-40.00,-0.420
TRACE 926478,-41.41,-40.00,0.423
TRACE 928290,-41.30,-40.00,0.489
TRACE 930100,-41.19,-40.50,0.538
TRACE 931930,-41.08,-40.50,0.542
TRACE 933755,-40.97,-40.00,0.499
TRACE 935569,-40.87,-40.00,0.502
TRACE 937375,-40.76,-40.00,0.505
TRACE 939177,-40.65,-40.00,0.509
TRACE 940982,-40.54,-39.00,-0.421
TRACE 942798,-40.43,-39.00,-0.449
TRACE 944647,-40.32,-39.00,-0.446
TRACE 946471,-40.21,-39.00,0.429
TRACE 948397,-40.10,-39.00,0.433
TRACE 950189,-39.99,-39.00,0.436
TRACE 951998,-39.88,-39.00,0.439
TRACE 953799,-39.77,-39.00,0.505
TRACE 955611,-39.66,-38.00,-0.424
TRACE 957453,-39.55,-38.00,-0.421
TRACE 959274,-39.44,-38.00,0.422
TRACE 961051,-39.34,-38.00,0.425
TRACE 962875,-39.23,-38.00,0.428
TRACE 964696,-39.12,-38.00,0.431
TRACE 966486,-39.01,-38.00,0.435
TRACE 968300,-38.90,-38.00,0.501
TRACE 970199,-38.79,-38.00,0.504
TRACE 972000,-38.68,-38.00,0.508
TRACE 973808,-38.57,-38.00,0.511
TRACE 975618,-38.46,-38.00,0.514
TRACE 977447,-38.35,-37.50,0.471
TRACE 979262,-38.24,-37.00,0.428
TRACE 981084,-38.13,-37.00,0.431
TRACE 982883,-38.03,-37.00,0.434
TRACE 984663,-37.92,-37.00,0.437
TRACE 986464,-37.81,-36.00,-0.493
TRACE 988286,-37.70,-36.00,-0.489
TRACE 990121,-37.59,-36.00,-0.454
TRACE 991948,-37.48,-36.00,0.420
TRACE 993763,-37.37,-36.00,0.424
TRACE 995573,-37.27,-36.00,0.427
TRACE 997378,-37.16,-35.50,-0.456
TRACE 999191,-37.05,-35.00,-0.436
TRACE 1001000,-36.94,-35.00,-0.433
TRACE 1002801,-36.83,-35.00,-0.430
TRACE 1004605,-36.72,-35.00,-0.427
TRACE 1006415,-36.62,-35.00,-0.424
TRACE 1008237,-36.51,-35.00,-0.420
TRACE 1010060,-36.40,-35.00,0.455
TRACE 1011874,-36.29,-35.00,0.489
TRACE 1013673,-36.18,-35.00,0.493
TRACE 1015484,-36.07,-35.00,0.496
TRACE 1017290,-35.96,-35.00,0.499
TRACE 1019115,-35.85,-35.00,0.502
TRACE 1020906,-35.75,-35.00,0.506
TRACE 1022712,-35.64,-35.00,0.509
TRACE 1024530,-35.53,-34.00,-0.421
TRACE 1026369,-35.42,-34.00,0.422
TRACE 1028165,-35.31,-34.00,0.426
TRACE 1029982,-35.20,-34.00,0.429
TRACE 1031788,-35.09,-33.00,-0.501
TRACE 1033600,-34.98,-33.00,-0.498
TRACE 1035514,-34.87,-33.00,-0.493
TRACE 1037350,-34.76,-33.00,-0.427
TRACE 1039176,-34.65,-33.00,-0.424
TRACE 1041005,-34.54,-33.00,-0.420
TRACE 1042834,-34.43,-33.00,0.423
TRACE 1044638,-34.32,-33.50,0.534
TRACE 1046432,-34.21,-34.00,0.584
TRACE 1048242,-34.11,-34.00,0.588
TRACE 1050061,-34.00,-34.00,0.591
TRACE 1051862,-33.89,-34.00,0.594
TRACE 1053662,-33.78,-33.00,0.505
TRACE 1055476,-33.67,-33.00,0.508
TRACE 1057287,-33.56,-33.00,0.479
TRACE 1059091,-33.45,-33.00,0.451
TRACE 1060901,-33.35,-32.50,-0.432
TRACE 1062714,-33.24,-32.00,-0.476
TRACE 1064562,-33.13,-32.00,-0.472
TRACE 1066409,-33.02,-32.00,0.435
TRACE 1068219,-32.91,-31.00,-0.495
TRACE 1070042,-32.80,-31.00,-0.491
TRACE 1071888,-32.69,-31.00,-0.488
TRACE 1073719,-32.58,-31.00,-0.453
TRACE 1075531,-32.47,-32.00,0.514
TRACE 1077352,-32.36,-32.00,0.517
TRACE 1079153,-32.25,-32.00,0.520
TRACE 1090228,-31.59,-31.00,0.510
TRACE 1092036,-31.48,-31.00,0.514
TRACE 1093856,-31.37,-31.00,0.517
TRACE 1095682,-31.26,-30.00,0.454
TRACE 1097493,-31.15,-30.00,0.421
TRACE 1099338,-31.04,-30.00,0.424
TRACE 1101145,-30.93,-29.00,-0.479
TRACE 1102981,-30.82,-29.00,-0.492
TRACE 1104808,-30.71,-29.00,-0.489
TRACE 1106635,-30.60,-28.50,-0.532
TRACE 1108452,-30.49,-28.00,-0.512
TRACE 1110273,-30.38,-28.00,-0.509
TRACE 1112120,-30.27,-28.00,-0.505
TRACE 1113960,-30.16,-28.00,-0.439
TRACE 1115767,-30.05,-28.50,0.450
TRACE 1117589,-29.94,-29.00,0.500
TRACE 1119403,-29.84,-29.00,0.534
TRACE 1121234,-29.73,-29.00,0.569
TRACE 1123035,-29.62,-29.00,0.572
TRACE 1124870,-29.51,-28.50,0.529
TRACE 1126822,-29.39,-28.00,0.486
TRACE 1128649,-29.28,-28.00,0.459
TRACE 1130469,-29.17,-28.00,0.431
TRACE 1132272,-29.06,-27.00,-0.498
TRACE 1134085,-28.95,-27.00,-0.495
TRACE 1135900,-28.85,-27.00,-0.492
TRACE 1137724,-28.74,-27.00,-0.457
TRACE 1139552,-28.63,-27.00,-0.424
TRACE 1141365,-28.52,-27.00,-0.420
TRACE 1143191,-28.41,-27.00,0.423
TRACE 1144979,-28.30,-27.00,0.489
TRACE 1146768,-28.19,-27.00,0.492
TRACE 1148673,-28.08,-27.00,0.496
TRACE 1150467,-27.97,-27.00,0.499
TRACE 1152270,-27.86,-27.00,0.502
TRACE 1154066,-27.76,-27.00,0.505
TRACE 1155887,-27.65,-26.50,0.462
TRACE 1157696,-27.54,-26.00,-0.421
TRACE 1159514,-27.43,-26.00,0.422
TRACE 1161327,-27.32,-26.00,0.425
TRACE 1163131,-27.21,-26.00,0.428
TRACE 1164948,-27.10,-26.00,0.432
TRACE 1166759,-26.99,-26.00,0.435
TRACE 1168560,-26.89,-26.00,0.470
TRACE 1170363,-26.78,-26.00,0.505
TRACE 1172178,-26.67,-25.00,-0.425
TRACE 1174005,-26.56,-25.00,-0.422
TRACE 1175808,-26.45,-25.00,0.421
TRACE 1177611,-26.34,-25.00,0.425
TRACE 1179439,-26.23,-25.00,0.428
TRACE 1181255,-26.12,-25.00,0.431
TRACE 1183080,-26.02,-25.00,0.435
TRACE 1184906,-25.91,-24.50,0.454
TRACE 1186711,-25.80,-24.00,-0.429
TRACE 1188566,-25.69,-24.00,-0.425
TRACE 1190359,-25.58,-24.00,-0.422
TRACE 1192188,-25.47,-24.00,0.421
TRACE 1194000,-25.36,-24.00,0.424
TRACE 1195815,-25.25,-24.00,0.428
TRACE 1197619,-25.14,-24.00,0.462
TRACE 1199437,-25.03,-24.00,0.497
TRACE 1201230,-24.93,-23.50,0.454
TRACE 1203024,-24.82,-23.00,-0.430
TRACE 1204847,-24.71,-23.00,-0.426
TRACE 1206673,-24.60,-23.00,-0.423
TRACE 1208492,-24.49,-23.00,0.420
TRACE 1210295,-24.38,-23.00,0.423
TRACE 1212090,-24.27,-23.00,0.427
TRACE 1213940,-24.16,-23.00,0.462
TRACE 1215793,-24.05,-23.00,0.496
TRACE 1217591,-23.94,-23.00,0.500
TRACE 1219408,-23.84,-23.00,0.503
TRACE 1221222,-23.73,-23.00,0.506
TRACE 1223035,-23.62,-23.00,0.509
TRACE 1224823,-23.51,-23.00,0.513
TRACE 1226613,-23.40,-23.00,0.516
TRACE 1228411,-23.30,-23.00,0.519
TRACE 1230226,-23.19,-22.00,0.429
TRACE 1232043,-23.08,-22.00,0.432
TRACE 1233854,-22.97,-22.00,0.436
TRACE 1235670,-22.86,-21.50,-0.448
TRACE 1237497,-22.75,-21.00,-0.491
TRACE 1239337,-22.64,-21.00,-0.487
TRACE 1241163,-22.53,-21.00,-0.483
TRACE 1242986,-22.42,-21.00,0.423
TRACE 1244820,-22.31,-21.00,0.426
TRACE 1246643,-22.20,-21.00,0.429
TRACE 1248449,-22.09,-21.00,0.464
TRACE 1250236,-21.99,-21.00,0.498
TRACE 1252041,-21.88,-21.00,0.502
TRACE 1253835,-21.77,-21.00,0.505
TRACE 1255631,-21.66,-21.00,0.508
TRACE 1257442,-21.55,-21.00,0.511
TRACE 1268475,-20.89,-19.00,-0.442
TRACE 1270347,-20.78,-19.00,-0.438
TRACE 1272183,-20.67,-19.00,-0.435
TRACE 1274021,-20.56,-19.00,-0.432
TRACE 1275875,-20.45,-18.50,-0.461
TRACE 1277717,-20.34,-18.50,-0.458
TRACE 1279559,-20.23,-18.50,-0.454
TRACE 1281405,-20.12,-18.50,0.449
TRACE 1283214,-20.01,-19.00,0.498
TRACE 1285024,-19.90,-19.00,0.501
TRACE 1286845,-19.79,-19.00,0.504
TRACE 1288647,-19.68,-18.50,0.493
TRACE 1290442,-19.57,-18.00,0.449
TRACE 1292309,-19.46,-18.00,0.453
TRACE 1294124,-19.35,-18.00,0.456
TRACE 1295923,-19.24,-18.00,0.428
TRACE 1297736,-19.14,-18.00,0.431
TRACE 1299532,-19.03,-17.00,-0.499
TRACE 1301373,-18.92,-17.00,-0.464
TRACE 1303182,-18.81,-17.00,-0.429
TRACE 1304995,-18.70,-17.00,-0.426
TRACE 1306875,-18.59,-17.00,-0.422
TRACE 1308714,-18.48,-17.00,0.421
TRACE 1310523,-18.37,-17.00,0.424
TRACE 1312315,-18.26,-17.00,0.490
TRACE 1314109,-18.15,-17.00,0.493
TRACE 1315920,-18.04,-17.00,0.497
TRACE 1317736,-17.94,-17.00,0.500
TRACE 1319523,-17.83,-16.50,0.457
TRACE 1321333,-17.72,-16.00,-0.427
TRACE 1323142,-17.61,-16.00,-0.424
TRACE 1324973,-17.50,-16.00,-0.420
TRACE 1326808,-17.39,-16.00,0.423
TRACE 1328765,-17.27,-16.50,0.474
TRACE 1330581,-17.17,-17.00,0.523
TRACE 1332385,-17.06,-17.00,0.557
TRACE 1334202,-16.95,-17.00,0.592
TRACE 1335993,-16.84,-17.00,0.595
TRACE 1337790,-16.73,-17.00,0.598
TRACE 1339602,-16.62,-17.00,0.602
TRACE 1341407,-16.52,-16.00,0.481
TRACE 1343205,-16.41,-16.00,0.452
TRACE 1344998,-16.30,-16.00,0.456
TRACE 1346815,-16.19,-16.00,0.459
TRACE 1348618,-16.08,-16.00,0.462
TRACE 1350433,-15.97,-15.00,-0.468
TRACE 1352244,-15.87,-15.00,-0.465
TRACE 1354060,-15.76,-15.00,0.442
TRACE 1355869,-15.65,-15.00,0.445
TRACE 1357663,-15.54,-15.00,0.449
TRACE 1359463,-15.43,-15.00,0.452
TRACE 1361270,-15.32,-14.50,-0.432
TRACE 1363099,-15.21,-14.00,0.428
TRACE 1364937,-15.10,-14.00,0.432
TRACE 1366735,-15.00,-14.00,0.435
TRACE 1368530,-14.89,-14.00,0.438
TRACE 1370335,-14.78,-14.00,0.441
TRACE 1372150,-14.67,-14.00,0.445
TRACE 1373954,-14.56,-14.00,0.480
TRACE 1375742,-14.46,-13.00,0.421
TRACE 1377561,-14.35,-13.00,0.424
TRACE 1379367,-14.24,-13.00,0.428
TRACE 1381172,-14.13,-13.00,0.431
TRACE 1382970,-14.02,-12.00,-0.499
TRACE 1384806,-13.91,-12.00,-0.496
TRACE 1386618,-13.80,-12.00,-0.492
TRACE 1388438,-13.69,-11.00,-0.519
TRACE 1390303,-13.58,-11.00,-0.515
TRACE 1392124,-13.47,-11.00,-0.512
TRACE 1394052,-13.36,-11.50,-0.461
TRACE 1395869,-13.25,-12.00,0.491
TRACE 1397684,-13.14,-12.00,0.494
TRACE 1399514,-13.03,-12.00,0.497
TRACE 1401329,-12.92,-12.00,0.562
TRACE 1403116,-12.81,-12.00,0.566
TRACE 1404932,-12.70,-12.00,0.569
TRACE 1406732,-12.60,-11.50,0.495
TRACE 1408527,-12.49,-11.00,0.420
TRACE 1410341,-12.38,-11.00,0.423
TRACE 1412141,-12.27,-11.00,0.426
TRACE 1413945,-12.16,-11.00,0.430
TRACE 1415762,-12.05,-10.00,-0.500
TRACE 1417585,-11.94,-10.00,-0.497
TRACE 1419394,-11.84,-10.00,-0.462
TRACE 1421232,-11.73,-9.00,-0.520
TRACE 1423125,-11.61,-9.00,-0.516
TRACE 1424962,-11.50,-9.00,-0.512
TRACE 1426803,-11.39,-9.50,-0.462
TRACE 1428616,-11.28,-10.00,0.490
TRACE 1430418,-11.17,-10.00,0.493
TRACE 1432228,-11.07,-10.00,0.496
TRACE 1434023,-10.96,-10.50,0.608
TRACE 1435820,-10.85,-10.50,0.612
TRACE 1437643,-10.74,-10.00,0.569
TRACE 1448725,-10.08,-9.00,0.477
TRACE 1450537,-9.97,-8.00,-0.444
TRACE 1452374,-9.86,-8.00,-0.441
TRACE 1454191,-9.75,-7.00,-0.504
TRACE 1456018,-9.64,-7.00,-0.518
TRACE 1457858,-9.53,-7.00,-0.515
TRACE 1459692,-9.42,-7.00,-0.493
TRACE 1461529,-9.31,-7.00,-0.506
TRACE 1463342,-9.20,-7.00,-0.440
TRACE 1465185,-9.09,-7.00,-0.437
TRACE 1467017,-8.98,-7.00,0.459
TRACE 1468901,-8.87,-7.00,0.461
TRACE 1470834,-8.75,-7.00,0.464
TRACE 1472719,-8.64,-7.00,0.467
TRACE 1474584,-8.53,-7.00,0.469
TRACE 1476457,-8.42,-7.00,0.472
TRACE 1478344,-8.31,-7.00,0.474
TRACE 1480230,-8.20,-6.50,0.432
TRACE 1482115,-8.10,-6.00,-0.451
TRACE 1484086,-7.99,-6.00,-0.448
TRACE 1485972,-7.88,-6.00,-0.446
TRACE 1487862,-7.77,-5.50,-0.488
TRACE 1489766,-7.67,-6.00,-0.440
TRACE 1491649,-7.56,-5.50,-0.483
TRACE 1493534,-7.46,-5.50,-0.451
TRACE 1495436,-7.36,-6.00,0.467
TRACE 1497308,-7.26,-6.00,0.469
TRACE 1499164,-7.16,-6.00,0.472
TRACE 1501060,-7.05,-6.00,0.504
TRACE 1502949,-6.95,-6.00,0.476
TRACE 1504850,-6.85,-5.00,-0.422
TRACE 1506768,-6.75,-5.00,0.421
TRACE 1508626,-6.66,-5.00,-0.448
TRACE 1510523,-6.56,-5.00,-0.445
TRACE 1512427,-6.46,-5.00,-0.443
TRACE 1514329,-6.37,-5.00,-0.440
TRACE 1516231,-6.27,-5.00,-0.438
TRACE 1518109,-6.18,-5.00,0.464
TRACE 1519978,-6.09,-5.00,0.466
TRACE 1521855,-5.99,-5.00,0.468
TRACE 1523724,-5.90,-5.00,0.470
TRACE 1525601,-5.81,-5.00,0.472
TRACE 1527485,-5.72,-5.00,0.474
TRACE 1529376,-5.63,-5.00,0.477
TRACE 1531259,-5.54,-5.00,0.478
TRACE 1533137,-5.45,-5.00,0.480
TRACE 1535015,-5.37,-4.00,-0.448
TRACE 1536905,-5.28,-4.00,-0.446
TRACE 1538785,-5.19,-4.00,-0.444
TRACE 1540679,-5.11,-4.00,-0.442
TRACE 1542567,-5.02,-4.00,-0.441
TRACE 1544472,-4.94,-4.00,-0.439
TRACE 1546363,-4.85,-4.00,-0.437
TRACE 1548241,-4.77,-4.00,0.466
TRACE 1550106,-4.69,-4.00,0.467
TRACE 1551981,-4.61,-4.50,0.514
TRACE 1553842,-4.53,-4.50,0.516
TRACE 1555718,-4.45,-4.50,0.518
TRACE 1557593,-4.37,-4.00,0.474
TRACE 1559470,-4.29,-4.00,0.476
TRACE 1561335,-4.22,-4.00,0.477
TRACE 1563210,-4.14,-4.00,0.479
TRACE 1565107,-4.06,-3.00,-0.481
TRACE 1567049,-3.98,-3.00,-0.479
TRACE 1568973,-3.91,-3.00,-0.477
TRACE 1570886,-3.83,-3.00,-0.445
TRACE 1572776,-3.76,-3.00,-0.443
TRACE 1574672,-3.69,-3.00,-0.441
TRACE 1576568,-3.61,-3.00,-0.440
TRACE 1578459,-3.54,-3.50,0.506
TRACE 1580329,-3.47,-4.00,0.553
TRACE 1582195,-3.40,-4.00,0.555
TRACE 1584057,-3.33,-4.00,0.556
TRACE 1585930,-3.27,-4.00,0.558
TRACE 1587827,-3.20,-4.00,0.559
TRACE 1589696,-3.13,-3.00,0.470
TRACE 1591587,-3.07,-3.00,0.441
TRACE 1593469,-3.00,-3.00,-0.429
TRACE 1595395,-2.93,-3.00,-0.427
TRACE 1597304,-2.87,-2.50,-0.471
TRACE 1599188,-2.80,-2.00,-0.515
TRACE 1601102,-2.74,-2.00,-0.513
TRACE 1603012,-2.68,-2.00,-0.452
TRACE 1604924,-2.62,-2.50,0.435
TRACE 1606800,-2.56,-3.00,0.481
TRACE 1608669,-2.50,-3.00,0.482
TRACE 1619805,-2.16,-2.00,0.440
TRACE 1621760,-2.10,-2.00,0.459
TRACE 1623672,-2.04,-1.00,-0.025
TRACE 1625536,-1.99,-1.00,-0.024
TRACE 1627410,-1.94,-1.00,-0.041
TRACE 1629271,-1.89,-1.00,-0.058
TRACE 1631147,-1.84,-0.50,-0.090
TRACE 1633004,-1.79,0.00,-0.137
TRACE 1634835,-1.74,0.00,-0.137
TRACE 1636677,-1.69,0.00,-0.075
TRACE 1638505,-1.64,0.00,-0.075
TRACE 1640341,-1.60,0.00,-0.074
TRACE 1642182,-1.55,0.00,-0.074
TRACE 1644035,-1.50,0.00,-0.042
TRACE 1645880,-1.46,0.00,-0.010
TRACE 1647742,-1.41,0.00,-0.010
TRACE 1649580,-1.37,0.00,-0.009
TRACE 1651430,-1.33,0.00,-0.008
TRACE 1653249,-1.29,0.00,-0.008
TRACE 1655136,-1.24,0.00,-0.007
TRACE 1657006,-1.20,0.00,-0.007
TRACE 1658856,-1.16,0.00,-0.006
TRACE 1660705,-1.12,0.00,-0.006
TRACE 1662541,-1.08,0.00,-0.005
TRACE 1664364,-1.05,0.00,-0.005
TRACE 1666205,-1.01,0.00,-0.004
TRACE 1668072,-0.97,0.00,-0.004
TRACE 1669912,-0.94,0.00,-0.003
TRACE 1671778,-0.90,0.00,-0.003
TRACE 1673617,-0.87,0.00,-0.002
TRACE 1675480,-0.83,0.00,-0.002
TRACE 1677441,-0.80,0.00,-0.002
TRACE 1679297,-0.76,0.00,-0.001
TRACE 1681142,-0.73,0.00,-0.001
TRACE 1682981,-0.70,0.00,-0.001
TRACE 1684829,-0.67,0.00,-0.001
TRACE 1686689,-0.64,0.00,-0.000
TRACE 1688554,-0.61,0.00,-0.000
TRACE 1690403,-0.58,0.00,0.000
TRACE 1692259,-0.55,0.00,0.000
TRACE 1694118,-0.53,0.00,0.000
TRACE 1695958,-0.50,0.00,0.000
TRACE 1697816,-0.47,0.00,0.001
TRACE 1699666,-0.45,0.00,0.001
TRACE 1701508,-0.42,0.00,0.001
TRACE 1703355,-0.40,0.00,0.001
TRACE 1705223,-0.38,0.00,0.001
TRACE 1707076,-0.36,0.00,0.001
TRACE 1708925,-0.33,0.00,0.001
TRACE 1710772,-0.31,0.00,0.001
TRACE 1712617,-0.29,0.00,0.001
TRACE 1714449,-0.27,0.00,0.001
TRACE 1716307,-0.25,0.00,0.001
TRACE 1718136,-0.24,0.00,0.000
TRACE 1719964,-0.22,0.00,0.000
TRACE 1721805,-0.20,0.00,0.000
TRACE 1723644,-0.19,0.00,-0.000
TRACE 1725489,-0.17,0.00,-0.000
TRACE 1727355,-0.15,0.00,-0.000
TRACE 1729212,-0.14,0.00,-0.001
TRACE 1731037,-0.13,0.00,-0.001
TRACE 1732900,-0.11,0.00,-0.001
TRACE 1734726,-0.10,0.00,-0.002
TRACE 1736598,-0.09,0.00,-0.002
TRACE 1738457,-0.08,0.00,-0.002
TRACE 1740345,-0.07,0.00,-0.003
TRACE 1742246,-0.06,0.00,-0.003
TRACE 1744078,-0.05,0.00,-0.003
TRACE 1745939,-0.04,0.00,-0.004
TRACE 1747785,-0.04,0.00,-0.004
TRACE 1749630,-0.03,0.00,-0.005
TRACE 1751485,-0.02,0.00,-0.005
TRACE 1753344,-0.02,0.00,-0.006
TRACE 1755202,-0.01,0.00,-0.006
TRACE 1757055,-0.01,0.00,-0.007
TRACE 1758895,-0.01,0.00,-0.007
TRACE 1760749,-0.00,0.00,-0.008
TRACE 1762601,-0.00,0.00,-0.009
TRACE 1764471,-0.00,0.00,-0.009
TRACE 1766313,-0.00,0.00,-0.010
TRACE 1768142,0.00,0.00,0.000
TRACE 1769838,0.00,0.00,0.000
TRACE 1771470,0.00,0.00,0.000
TRACE 1773068,0.00,0.00,0.000
TRACE 1774657,0.00,0.00,0.000
TRACE 1776239,0.00,0.00,0.000
TRACE 1777818,0.00,0.00,0.000
TRACE 1779403,0.00,0.00,0.000
TRACE 1780976,0.00,0.00,0.000
TRACE 1782555,0.00,0.00,0.000
TRACE 1784158,0.00,0.00,0.000
TRACE 1785733,0.00,0.00,0.000
TRACE 1787317,0.00,0.00,0.000
TRACE 1798144,0.00,0.00,0.000
TRACE 1799757,0.00,0.00,0.000
TRACE 1801358,0.00,0.00,0.000
TRACE 1802967,0.00,0.00,0.000
TRACE 1804558,0.00,0.00,0.000
TRACE 1806159,0.00,0.00,0.000
TRACE 1807749,0.00,0.00,0.000
TRACE 1809347,0.00,0.00,0.000
TRACE 1810951,0.00,0.00,0.000
TRACE 1812563,0.00,0.00,0.000
TRACE 1814150,0.00,0.00,0.000
TRACE 1815757,0.00,0.00,0.000
TRACE 1817351,0.00,0.00,0.000
TRACE 1818933,0.00,0.00,0.000
>>> 
HOST arm.nominal = 0
arm.nominal = 0
>>> 
HOST r = arm.move_to(90, "tuning_umax090")
r = arm.move_to(90, "tuning_umax090")
RESULT {"loops": 969, "overshoot": 0.0, "t_reach": 1.6201, "type": "move", "t_settle": 1.6584, "target": 90, "state": "done", "q": null, "tag": "tuning_umax090", "err": 1.0, "err_rest": 1.0, "ok": true, "max_dt_us": 11150, "t_profile": 1.8, "start": 0.0, "max_track_err": 2.81}
>>> 
HOST arm_test.cmd_trace(arm, [])
arm_test.cmd_trace(arm, [])
TRACE t_us,ref_deg,pos_deg,duty
TRACE 904,0.00,0.00,0.430
TRACE 2803,0.00,0.00,0.431
TRACE 4612,0.00,0.00,0.432
TRACE 6382,0.00,0.00,0.432
TRACE 8145,0.01,0.00,0.433
TRACE 9922,0.01,0.00,0.434
TRACE 11689,0.01,0.00,0.435
TRACE 13454,0.02,0.00,0.435
TRACE 15226,0.02,0.00,0.436
TRACE 16994,0.03,0.50,-0.450
TRACE 18772,0.04,1.00,-0.497
TRACE 20594,0.04,1.00,-0.496
TRACE 22383,0.05,1.00,-0.495
TRACE 24187,0.06,0.00,0.440
TRACE 25934,0.07,0.00,0.441
TRACE 27665,0.08,0.00,0.442
TRACE 29392,0.09,0.00,0.475
TRACE 31121,0.10,0.00,0.509
TRACE 32879,0.11,0.00,0.510
TRACE 34606,0.12,0.00,0.512
TRACE 36329,0.13,0.00,0.447
TRACE 38056,0.14,0.00,0.448
TRACE 39917,0.16,0.00,0.449
TRACE 41661,0.17,1.00,-0.485
TRACE 43414,0.19,1.00,-0.484
TRACE 45205,0.20,1.00,-0.482
TRACE 46978,0.22,1.00,-0.481
TRACE 48753,0.24,1.00,-0.480
TRACE 50535,0.26,1.00,-0.478
TRACE 52327,0.27,0.50,-0.430
TRACE 54088,0.29,0.00,0.523
TRACE 55841,0.31,0.00,0.524
TRACE 57584,0.33,-1.00,0.620
TRACE 59345,0.35,-0.50,0.574
TRACE 61097,0.37,-0.50,0.575
TRACE 62968,0.40,0.00,0.529
TRACE 64701,0.42,0.00,0.498
TRACE 66430,0.44,0.00,0.467
TRACE 68175,0.46,0.00,0.468
TRACE 69909,0.49,1.00,-0.530
TRACE 71685,0.51,1.00,-0.496
TRACE 73491,0.54,1.00,-0.494
TRACE 75273,0.57,1.00,-0.461
TRACE 77049,0.59,1.00,-0.459
TRACE 78815,0.62,1.00,-0.458
TRACE 80588,0.65,1.00,-0.456
TRACE 82386,0.68,1.00,0.450
TRACE 84155,0.71,1.00,0.452
TRACE 85923,0.74,1.00,0.453
TRACE 87699,0.77,1.00,0.455
TRACE 89476,0.80,1.00,0.456
TRACE 91252,0.83,1.00,0.458
TRACE 93010,0.87,2.00,-0.475
TRACE 94788,0.90,2.00,-0.473
TRACE 96572,0.93,2.00,-0.472
TRACE 98357,0.97,2.00,-0.470
TRACE 100139,1.00,2.00,-0.468
TRACE 101923,1.04,2.00,-0.466
TRACE 103710,1.08,2.00,-0.465
TRACE 105488,1.11,1.00,0.535
TRACE 107258,1.15,1.00,0.537
TRACE 109017,1.19,1.00,0.539
TRACE 110768,1.23,1.00,0.541
TRACE 112538,1.27,1.00,0.543
TRACE 114301,1.31,1.00,0.545
TRACE 116082,1.35,1.00,0.547
TRACE 117839,1.39,1.50,0.437
TRACE 119625,1.43,2.00,-0.449
TRACE 121415,1.47,2.00,-0.447
TRACE 123199,1.52,2.00,-0.444
TRACE 124995,1.56,3.00,-0.537
TRACE 126798,1.61,3.00,-0.534
TRACE 128594,1.65,3.00,-0.532
TRACE 130520,1.70,2.00,0.437
TRACE 132309,1.75,2.00,0.470
TRACE 134070,1.80,2.00,0.472
TRACE 135841,1.85,2.00,0.474
TRACE 137621,1.89,2.00,0.540
TRACE 139402,1.94,2.00,0.542
TRACE 141190,1.99,2.00,0.544
TRACE 142959,2.04,2.00,0.483
TRACE 144714,2.09,2.00,0.485
TRACE 146478,2.15,2.00,0.487
TRACE 148216,2.20,2.00,0.489
TRACE 149988,2.25,2.00,0.491
TRACE 151759,2.30,2.00,0.494
TRACE 153518,2.36,2.00,0.496
TRACE 155272,2.41,2.50,0.451
TRACE 157050,2.47,3.00,-0.434
TRACE 158834,2.52,3.00,-0.432
TRACE 160643,2.58,3.00,-0.429
TRACE 162455,2.64,3.00,-0.427
TRACE 164242,2.70,3.00,-0.424
TRACE 166041,2.76,3.00,-0.421
TRACE 167819,2.82,3.00,0.453
TRACE 169593,2.88,3.00,0.487
TRACE 171348,2.94,3.00,0.490
TRACE 173108,3.00,3.00,0.492
TRACE 174904,3.06,3.00,0.495
TRACE 176662,3.12,3.00,0.497
TRACE 187752,3.53,4.00,0.446
TRACE 189532,3.59,4.00,0.449
TRACE 191289,3.66,5.00,-0.455
TRACE 193091,3.73,5.00,-0.452
TRACE 194886,3.80,5.00,-0.449
TRACE 196698,3.87,5.00,-0.447
TRACE 198479,3.94,5.00,-0.444
TRACE 200274,4.01,5.00,-0.431
TRACE 202061,4.08,5.00,-0.429
TRACE 203840,4.16,5.00,0.478
TRACE 205609,4.23,5.00,0.481
TRACE 207394,4.30,5.00,0.484
TRACE 209194,4.38,5.00,0.487
TRACE 210989,4.45,5.00,0.490
TRACE 212787,4.53,5.00,0.492
TRACE 214569,4.60,5.00,0.495
TRACE 216349,4.68,5.00,0.498
TRACE 218131,4.76,5.00,0.501
TRACE 219924,4.84,6.00,-0.430
TRACE 221715,4.92,6.00,-0.427
TRACE 223579,5.00,6.00,-0.423
TRACE 225371,5.08,6.00,-0.420
TRACE 227146,5.16,6.00,0.423
TRACE 228922,5.24,6.50,-0.461
TRACE 230700,5.32,7.00,-0.505
TRACE 232484,5.40,7.00,-0.438
TRACE 234286,5.49,7.00,-0.435
TRACE 236076,5.57,7.00,-0.432
TRACE 237869,5.66,7.00,-0.429
TRACE 239676,5.74,6.50,0.462
TRACE 241430,5.83,6.00,0.544
TRACE 243192,5.91,6.00,0.579
TRACE 244960,6.00,6.00,0.582
TRACE 246841,6.09,7.00,0.492
TRACE 248632,6.18,7.00,0.495
TRACE 250403,6.27,7.00,0.498
TRACE 252187,6.36,7.00,0.470
TRACE 253968,6.45,7.00,0.441
TRACE 255750,6.54,7.00,0.445
TRACE 257527,6.63,8.00,-0.486
TRACE 259302,6.72,8.00,0.421
TRACE 261085,6.82,8.00,0.424
TRACE 262851,6.91,9.00,-0.507
TRACE 264637,7.00,9.00,-0.503
TRACE 266414,7.10,9.00,-0.500
TRACE 268184,7.19,9.00,-0.496
TRACE 269976,7.29,9.00,-0.428
TRACE 271798,7.39,9.00,-0.425
TRACE 273593,7.49,8.50,0.466
TRACE 275361,7.58,8.00,0.581
TRACE 277135,7.68,8.00,0.584
TRACE 278911,7.78,8.00,0.588
TRACE 280643,7.88,8.00,0.592
TRACE 282398,7.97,8.00,0.595
TRACE 284168,8.08,8.00,0.599
TRACE 285948,8.18,9.00,0.476
TRACE 287708,8.28,9.00,0.447
TRACE 289480,8.38,9.00,0.451
TRACE 291248,8.48,9.00,0.454
TRACE 293047,8.59,10.00,-0.476
TRACE 294816,8.69,10.00,-0.472
TRACE 296596,8.80,10.00,-0.468
TRACE 298380,8.90,11.00,-0.494
TRACE 300170,9.01,11.00,-0.500
TRACE 301976,9.12,11.00,-0.496
TRACE 303798,9.23,10.50,-0.446
TRACE 305609,9.34,10.00,0.508
TRACE 307413,9.44,10.00,0.511
TRACE 309226,9.55,10.00,0.515
TRACE 311066,9.66,10.00,0.581
TRACE 312872,9.77,10.00,0.584
TRACE 314693,9.88,10.00,0.587
TRACE 316506,9.99,10.00,0.559
TRACE 318300,10.10,10.00,0.531
TRACE 320114,10.21,10.00,0.534
TRACE 321909,10.31,11.00,0.444
TRACE 323708,10.42,11.00,0.447
TRACE 325503,10.53,11.00,0.451
TRACE 327302,10.64,11.00,0.454
TRACE 329120,10.75,12.00,-0.476
TRACE 330951,10.86,12.00,-0.473
TRACE 332770,10.97,12.50,-0.516
TRACE 334623,11.08,13.00,-0.496
TRACE 336454,11.19,13.00,-0.492
TRACE 338278,11.30,13.00,-0.488
TRACE 340090,11.41,13.00,-0.485
TRACE 341912,11.51,12.50,0.467
TRACE 343800,11.63,12.00,0.517
TRACE 345612,11.74,12.00,0.551
TRACE 347433,11.85,12.00,0.586
TRACE 349239,11.95,12.00,0.589
TRACE 351044,12.06,12.00,0.593
TRACE 352870,12.17,12.00,0.596
TRACE 354662,12.28,12.00,0.568
TRACE 356470,12.39,12.00,0.540
TRACE 358300,12.50,12.00,0.543
TRACE 369371,13.16,14.00,0.430
TRACE 371186,13.27,15.00,-0.473
TRACE 373002,13.38,15.00,-0.470
TRACE 374818,13.49,15.00,-0.467
TRACE 376655,13.60,15.50,-0.496
TRACE 378501,13.71,16.00,-0.526
TRACE 380339,13.82,16.00,-0.523
TRACE 382178,13.93,16.00,-0.499
TRACE 383978,14.04,15.50,0.453
TRACE 385815,14.15,15.00,0.502
TRACE 387644,14.26,15.00,0.506
TRACE 389470,14.37,15.00,0.540
TRACE 391313,14.48,15.00,0.575
TRACE 393124,14.59,15.00,0.578
TRACE 394934,14.70,15.00,0.582
TRACE 396748,14.80,15.00,0.553
TRACE 398553,14.91,15.00,0.525
TRACE 400372,15.02,15.00,0.529
TRACE 402174,15.13,16.00,0.439
TRACE 403993,15.24,16.00,0.442
TRACE 405839,15.35,16.00,0.446
TRACE 407661,15.46,17.00,-0.484
TRACE 409471,15.57,17.00,-0.481
TRACE 411312,15.68,17.00,-0.477
TRACE 413153,15.79,17.00,-0.474
TRACE 414984,15.90,17.00,0.433
TRACE 416801,16.01,17.00,0.436
TRACE 418597,16.12,17.00,0.439
TRACE 420403,16.22,17.00,0.505
TRACE 422206,16.33,17.50,0.462
TRACE 424003,16.44,18.00,-0.422
TRACE 425836,16.55,18.00,0.421
TRACE 427749,16.66,18.00,0.425
TRACE 429565,16.77,18.00,0.429
TRACE 431367,16.88,18.50,-0.455
TRACE 433194,16.99,19.00,-0.497
TRACE 435037,17.10,19.00,-0.462
TRACE 436844,17.21,19.00,-0.428
TRACE 438658,17.32,19.00,-0.425
TRACE 440474,17.43,19.00,-0.422
TRACE 442300,17.54,18.50,0.468
TRACE 444098,17.65,18.00,0.549
TRACE 445907,17.75,18.00,0.584
TRACE 447711,17.86,18.00,0.587
TRACE 449530,17.97,18.00,0.590
TRACE 451326,18.08,18.00,0.594
TRACE 453133,18.19,18.00,0.597
TRACE 454932,18.30,19.00,0.475
TRACE 456731,18.40,19.00,0.447
TRACE 458536,18.51,19.00,0.450
TRACE 460344,18.62,19.00,0.453
TRACE 462158,18.73,20.00,-0.477
TRACE 463978,18.84,20.00,-0.473
TRACE 465807,18.95,21.00,-0.563
TRACE 467618,19.06,21.00,-0.496
TRACE 469459,19.17,21.00,-0.493
TRACE 471286,19.28,21.00,-0.489
TRACE 473121,19.39,21.00,-0.486
TRACE 474914,19.49,20.50,0.466
TRACE 476717,19.60,20.00,0.516
TRACE 478533,19.71,20.00,0.582
TRACE 480328,19.82,20.00,0.586
TRACE 482141,19.93,20.00,0.589
TRACE 483979,20.04,20.00,0.592
TRACE 485792,20.15,20.00,0.596
TRACE 487585,20.26,20.00,0.567
TRACE 489409,20.36,20.00,0.539
TRACE 491242,20.47,21.00,0.449
TRACE 493126,20.59,21.00,0.453
TRACE 494941,20.70,21.00,0.456
TRACE 496738,20.80,21.00,0.459
TRACE 498536,20.91,22.00,-0.470
TRACE 500355,21.02,22.00,-0.467
TRACE 502180,21.13,22.00,-0.463
TRACE 504025,21.24,22.50,-0.444
TRACE 505853,21.35,22.50,-0.441
TRACE 507681,21.46,22.50,-0.437
TRACE 509499,21.57,22.00,0.452
TRACE 511309,21.68,22.00,0.518
TRACE 513098,21.79,22.00,0.522
TRACE 514941,21.90,22.00,0.525
TRACE 516751,22.01,22.00,0.560
TRACE 518547,22.11,22.00,0.563
TRACE 520352,22.22,22.00,0.566
TRACE 522157,22.33,22.00,0.538
TRACE 523992,22.44,22.00,0.541
TRACE 525787,22.55,22.00,0.544
TRACE 527583,22.65,22.00,0.548
TRACE 529382,22.76,22.00,0.551
TRACE 531193,22.87,22.00,0.554
TRACE 533005,22.98,23.00,0.464
TRACE 534814,23.09,23.00,0.467
TRACE 536622,23.20,23.00,0.471
TRACE 538447,23.31,23.00,0.474
TRACE 549566,23.97,26.00,-0.518
TRACE 551394,24.08,26.00,-0.515
TRACE 553230,24.19,27.00,-0.578
TRACE 555051,24.30,27.00,-0.538
TRACE 556913,24.41,27.00,-0.534
TRACE 558752,24.53,27.00,-0.531
TRACE 560595,24.64,27.00,-0.527
TRACE 562421,24.75,27.00,-0.442
TRACE 564254,24.86,27.00,-0.439
TRACE 566092,24.97,26.00,0.559
TRACE 567897,25.07,26.00,0.562
TRACE 569709,25.18,26.00,0.566
TRACE 571533,25.29,26.00,0.569
TRACE 573360,25.40,26.00,0.573
TRACE 575165,25.51,26.00,0.576
TRACE 576986,25.62,26.00,0.579
TRACE 578813,25.73,27.00,0.427
TRACE 580620,25.84,27.00,0.430
TRACE 582448,25.95,27.00,0.434
TRACE 584318,26.06,27.50,-0.449
TRACE 586168,26.17,28.00,-0.492
TRACE 587994,26.28,28.00,-0.488
TRACE 589830,26.39,29.00,-0.577
TRACE 591651,26.50,29.00,-0.512
TRACE 593469,26.61,29.00,-0.508
TRACE 595308,26.72,29.00,-0.505
TRACE 597122,26.83,28.50,-0.425
TRACE 598945,26.94,28.00,0.496
TRACE 600767,27.05,28.00,0.499
TRACE 602557,27.15,28.00,0.565
TRACE 604357,27.26,28.00,0.569
TRACE 606145,27.37,28.00,0.572
TRACE 607999,27.48,28.00,0.575
TRACE 609798,27.59,28.00,0.547
TRACE 611594,27.70,29.00,0.426
TRACE 613408,27.80,29.00,0.429
TRACE 615203,27.91,29.00,0.432
TRACE 617020,28.02,29.00,0.435
TRACE 618827,28.13,30.00,-0.494
TRACE 620657,28.24,30.00,-0.491
TRACE 622469,28.35,31.00,-0.581
TRACE 624286,28.46,31.00,-0.514
TRACE 626107,28.57,31.00,-0.511
TRACE 627936,28.68,31.00,-0.507
TRACE 629761,28.79,31.00,-0.504
TRACE 631597,28.90,30.00,0.495
TRACE 633426,29.01,30.00,0.498
TRACE 635231,29.11,30.00,0.564
TRACE 637023,29.22,30.00,0.567
TRACE 638843,29.33,30.00,0.571
TRACE 640634,29.44,30.00,0.574
TRACE 642439,29.55,30.00,0.577
TRACE 644260,29.66,30.00,0.518
TRACE 646062,29.76,30.00,0.521
TRACE 647871,29.87,31.00,0.431
TRACE 649698,29.98,31.00,0.434
TRACE 651500,30.09,31.00,0.437
TRACE 653307,30.20,31.00,0.441
TRACE 655107,30.31,32.00,-0.489
TRACE 656928,30.42,32.00,-0.486
TRACE 658761,30.53,32.00,-0.482
TRACE 660574,30.63,33.00,-0.509
TRACE 662406,30.74,33.00,-0.506
TRACE 664226,30.85,33.00,-0.502
TRACE 666042,30.96,32.50,-0.452
TRACE 667868,31.07,32.00,0.500
TRACE 669657,31.18,32.00,0.503
TRACE 671458,31.29,32.00,0.507
TRACE 673284,31.40,32.00,0.573
TRACE 675109,31.51,32.00,0.576
TRACE 676919,31.62,32.00,0.579
TRACE 678736,31.72,32.00,0.551
TRACE 680553,31.83,32.00,0.523
TRACE 682355,31.94,32.00,0.526
TRACE 684160,32.05,32.00,0.529
TRACE 685974,32.16,32.00,0.533
TRACE 687789,32.27,32.00,0.536
TRACE 689584,32.38,33.00,0.446
TRACE 691387,32.48,33.00,0.449
TRACE 693191,32.59,33.00,0.452
TRACE 694987,32.70,33.00,0.456
TRACE 696787,32.81,34.00,-0.474
TRACE 698609,32.92,34.00,-0.471
TRACE 700425,33.03,35.00,-0.561
TRACE 702320,33.14,35.00,-0.493
TRACE 704139,33.25,35.00,-0.490
TRACE 705958,33.36,35.00,-0.487
TRACE 707796,33.47,35.00,-0.483
TRACE 709605,33.58,35.00,0.423
TRACE 711400,33.68,35.00,0.426
TRACE 713197,33.79,35.00,0.492
TRACE 715010,33.90,35.00,0.495
TRACE 716819,34.01,35.00,0.498
TRACE 727911,34.67,36.00,0.452
TRACE 729748,34.78,36.00,0.455
TRACE 731544,34.89,37.00,-0.448
TRACE 733362,35.00,37.00,-0.445
TRACE 735208,35.11,37.00,-0.441
TRACE 737075,35.22,37.00,-0.438
TRACE 738902,35.33,37.50,-0.468
TRACE 740730,35.44,37.50,-0.467
TRACE 742560,35.55,37.00,0.422
TRACE 744379,35.66,37.00,0.488
TRACE 746183,35.77,37.00,0.491
TRACE 748011,35.88,37.00,0.494
TRACE 749868,35.99,37.00,0.498
TRACE 751678,36.10,37.00,0.532
TRACE 753499,36.21,37.00,0.536
TRACE 755295,36.32,37.00,0.508
TRACE 757104,36.43,37.00,0.511
TRACE 758931,36.54,37.00,0.514
TRACE 760721,36.64,37.50,0.471
TRACE 762532,36.75,38.00,0.427
TRACE 764378,36.86,38.00,0.431
TRACE 766185,36.97,38.00,0.434
TRACE 768003,37.08,39.00,-0.495
TRACE 769824,37.19,39.00,-0.492
TRACE 771648,37.30,39.00,-0.489
TRACE 773457,37.41,39.00,-0.454
TRACE 775271,37.52,39.00,0.421
TRACE 777069,37.62,39.50,-0.463
TRACE 778887,37.73,40.00,-0.506
TRACE 780728,37.84,40.00,-0.440
TRACE 782543,37.95,40.00,-0.436
TRACE 784363,38.06,40.00,-0.433
TRACE 786277,38.18,40.00,-0.429
TRACE 788084,38.29,40.00,-0.426
TRACE 789908,38.39,40.00,0.449
TRACE 791708,38.50,40.00,0.483
TRACE 793529,38.61,40.00,0.486
TRACE 795324,38.72,40.00,0.490
TRACE 797122,38.83,40.00,0.493
TRACE 798948,38.94,40.00,0.496
TRACE 800749,39.04,40.00,0.499
TRACE 802565,39.15,41.00,-0.431
TRACE 804394,39.26,41.00,-0.427
TRACE 806225,39.37,41.00,-0.424
TRACE 808045,39.48,41.00,-0.420
TRACE 809871,39.59,41.00,0.423
TRACE 811686,39.70,41.00,0.426
TRACE 813477,39.81,41.00,0.429
TRACE 815284,39.92,41.00,0.496
TRACE 817114,40.03,41.00,0.499
TRACE 818925,40.14,41.00,0.502
TRACE 820742,40.24,41.00,0.505
TRACE 822558,40.35,42.00,-0.424
TRACE 824388,40.46,42.00,-0.421
TRACE 826202,40.57,42.00,0.422
TRACE 828002,40.68,42.50,-0.461
TRACE 829840,40.79,43.00,-0.504
TRACE 831662,40.90,43.00,-0.501
TRACE 833480,41.01,43.00,-0.497
TRACE 835314,41.12,43.00,-0.431
TRACE 837109,41.23,42.50,0.458
TRACE 838928,41.34,42.00,0.508
TRACE 840726,41.44,42.00,0.543
TRACE 842535,41.55,42.00,0.578
TRACE 844328,41.66,42.00,0.581
TRACE 846145,41.77,42.00,0.584
TRACE 847950,41.88,42.00,0.588
TRACE 849744,41.98,42.00,0.559
TRACE 851652,42.10,42.00,0.531
TRACE 853449,42.21,42.50,0.488
TRACE 855260,42.32,43.00,0.445
TRACE 857053,42.42,43.00,0.448
TRACE 858858,42.53,43.00,0.451
TRACE 860663,42.64,43.50,-0.432
TRACE 862472,42.75,44.00,-0.475
TRACE 864312,42.86,44.00,-0.473
TRACE 866121,42.97,44.00,-0.438
TRACE 867943,43.08,44.50,-0.449
TRACE 869777,43.19,44.50,-0.446
TRACE 871624,43.30,44.50,-0.442
TRACE 873429,43.41,44.00,0.479
TRACE 875240,43.51,44.00,0.513
TRACE 877045,43.62,44.00,0.517
TRACE 878832,43.73,44.00,0.520
TRACE 880676,43.84,44.00,0.555
TRACE 882514,43.95,45.00,0.465
TRACE 884324,44.06,45.00,0.468
TRACE 886122,44.17,45.00,0.440
TRACE 887927,44.28,45.00,0.443
TRACE 889757,44.39,46.00,-0.486
TRACE 891570,44.49,46.00,-0.483
TRACE 893387,44.60,46.00,-0.480
TRACE 895200,44.71,47.00,-0.507
TRACE 906285,45.38,46.50,0.440
TRACE 908105,45.49,46.00,0.476
TRACE 909934,45.60,46.00,0.480
TRACE 911759,45.71,46.00,0.519
TRACE 913561,45.81,46.00,0.522
TRACE 915390,45.92,47.00,0.459
TRACE 917202,46.03,47.00,0.499
TRACE 919008,46.14,47.00,0.471
TRACE 920840,46.25,47.00,0.443
TRACE 922648,46.36,47.00,0.446
TRACE 924475,46.47,48.00,-0.484
TRACE 926317,46.58,48.00,-0.480
TRACE 928165,46.69,48.50,-0.460
TRACE 930008,46.80,49.00,-0.503
TRACE 931821,46.91,49.00,-0.500
TRACE 933651,47.02,49.00,-0.496
TRACE 935483,47.13,49.00,-0.493
TRACE 937301,47.24,48.50,0.459
TRACE 939105,47.35,48.00,0.508
TRACE 940934,47.46,48.00,0.543
TRACE 942858,47.57,48.00,0.577
TRACE 944655,47.68,48.00,0.581
TRACE 946459,47.79,48.00,0.584
TRACE 948273,47.90,48.50,0.541
TRACE 950085,48.01,49.00,0.467
TRACE 951880,48.11,49.00,0.439
TRACE 953695,48.22,49.00,0.442
TRACE 955516,48.33,49.00,0.445
TRACE 957317,48.44,50.00,-0.485
TRACE 959152,48.55,50.00,-0.482
TRACE 960980,48.66,51.00,-0.540
TRACE 962807,48.77,51.00,-0.505
TRACE 964701,48.88,51.00,-0.500
TRACE 966533,48.99,51.00,-0.497
TRACE 968340,49.10,51.00,-0.494
TRACE 970139,49.21,51.00,-0.428
TRACE 971965,49.32,50.00,0.508
TRACE 973775,49.43,50.00,0.573
TRACE 975588,49.54,50.00,0.577
TRACE 977417,49.65,49.50,0.627
TRACE 979224,49.75,49.50,0.630
TRACE 981023,49.86,50.00,0.587
TRACE 982849,49.97,50.00,0.590
TRACE 984663,50.08,50.00,0.530
TRACE 986460,50.19,50.00,0.534
TRACE 988259,50.30,51.00,0.444
TRACE 990075,50.40,51.00,-0.425
TRACE 991883,50.51,51.00,-0.421
TRACE 993702,50.62,52.00,-0.480
TRACE 995525,50.73,52.00,-0.476
TRACE 997348,50.84,52.00,-0.473
TRACE 999177,50.95,52.00,-0.469
TRACE 1000982,51.06,52.00,0.437
TRACE 1002778,51.17,52.00,0.440
TRACE 1004604,51.28,52.00,0.443
TRACE 1006393,51.38,51.50,0.556
TRACE 1008213,51.49,51.50,0.559
TRACE 1010004,51.60,51.50,0.563
TRACE 1011807,51.71,52.00,0.519
TRACE 1013606,51.82,52.00,0.522
TRACE 1015442,51.93,52.00,0.526
TRACE 1017244,52.03,52.00,0.529
TRACE 1019051,52.14,52.00,0.501
TRACE 1020862,52.25,53.00,-0.429
TRACE 1022682,52.36,53.00,-0.426
TRACE 1024491,52.47,53.00,0.449
TRACE 1026321,52.58,53.00,0.452
TRACE 1028109,52.69,54.00,-0.478
TRACE 1029936,52.80,54.00,-0.474
TRACE 1031790,52.91,54.00,-0.470
TRACE 1033629,53.02,54.00,0.436
TRACE 1035436,53.13,54.00,0.439
TRACE 1037261,53.24,54.00,0.442
TRACE 1039098,53.35,54.00,0.446
TRACE 1040914,53.45,54.00,0.512
TRACE 1042710,53.56,54.00,0.515
TRACE 1044517,53.67,54.00,0.518
TRACE 1046327,53.78,54.00,0.521
TRACE 1048159,53.89,54.00,0.525
TRACE 1049968,54.00,54.00,0.528
TRACE 1051765,54.11,54.00,0.531
TRACE 1053563,54.21,54.00,0.534
TRACE 1055364,54.32,54.50,0.491
TRACE 1057170,54.43,55.00,0.448
TRACE 1058972,54.54,55.00,0.451
TRACE 1060859,54.65,55.00,0.455
TRACE 1062690,54.76,56.00,-0.475
TRACE 1064509,54.87,56.00,-0.471
TRACE 1066319,54.98,56.00,-0.468
TRACE 1068144,55.09,57.00,-0.526
TRACE 1069976,55.20,57.00,-0.491
TRACE 1071798,55.31,57.00,-0.488
TRACE 1073620,55.42,57.00,-0.485
TRACE 1075438,55.53,56.50,0.467
TRACE 1086544,56.19,56.00,0.534
TRACE 1088365,56.30,55.00,0.603
TRACE 1090198,56.41,55.00,0.643
TRACE 1092020,56.52,55.00,0.646
TRACE 1093816,56.63,55.00,0.650
TRACE 1095643,56.74,55.00,0.653
TRACE 1097475,56.85,55.50,0.605
TRACE 1099287,56.96,56.00,0.557
TRACE 1101100,57.07,56.00,0.497
TRACE 1102922,57.18,56.00,0.500
TRACE 1104732,57.28,57.00,-0.429
TRACE 1106560,57.39,57.00,-0.426
TRACE 1108399,57.50,57.00,-0.422
TRACE 1110193,57.61,57.50,-0.434
TRACE 1111999,57.72,58.00,-0.446
TRACE 1113810,57.83,58.00,-0.443
TRACE 1115644,57.94,58.00,-0.440
TRACE 1117486,58.05,57.50,0.513
TRACE 1119297,58.16,57.00,0.563
TRACE 1121110,58.27,57.00,0.566
TRACE 1122953,58.38,57.00,0.601
TRACE 1124737,58.48,57.00,0.635
TRACE 1126562,58.59,57.00,0.639
TRACE 1128344,58.70,57.50,0.596
TRACE 1130134,58.81,58.00,0.521
TRACE 1131939,58.92,58.00,0.492
TRACE 1133762,59.03,58.50,0.449
TRACE 1135566,59.13,59.00,-0.435
TRACE 1137377,59.24,59.00,-0.431
TRACE 1139214,59.35,59.00,-0.428
TRACE 1141041,59.46,60.00,-0.486
TRACE 1142867,59.57,60.00,-0.450
TRACE 1144796,59.69,60.00,-0.446
TRACE 1146605,59.80,60.00,0.428
TRACE 1148420,59.91,60.00,0.463
TRACE 1150225,60.01,60.00,0.466
TRACE 1152016,60.12,60.00,0.469
TRACE 1153824,60.23,60.00,0.535
TRACE 1155614,60.34,60.00,0.538
TRACE 1157420,60.45,60.00,0.541
TRACE 1159225,60.55,60.00,0.545
TRACE 1161033,60.66,60.50,0.501
TRACE 1162843,60.77,61.00,0.458
TRACE 1164676,60.88,61.00,0.461
TRACE 1166495,60.99,61.00,0.465
TRACE 1168302,61.10,61.00,0.468
TRACE 1170100,61.21,61.50,0.425
TRACE 1171902,61.31,62.00,-0.459
TRACE 1173722,61.42,62.00,-0.424
TRACE 1175558,61.53,62.50,-0.435
TRACE 1177381,61.64,63.00,-0.479
TRACE 1179203,61.75,63.00,-0.475
TRACE 1181020,61.86,63.00,-0.472
TRACE 1182835,61.97,63.00,-0.437
TRACE 1184644,62.08,63.00,0.438
TRACE 1186451,62.19,62.50,0.487
TRACE 1188265,62.30,62.00,0.568
TRACE 1190068,62.40,62.00,0.603
TRACE 1191865,62.51,62.50,0.560
TRACE 1193698,62.62,63.00,0.517
TRACE 1195492,62.73,63.00,0.520
TRACE 1197325,62.84,63.00,0.523
TRACE 1199144,62.95,63.00,0.495
TRACE 1200965,63.06,64.00,-0.466
TRACE 1202770,63.17,64.00,-0.463
TRACE 1204602,63.28,64.00,-0.428
TRACE 1206426,63.39,65.00,-0.486
TRACE 1208249,63.49,65.00,-0.483
TRACE 1210127,63.61,65.00,-0.479
TRACE 1211971,63.72,65.00,-0.475
TRACE 1213797,63.83,65.00,0.430
TRACE 1215597,63.94,65.00,0.434
TRACE 1217420,64.05,65.00,0.437
TRACE 1219242,64.15,65.00,0.503
TRACE 1221042,64.26,65.00,0.506
TRACE 1222851,64.37,65.00,0.509
TRACE 1224653,64.48,65.00,0.512
TRACE 1226443,64.59,65.00,0.516
TRACE 1228248,64.69,66.00,0.426
TRACE 1230057,64.80,66.00,0.429
TRACE 1231872,64.91,66.00,0.432
TRACE 1233665,65.02,66.00,0.435
TRACE 1235483,65.13,67.00,-0.495
TRACE 1237299,65.24,67.00,-0.491
TRACE 1239111,65.35,67.00,-0.488
TRACE 1241030,65.46,67.00,-0.421
TRACE 1242864,65.57,67.00,0.423
TRACE 1244671,65.68,67.00,0.426
TRACE 1246505,65.79,67.00,0.429
TRACE 1248325,65.90,67.00,0.495
TRACE 1250134,66.01,67.00,0.498
TRACE 1251946,66.12,67.50,0.455
TRACE 1253778,66.23,68.00,-0.428
TRACE 1264826,66.89,68.50,0.425
TRACE 1266683,67.00,68.00,0.462
TRACE 1268507,67.11,68.00,0.465
TRACE 1270329,67.22,68.00,0.468
TRACE 1272167,67.33,68.00,0.472
TRACE 1273982,67.44,68.50,0.460
TRACE 1275822,67.55,69.00,0.448
TRACE 1277647,67.66,69.00,0.457
TRACE 1279471,67.77,69.00,0.428
TRACE 1281275,67.88,69.00,0.432
TRACE 1283090,67.99,69.00,0.435
TRACE 1284895,68.09,69.00,0.438
TRACE 1286725,68.20,70.00,-0.460
TRACE 1288557,68.31,70.00,-0.425
TRACE 1290390,68.42,70.00,-0.422
TRACE 1292207,68.53,70.50,-0.465
TRACE 1294032,68.64,70.50,-0.462
TRACE 1295877,68.75,70.50,-0.458
TRACE 1297690,68.86,70.00,0.431
TRACE 1299499,68.97,70.00,0.497
TRACE 1301440,69.09,70.00,0.501
TRACE 1303228,69.19,70.00,0.504
TRACE 1305040,69.30,70.00,0.538
TRACE 1306844,69.41,70.00,0.542
TRACE 1308654,69.52,70.00,0.545
TRACE 1310453,69.63,70.00,0.517
TRACE 1312282,69.74,70.00,0.520
TRACE 1314068,69.84,71.00,0.430
TRACE 1315859,69.95,71.00,0.433
TRACE 1317658,70.06,71.00,0.436
TRACE 1319479,70.17,71.00,0.440
TRACE 1321290,70.28,71.50,-0.444
TRACE 1323112,70.39,72.00,-0.487
TRACE 1324951,70.50,72.00,-0.483
TRACE 1326759,70.61,72.00,0.423
TRACE 1328581,70.71,72.00,0.427
TRACE 1330415,70.82,72.00,0.430
TRACE 1332223,70.93,72.00,0.433
TRACE 1334034,71.04,72.50,0.421
TRACE 1335837,71.15,73.00,-0.430
TRACE 1337651,71.26,73.00,-0.427
TRACE 1339484,71.37,73.00,-0.424
TRACE 1341292,71.48,73.00,-0.421
TRACE 1343118,71.59,73.00,0.423
TRACE 1344913,71.69,73.00,0.426
TRACE 1346701,71.80,73.00,0.460
TRACE 1348519,71.91,73.00,0.495
TRACE 1350333,72.02,73.00,0.499
TRACE 1352154,72.13,73.50,0.455
TRACE 1353964,72.24,74.00,-0.428
TRACE 1355791,72.35,74.00,-0.425
TRACE 1357604,72.46,74.00,-0.421
TRACE 1359438,72.57,74.00,0.422
TRACE 1361244,72.67,74.00,0.425
TRACE 1363050,72.78,73.50,0.475
TRACE 1364854,72.89,73.00,0.556
TRACE 1366668,73.00,73.00,0.591
TRACE 1368464,73.11,73.00,0.594
TRACE 1370271,73.22,73.50,0.551
TRACE 1372080,73.32,73.50,0.554
TRACE 1373888,73.43,74.00,0.511
TRACE 1375659,73.54,74.00,0.482
TRACE 1377467,73.65,74.00,0.454
TRACE 1379281,73.76,74.00,0.457
TRACE 1381077,73.86,74.00,0.461
TRACE 1382866,73.97,75.00,-0.438
TRACE 1384693,74.08,75.00,-0.435
TRACE 1386516,74.19,75.00,0.440
TRACE 1388326,74.30,75.00,0.444
TRACE 1390251,74.42,75.50,-0.438
TRACE 1392064,74.52,76.00,-0.481
TRACE 1393871,74.63,76.00,-0.478
TRACE 1395683,74.74,76.00,0.428
TRACE 1397495,74.85,76.00,0.431
TRACE 1399299,74.96,76.00,0.434
TRACE 1401101,75.07,76.00,0.437
TRACE 1402902,75.17,76.00,0.472
TRACE 1404693,75.28,76.00,0.506
TRACE 1406519,75.39,76.00,0.510
TRACE 1408322,75.50,76.00,0.513
TRACE 1410124,75.61,77.00,0.423
TRACE 1411941,75.72,77.00,0.426
TRACE 1413759,75.83,77.00,0.430
TRACE 1415587,75.94,77.00,0.433
TRACE 1417392,76.04,78.00,-0.497
TRACE 1419213,76.15,78.00,-0.493
TRACE 1421059,76.26,79.00,-0.583
TRACE 1422876,76.37,79.00,-0.516
TRACE 1424705,76.48,79.00,-0.513
TRACE 1426526,76.59,79.00,-0.510
TRACE 1428370,76.70,79.00,-0.506
TRACE 1430163,76.81,78.50,0.446
TRACE 1431992,76.92,78.00,0.496
TRACE 1433810,77.03,78.00,0.562
TRACE 1444901,77.69,79.00,0.489
TRACE 1446718,77.80,79.00,0.492
TRACE 1448553,77.91,79.00,0.495
TRACE 1450368,78.02,80.00,0.432
TRACE 1452175,78.13,80.00,-0.423
TRACE 1454006,78.24,81.00,-0.504
TRACE 1455844,78.35,81.00,-0.500
TRACE 1457674,78.46,81.00,-0.513
TRACE 1459501,78.57,81.00,-0.510
TRACE 1461327,78.68,81.00,-0.507
TRACE 1463166,78.79,81.00,-0.441
TRACE 1464989,78.90,81.00,-0.437
TRACE 1466859,79.01,81.00,0.468
TRACE 1468662,79.12,81.00,0.472
TRACE 1470479,79.23,81.00,0.475
TRACE 1472302,79.34,81.00,0.478
TRACE 1474102,79.45,81.00,0.481
TRACE 1475917,79.56,81.00,0.485
TRACE 1477739,79.66,81.00,0.488
TRACE 1479560,79.77,81.00,0.491
TRACE 1481415,79.88,81.00,0.495
TRACE 1483238,79.99,81.50,0.451
TRACE 1485047,80.10,82.00,-0.432
TRACE 1486848,80.21,82.00,-0.428
TRACE 1488659,80.32,82.50,-0.472
TRACE 1490462,80.43,83.00,-0.515
TRACE 1492289,80.54,83.00,-0.512
TRACE 1494124,80.65,83.00,-0.508
TRACE 1495950,80.76,83.00,-0.474
TRACE 1497766,80.87,82.50,0.448
TRACE 1499565,80.97,82.00,0.497
TRACE 1501366,81.08,82.00,0.521
TRACE 1503379,81.20,82.00,0.555
TRACE 1505264,81.31,82.00,0.557
TRACE 1507141,81.42,82.00,0.560
TRACE 1509019,81.53,82.00,0.562
TRACE 1510872,81.64,82.00,0.534
TRACE 1512738,81.75,82.00,0.506
TRACE 1514629,81.86,82.00,0.508
TRACE 1516518,81.96,82.50,0.466
TRACE 1518403,82.07,83.00,0.423
TRACE 1520269,82.18,83.00,0.425
TRACE 1522146,82.28,83.00,0.427
TRACE 1524027,82.38,83.00,0.430
TRACE 1525921,82.49,84.00,-0.498
TRACE 1527832,82.59,84.00,-0.495
TRACE 1529728,82.70,85.00,-0.553
TRACE 1531609,82.80,85.00,-0.521
TRACE 1533507,82.90,85.00,-0.518
TRACE 1535390,83.00,85.00,-0.516
TRACE 1537253,83.10,85.00,-0.513
TRACE 1539137,83.20,85.00,-0.451
TRACE 1541041,83.29,85.00,-0.449
TRACE 1542914,83.39,85.00,0.454
TRACE 1544787,83.49,85.00,0.456
TRACE 1546665,83.58,85.00,0.459
TRACE 1548542,83.68,85.00,0.461
TRACE 1550415,83.77,85.00,0.463
TRACE 1552270,83.86,85.00,0.465
TRACE 1554157,83.96,85.00,0.467
TRACE 1556047,84.05,85.00,0.469
TRACE 1557906,84.14,86.00,-0.460
TRACE 1559805,84.23,86.00,-0.457
TRACE 1561682,84.32,86.00,-0.455
TRACE 1563577,84.41,86.00,-0.453
TRACE 1565550,84.50,87.00,-0.541
TRACE 1567448,84.59,87.00,-0.539
TRACE 1569334,84.68,87.00,-0.537
TRACE 1571223,84.77,87.00,-0.475
TRACE 1573109,84.85,86.50,-0.428
TRACE 1575006,84.94,86.00,0.459
TRACE 1576880,85.02,86.00,0.461
TRACE 1578758,85.11,86.00,0.523
TRACE 1580651,85.19,86.00,0.525
TRACE 1582535,85.27,87.00,0.436
TRACE 1584422,85.35,87.00,0.438
TRACE 1586319,85.43,87.00,-0.430
TRACE 1588212,85.51,87.00,-0.459
TRACE 1590092,85.59,87.00,-0.457
TRACE 1591983,85.67,87.00,-0.455
TRACE 1593944,85.75,87.00,-0.453
TRACE 1595822,85.83,87.00,0.448
TRACE 1597706,85.91,87.00,0.450
TRACE 1599564,85.98,87.00,0.452
TRACE 1601451,86.06,87.00,0.453
TRACE 1603323,86.13,87.00,0.455
TRACE 1605204,86.21,87.00,0.456
TRACE 1607076,86.28,87.00,0.458
TRACE 1618226,86.70,87.00,0.466
TRACE 1620128,86.76,88.00,-0.438
TRACE 1622070,86.83,88.00,-0.436
TRACE 1624015,86.90,88.00,-0.435
TRACE 1625969,86.97,88.00,-0.434
TRACE 1627894,87.04,88.50,-0.465
TRACE 1629826,87.10,88.50,-0.463
TRACE 1631751,87.17,88.00,-0.454
TRACE 1633668,87.23,88.00,0.447
TRACE 1635604,87.30,88.00,0.448
TRACE 1637550,87.36,88.00,0.449
TRACE 1639484,87.42,88.00,0.450
TRACE 1641421,87.49,88.00,0.481
TRACE 1643333,87.55,88.00,0.482
TRACE 1645246,87.61,89.00,-0.055
TRACE 1647126,87.66,89.00,-0.055
TRACE 1648996,87.72,89.00,-0.054
TRACE 1650862,87.78,89.00,-0.053
TRACE 1652895,87.84,89.00,-0.052
TRACE 1654742,87.89,89.00,-0.051
TRACE 1656585,87.94,89.00,-0.050
TRACE 1658439,88.00,89.00,0.011
TRACE 1660290,88.05,89.00,0.012
TRACE 1662147,88.10,89.00,0.013
TRACE 1664023,88.15,89.00,0.013
TRACE 1665878,88.20,89.00,0.014
TRACE 1667756,88.25,89.00,0.015
TRACE 1669626,88.30,89.00,0.016
TRACE 1671492,88.35,89.00,0.017
TRACE 1673406,88.40,89.00,0.017
TRACE 1675270,88.44,89.00,0.018
TRACE 1677120,88.49,89.00,0.019
TRACE 1678995,88.54,89.00,0.020
TRACE 1680880,88.58,89.00,0.020
TRACE 1682761,88.63,89.00,0.021
TRACE 1684644,88.67,89.00,0.022
TRACE 1686524,88.71,89.00,0.022
TRACE 1688402,88.75,89.00,0.023
TRACE 1690294,88.80,89.00,0.023
TRACE 1692165,88.84,89.00,0.024
TRACE 1694029,88.88,89.00,0.024
TRACE 1695909,88.92,89.00,0.025
TRACE 1697774,88.95,89.00,0.025
TRACE 1699645,88.99,89.00,0.026
TRACE 1701511,89.03,89.00,0.026
TRACE 1703369,89.07,89.00,0.027
TRACE 1705239,89.10,89.00,0.027
TRACE 1707134,89.14,89.00,0.028
TRACE 1709008,89.17,89.00,0.028
TRACE 1710889,89.21,89.00,0.028
TRACE 1712760,89.24,89.00,0.029
TRACE 1714641,89.27,89.00,0.029
TRACE 1716506,89.30,89.00,0.029
TRACE 1718389,89.33,89.00,0.029
TRACE 1720259,89.36,89.00,0.030
TRACE 1722123,89.39,89.00,0.030
TRACE 1724005,89.42,89.00,0.030
TRACE 1725884,89.45,89.00,0.030
TRACE 1727772,89.48,89.00,0.030
TRACE 1729654,89.51,89.00,0.030
TRACE 1731519,89.53,89.00,0.031
TRACE 1733403,89.56,89.00,0.031
TRACE 1735243,89.58,89.00,0.031
TRACE 1737108,89.60,89.00,0.031
TRACE 1739003,89.63,89.00,0.031
TRACE 1740884,89.65,89.00,0.031
TRACE 1742756,89.67,89.00,0.031
TRACE 1744631,89.69,89.00,0.031
TRACE 1746495,89.71,89.00,0.031
TRACE 1748368,89.73,89.00,0.031
TRACE 1750239,89.75,89.00,0.030
TRACE 1752113,89.77,89.00,0.030
TRACE 1753977,89.79,89.00,0.030
TRACE 1755843,89.81,89.00,0.030
TRACE 1757717,89.82,89.00,0.030
TRACE 1759563,89.84,89.00,0.030
TRACE 1761432,89.85,89.00,0.029
TRACE 1763275,89.87,89.00,0.029
TRACE 1765157,89.88,89.00,0.029
TRACE 1767105,89.89,89.00,0.029
TRACE 1768977,89.90,89.00,0.028
TRACE 1770841,89.91,89.00,0.028
TRACE 1772692,89.93,89.00,0.028
TRACE 1774562,89.94,89.00,0.027
TRACE 1776435,89.94,89.00,0.027
TRACE 1778308,89.95,89.00,0.026
TRACE 1780177,89.96,89.00,0.026
TRACE 1791264,89.99,89.00,0.023
TRACE 1793170,90.00,89.00,0.022
TRACE 1795065,90.00,89.00,0.022
TRACE 1796951,90.00,89.00,0.021
TRACE 1798823,90.00,89.00,0.020
TRACE 1800708,90.00,89.00,0.030
TRACE 1802371,90.00,89.00,0.030
TRACE 1803987,90.00,89.00,0.030
TRACE 1805632,90.00,89.00,0.030
TRACE 1807263,90.00,89.00,0.030
TRACE 1808893,90.00,89.00,0.030
TRACE 1810537,90.00,89.00,0.030
TRACE 1812170,90.00,89.00,0.030
TRACE 1813802,90.00,89.00,0.030
TRACE 1815425,90.00,89.00,0.030
TRACE 1817051,90.00,89.00,0.030
TRACE 1818678,90.00,89.00,0.030
TRACE 1820298,90.00,89.00,0.030
TRACE 1821905,90.00,89.00,0.030
TRACE 1823529,90.00,89.00,0.030
TRACE 1825147,90.00,89.00,0.030
TRACE 1826780,90.00,89.00,0.030
TRACE 1828396,90.00,89.00,0.030
TRACE 1830027,90.00,89.00,0.030
TRACE 1831632,90.00,89.00,0.030
TRACE 1833300,90.00,89.00,0.030
TRACE 1834963,90.00,89.00,0.030
TRACE 1836581,90.00,89.00,0.030
TRACE 1838208,90.00,89.00,0.030
TRACE 1839820,90.00,89.00,0.030
TRACE 1841438,90.00,89.00,0.030
TRACE 1843050,90.00,89.00,0.030
TRACE 1844675,90.00,89.00,0.030
TRACE 1846300,90.00,89.00,0.030
TRACE 1847935,90.00,89.00,0.030
TRACE 1849548,90.00,89.00,0.030
TRACE 1851169,90.00,89.00,0.030
>>> 
HOST arm.nominal = 90
arm.nominal = 90
>>> 
HOST r = arm.move_to(0, "tuning_umax090")
r = arm.move_to(0, "tuning_umax090")
RESULT {"loops": 961, "overshoot": 0.5, "t_reach": 1.6448, "type": "move", "t_settle": 1.7708, "target": 0, "state": "done", "q": null, "tag": "tuning_umax090", "err": 0.0, "err_rest": 0.0, "ok": true, "max_dt_us": 11221, "t_profile": 1.7833, "start": 89.00001, "max_track_err": 2.82}
>>> 
HOST arm_test.cmd_trace(arm, [])
arm_test.cmd_trace(arm, [])
TRACE t_us,ref_deg,pos_deg,duty
TRACE 933,89.00,89.00,-0.430
TRACE 2899,89.00,89.00,-0.431
TRACE 4749,89.00,89.00,-0.432
TRACE 6592,89.00,89.00,-0.433
TRACE 8408,88.99,89.00,-0.433
TRACE 10220,88.99,89.00,-0.434
TRACE 12027,88.99,88.00,0.507
TRACE 13856,88.98,88.00,0.496
TRACE 15667,88.98,88.00,0.496
TRACE 17459,88.97,88.00,0.496
TRACE 19260,88.96,88.00,0.495
TRACE 21031,88.96,88.00,0.494
TRACE 22824,88.95,88.00,0.494
TRACE 24640,88.94,89.00,-0.504
TRACE 26443,88.93,89.00,-0.505
TRACE 28237,88.92,89.00,-0.506
TRACE 30031,88.91,89.00,-0.507
TRACE 31851,88.90,89.00,-0.508
TRACE 33679,88.89,89.00,-0.509
TRACE 35468,88.87,89.00,-0.510
TRACE 37259,88.86,89.00,-0.448
TRACE 39084,88.85,88.00,0.485
TRACE 40864,88.83,88.00,0.484
TRACE 42643,88.82,88.00,0.483
TRACE 44418,88.80,87.50,0.529
TRACE 46217,88.79,88.00,0.481
TRACE 47979,88.77,88.00,0.480
TRACE 49775,88.75,88.00,0.479
TRACE 51554,88.73,88.00,-0.427
TRACE 53345,88.72,89.00,-0.522
TRACE 55151,88.70,89.00,-0.523
TRACE 56935,88.68,89.00,-0.556
TRACE 58736,88.66,89.00,-0.525
TRACE 60629,88.63,89.00,-0.526
TRACE 62424,88.61,89.00,-0.527
TRACE 64205,88.59,88.00,-0.435
TRACE 65975,88.56,88.00,0.467
TRACE 67751,88.54,88.00,0.465
TRACE 69528,88.52,87.50,0.511
TRACE 71307,88.49,87.00,0.556
TRACE 73059,88.47,87.00,0.556
TRACE 74824,88.44,87.50,0.508
TRACE 76584,88.41,88.00,-0.445
TRACE 78356,88.39,88.00,-0.447
TRACE 80149,88.36,88.00,-0.448
TRACE 81946,88.33,88.00,-0.482
TRACE 83747,88.30,89.00,-0.610
TRACE 85561,88.27,89.00,-0.611
TRACE 87338,88.24,88.50,-0.533
TRACE 89142,88.21,88.00,-0.456
TRACE 90915,88.17,88.00,-0.458
TRACE 92702,88.14,88.00,-0.459
TRACE 94478,88.11,88.00,-0.461
TRACE 96257,88.07,87.50,0.488
TRACE 98031,88.04,87.00,0.534
TRACE 99799,88.00,87.00,0.500
TRACE 101552,87.97,87.00,0.467
TRACE 103342,87.93,87.00,0.465
TRACE 105138,87.89,87.00,0.463
TRACE 106908,87.86,87.00,0.462
TRACE 108674,87.82,87.00,0.428
TRACE 110450,87.78,87.00,-0.446
TRACE 112229,87.74,87.50,-0.495
TRACE 114039,87.70,88.00,-0.544
TRACE 115822,87.66,88.00,-0.546
TRACE 117615,87.62,88.00,-0.548
TRACE 119417,87.57,88.00,-0.550
TRACE 121212,87.53,88.00,-0.552
TRACE 122991,87.49,88.00,-0.553
TRACE 124787,87.44,87.50,-0.477
TRACE 126665,87.40,87.00,0.440
TRACE 128431,87.35,87.00,0.438
TRACE 130218,87.30,87.00,0.436
TRACE 131993,87.26,87.00,0.434
TRACE 133775,87.21,87.00,0.432
TRACE 135556,87.16,87.00,0.430
TRACE 137336,87.11,87.00,-0.444
TRACE 139119,87.06,87.00,-0.478
TRACE 140910,87.01,87.00,-0.480
TRACE 142710,86.96,87.00,-0.482
TRACE 144485,86.91,87.00,-0.485
TRACE 146285,86.86,87.00,-0.487
TRACE 148081,86.81,86.00,0.445
TRACE 149871,86.75,86.00,0.442
TRACE 151663,86.70,86.00,0.440
TRACE 153435,86.65,86.00,0.438
TRACE 155209,86.59,86.50,-0.451
TRACE 157096,86.53,87.00,-0.501
TRACE 158873,86.48,87.00,-0.503
TRACE 160651,86.42,87.00,-0.569
TRACE 162428,86.36,87.00,-0.571
TRACE 164205,86.30,87.00,-0.574
TRACE 165984,86.24,87.00,-0.576
TRACE 167763,86.19,86.50,-0.500
TRACE 169547,86.13,86.00,-0.423
TRACE 171322,86.06,86.00,-0.425
TRACE 182424,85.67,85.00,0.438
TRACE 184208,85.61,84.00,0.502
TRACE 185990,85.54,84.00,0.499
TRACE 187776,85.47,84.00,0.497
TRACE 189557,85.41,84.00,0.476
TRACE 191355,85.34,84.00,0.455
TRACE 193137,85.27,84.50,-0.421
TRACE 194950,85.20,85.00,-0.494
TRACE 196748,85.13,85.00,-0.561
TRACE 198540,85.06,85.00,-0.563
TRACE 200336,84.99,85.00,-0.566
TRACE 202148,84.91,85.00,-0.569
TRACE 203964,84.84,85.00,-0.572
TRACE 205768,84.77,85.00,-0.543
TRACE 207549,84.69,85.00,-0.514
TRACE 209338,84.62,85.00,-0.517
TRACE 211120,84.54,84.00,-0.426
TRACE 212931,84.47,84.00,-0.429
TRACE 214717,84.39,84.00,-0.432
TRACE 216500,84.31,83.50,0.452
TRACE 218402,84.23,83.00,0.495
TRACE 220164,84.15,83.00,0.492
TRACE 221955,84.07,83.00,0.489
TRACE 223719,83.99,83.00,0.423
TRACE 225491,83.92,83.00,-0.420
TRACE 227267,83.83,83.00,-0.423
TRACE 229058,83.75,83.00,-0.458
TRACE 230843,83.67,83.00,-0.493
TRACE 232612,83.59,83.00,-0.496
TRACE 234414,83.51,83.00,-0.499
TRACE 236194,83.42,83.00,-0.502
TRACE 237989,83.34,83.00,-0.506
TRACE 239785,83.25,83.00,-0.509
TRACE 241591,83.16,83.00,-0.512
TRACE 243385,83.08,83.00,-0.515
TRACE 245171,82.99,83.00,-0.519
TRACE 246973,82.90,83.00,-0.522
TRACE 248744,82.81,82.50,-0.478
TRACE 250508,82.72,82.00,-0.435
TRACE 252302,82.63,82.00,-0.438
TRACE 254074,82.54,82.00,-0.441
TRACE 255878,82.45,81.50,0.443
TRACE 257662,82.36,81.00,0.486
TRACE 259445,82.27,81.00,0.483
TRACE 261221,82.18,81.00,0.447
TRACE 262986,82.08,81.00,-0.428
TRACE 264779,81.99,81.00,-0.432
TRACE 266566,81.89,81.00,-0.435
TRACE 268331,81.80,81.00,-0.470
TRACE 270119,81.70,81.00,-0.506
TRACE 271906,81.61,81.00,-0.510
TRACE 273689,81.51,81.00,-0.513
TRACE 275469,81.41,81.00,-0.517
TRACE 277241,81.31,81.00,-0.520
TRACE 279023,81.21,80.00,-0.430
TRACE 280789,81.12,80.00,-0.433
TRACE 282574,81.02,80.00,-0.437
TRACE 284376,80.91,79.50,0.446
TRACE 286133,80.81,79.00,0.490
TRACE 287914,80.71,79.00,0.486
TRACE 289712,80.61,79.00,0.482
TRACE 291489,80.50,79.00,-0.426
TRACE 293275,80.40,79.00,-0.430
TRACE 295078,80.29,79.00,-0.433
TRACE 296869,80.19,79.00,-0.469
TRACE 298648,80.08,79.00,-0.505
TRACE 300454,79.97,79.00,-0.499
TRACE 302270,79.86,79.00,-0.502
TRACE 304086,79.75,79.00,-0.505
TRACE 306012,79.64,79.00,-0.509
TRACE 307837,79.53,78.00,0.421
TRACE 309651,79.42,78.00,-0.423
TRACE 311489,79.31,78.00,-0.426
TRACE 313314,79.20,78.00,-0.430
TRACE 315134,79.09,77.50,0.453
TRACE 316948,78.98,77.00,0.496
TRACE 318780,78.87,77.00,0.494
TRACE 320587,78.76,77.00,0.428
TRACE 322411,78.66,77.00,0.424
TRACE 324211,78.55,77.00,0.421
TRACE 326013,78.44,77.00,-0.422
TRACE 327821,78.33,77.00,-0.457
TRACE 329641,78.22,77.00,-0.491
TRACE 331459,78.11,77.00,-0.495
TRACE 333282,78.00,77.00,-0.498
TRACE 335135,77.89,77.00,-0.501
TRACE 336977,77.78,76.50,-0.458
TRACE 338829,77.67,76.00,0.425
TRACE 340647,77.56,76.00,0.421
TRACE 342447,77.45,76.00,-0.422
TRACE 344281,77.34,76.00,-0.425
TRACE 346110,77.23,76.00,-0.429
TRACE 347943,77.12,76.00,-0.432
TRACE 349767,77.01,76.00,-0.466
TRACE 360856,76.35,74.00,0.455
TRACE 362662,76.24,74.00,0.452
TRACE 364463,76.13,74.00,0.449
TRACE 366274,76.02,74.00,0.445
TRACE 368095,75.91,74.00,0.442
TRACE 369911,75.81,74.00,0.439
TRACE 371724,75.70,74.00,0.436
TRACE 373549,75.59,74.00,-0.480
TRACE 375377,75.48,74.00,-0.484
TRACE 377200,75.37,74.00,-0.487
TRACE 379016,75.26,74.00,-0.490
TRACE 380843,75.15,73.50,-0.447
TRACE 382692,75.04,73.00,0.436
TRACE 384500,74.93,73.00,0.433
TRACE 386323,74.82,73.00,0.429
TRACE 388149,74.71,73.00,0.426
TRACE 389944,74.60,73.00,0.423
TRACE 391787,74.49,73.00,-0.421
TRACE 393617,74.38,73.00,-0.455
TRACE 395440,74.27,73.00,-0.490
TRACE 397449,74.15,73.50,-0.539
TRACE 399287,74.04,73.50,-0.543
TRACE 401103,73.93,73.00,-0.500
TRACE 402902,73.83,73.00,-0.503
TRACE 404730,73.72,73.00,-0.507
TRACE 406565,73.61,73.00,-0.510
TRACE 408371,73.50,73.00,-0.513
TRACE 410194,73.39,73.00,-0.485
TRACE 412009,73.28,72.00,0.445
TRACE 413815,73.17,72.00,-0.430
TRACE 415632,73.06,72.00,-0.433
TRACE 417561,72.95,72.00,-0.437
TRACE 419380,72.84,71.00,0.492
TRACE 421175,72.73,71.00,0.489
TRACE 422998,72.62,71.00,0.486
TRACE 424813,72.51,71.00,-0.420
TRACE 426637,72.40,71.00,-0.424
TRACE 428454,72.29,71.00,-0.427
TRACE 430267,72.18,71.00,-0.430
TRACE 432091,72.07,71.00,-0.496
TRACE 433922,71.96,71.00,-0.499
TRACE 435748,71.86,71.00,-0.502
TRACE 437576,71.75,71.00,-0.506
TRACE 439391,71.64,71.00,-0.509
TRACE 441216,71.53,71.00,-0.512
TRACE 443026,71.42,71.00,-0.515
TRACE 444848,71.31,71.00,-0.519
TRACE 446694,71.20,71.00,-0.522
TRACE 448525,71.09,71.00,-0.525
TRACE 450350,70.98,71.00,-0.529
TRACE 452187,70.87,71.00,-0.532
TRACE 454009,70.76,70.00,-0.443
TRACE 455830,70.65,70.00,-0.446
TRACE 457643,70.54,70.00,-0.449
TRACE 459470,70.43,69.00,0.480
TRACE 461280,70.32,69.00,0.477
TRACE 463094,70.21,69.00,0.474
TRACE 464908,70.11,69.00,0.471
TRACE 466732,70.00,69.00,-0.435
TRACE 468561,69.89,69.00,-0.439
TRACE 470384,69.78,69.00,-0.442
TRACE 472227,69.67,69.00,-0.508
TRACE 474031,69.56,69.00,-0.511
TRACE 475842,69.45,68.50,-0.468
TRACE 477670,69.34,68.00,-0.425
TRACE 479487,69.23,68.00,-0.428
TRACE 481290,69.12,68.00,-0.431
TRACE 483145,69.01,67.50,0.451
TRACE 484939,68.90,67.00,0.495
TRACE 486733,68.80,67.00,0.492
TRACE 488542,68.69,67.00,0.457
TRACE 490360,68.58,67.00,0.422
TRACE 492160,68.47,67.00,-0.421
TRACE 493992,68.36,67.00,-0.424
TRACE 495818,68.25,67.00,-0.459
TRACE 497641,68.14,67.00,-0.494
TRACE 499459,68.03,67.00,-0.497
TRACE 501285,67.92,67.00,-0.500
TRACE 503104,67.81,66.00,0.429
TRACE 504909,67.71,66.00,0.426
TRACE 506730,67.60,66.00,0.423
TRACE 508540,67.49,66.00,-0.420
TRACE 510363,67.38,66.00,-0.424
TRACE 512309,67.26,66.00,-0.428
TRACE 514142,67.15,66.00,-0.431
TRACE 515966,67.04,66.00,-0.497
TRACE 517783,66.93,66.00,-0.500
TRACE 519609,66.82,66.00,-0.503
TRACE 521443,66.71,66.00,-0.507
TRACE 523284,66.60,66.00,-0.510
TRACE 525098,66.49,66.00,-0.513
TRACE 536190,65.83,65.00,-0.467
TRACE 538035,65.72,65.00,-0.470
TRACE 539878,65.61,64.00,0.433
TRACE 541685,65.50,64.00,0.429
TRACE 543506,65.39,64.00,0.426
TRACE 545323,65.28,64.00,0.423
TRACE 547157,65.17,64.00,-0.420
TRACE 548984,65.06,64.00,-0.434
TRACE 550823,64.95,64.00,-0.437
TRACE 552629,64.84,64.00,-0.503
TRACE 554469,64.73,64.00,-0.506
TRACE 556309,64.62,64.00,-0.509
TRACE 558141,64.51,63.00,-0.420
TRACE 559985,64.40,63.00,-0.424
TRACE 561817,64.29,63.00,-0.427
TRACE 563627,64.18,63.00,-0.430
TRACE 565439,64.07,62.50,0.453
TRACE 567250,63.96,62.00,0.496
TRACE 569061,63.86,62.00,0.493
TRACE 570861,63.75,62.00,0.427
TRACE 572918,63.62,61.50,0.469
TRACE 574724,63.52,61.50,0.465
TRACE 576520,63.41,62.00,-0.424
TRACE 578340,63.30,62.00,-0.458
TRACE 580162,63.19,62.00,-0.492
TRACE 581971,63.08,62.00,-0.496
TRACE 583790,62.97,62.00,-0.499
TRACE 585639,62.86,61.50,-0.487
TRACE 587461,62.75,61.00,-0.444
TRACE 589295,62.64,61.00,0.424
TRACE 591107,62.53,61.00,0.421
TRACE 592926,62.42,61.00,-0.423
TRACE 594796,62.31,61.00,-0.426
TRACE 596639,62.20,61.00,-0.430
TRACE 598462,62.09,61.00,-0.464
TRACE 600284,61.98,61.00,-0.499
TRACE 602119,61.87,61.00,-0.502
TRACE 603937,61.76,61.00,-0.505
TRACE 605770,61.65,61.00,-0.508
TRACE 607598,61.54,61.00,-0.512
TRACE 609435,61.43,61.00,-0.515
TRACE 611250,61.33,60.00,-0.426
TRACE 613057,61.22,60.00,-0.429
TRACE 614875,61.11,60.00,-0.432
TRACE 616678,61.00,59.00,0.498
TRACE 618503,60.89,59.00,0.494
TRACE 620316,60.78,59.00,0.491
TRACE 622124,60.67,59.00,0.488
TRACE 623924,60.56,59.00,0.422
TRACE 625717,60.46,59.00,-0.421
TRACE 627532,60.35,59.00,-0.424
TRACE 629371,60.24,59.00,-0.491
TRACE 631212,60.13,59.00,-0.494
TRACE 633052,60.02,59.00,-0.497
TRACE 634854,59.91,59.00,-0.501
TRACE 636681,59.80,59.00,-0.504
TRACE 638498,59.69,59.00,-0.507
TRACE 640326,59.58,59.00,-0.511
TRACE 642122,59.47,59.00,-0.514
TRACE 643946,59.36,59.00,-0.517
TRACE 645779,59.25,58.00,-0.428
TRACE 647616,59.14,58.00,-0.431
TRACE 649428,59.03,57.50,0.452
TRACE 651237,58.93,57.00,0.495
TRACE 653029,58.82,57.00,0.493
TRACE 654836,58.71,57.00,0.489
TRACE 656650,58.60,57.00,0.486
TRACE 658559,58.49,57.00,-0.421
TRACE 660379,58.38,57.00,-0.424
TRACE 662205,58.27,57.00,-0.459
TRACE 664050,58.16,57.00,-0.493
TRACE 665888,58.05,57.00,-0.497
TRACE 667703,57.94,56.50,-0.454
TRACE 669538,57.83,56.00,0.429
TRACE 671350,57.72,56.00,0.426
TRACE 673177,57.61,56.00,0.423
TRACE 674982,57.50,56.50,-0.467
TRACE 676794,57.39,57.00,-0.516
TRACE 678627,57.28,57.00,-0.520
TRACE 680451,57.17,57.00,-0.554
TRACE 682302,57.06,57.00,-0.589
TRACE 684114,56.95,57.00,-0.592
TRACE 685951,56.84,56.50,-0.549
TRACE 687887,56.73,56.00,-0.475
TRACE 689707,56.62,56.00,-0.448
TRACE 691517,56.51,56.00,-0.451
TRACE 693354,56.40,56.00,-0.454
TRACE 695183,56.29,55.50,0.429
TRACE 696991,56.18,55.00,0.472
TRACE 698790,56.07,55.00,0.438
TRACE 700602,55.96,55.00,-0.436
TRACE 711685,55.30,55.00,-0.483
TRACE 713546,55.19,55.00,-0.486
TRACE 715382,55.08,55.00,-0.489
TRACE 717210,54.97,55.00,-0.511
TRACE 719047,54.86,55.00,-0.532
TRACE 720895,54.75,55.00,-0.536
TRACE 722732,54.64,55.00,-0.539
TRACE 724553,54.53,54.50,-0.496
TRACE 726386,54.42,54.00,-0.453
TRACE 728224,54.31,54.00,-0.457
TRACE 730043,54.20,54.00,-0.460
TRACE 731884,54.09,54.00,-0.463
TRACE 733716,53.98,54.00,-0.466
TRACE 735583,53.87,53.50,-0.424
TRACE 737408,53.76,53.00,0.428
TRACE 739229,53.65,53.00,-0.446
TRACE 741061,53.54,53.00,-0.450
TRACE 742912,53.43,53.00,-0.453
TRACE 744749,53.32,52.00,0.476
TRACE 746557,53.21,52.00,0.473
TRACE 748540,53.09,52.00,0.437
TRACE 750333,52.98,52.00,-0.437
TRACE 752162,52.87,52.00,-0.440
TRACE 753987,52.76,52.00,-0.443
TRACE 755812,52.65,51.50,0.440
TRACE 757610,52.54,51.00,0.421
TRACE 759438,52.43,51.00,-0.423
TRACE 761255,52.32,51.00,-0.425
TRACE 763072,52.22,51.00,-0.429
TRACE 764894,52.11,51.50,-0.478
TRACE 766710,52.00,51.50,-0.482
TRACE 768527,51.89,51.00,-0.470
TRACE 770377,51.78,51.00,-0.505
TRACE 772212,51.67,51.00,-0.508
TRACE 774032,51.56,51.00,-0.511
TRACE 775861,51.45,51.00,-0.515
TRACE 777685,51.34,51.00,-0.487
TRACE 779494,51.23,51.00,-0.490
TRACE 781306,51.12,51.00,-0.524
TRACE 783145,51.01,51.00,-0.528
TRACE 784977,50.90,51.00,-0.531
TRACE 786812,50.79,51.00,-0.534
TRACE 788632,50.68,50.50,-0.491
TRACE 790459,50.57,50.00,-0.448
TRACE 792269,50.46,50.00,-0.451
TRACE 794077,50.36,49.50,0.432
TRACE 795889,50.25,49.00,0.475
TRACE 797681,50.14,49.00,0.472
TRACE 799485,50.03,49.00,0.469
TRACE 801309,49.92,49.00,0.434
TRACE 803123,49.81,49.00,-0.440
TRACE 804945,49.70,49.00,-0.444
TRACE 806783,49.59,49.00,-0.479
TRACE 808612,49.48,49.00,-0.514
TRACE 810429,49.37,49.00,-0.517
TRACE 812269,49.26,49.00,-0.520
TRACE 814089,49.15,49.00,-0.523
TRACE 815912,49.05,49.00,-0.527
TRACE 817725,48.94,48.00,-0.437
TRACE 819566,48.83,48.00,-0.441
TRACE 821379,48.72,48.00,-0.444
TRACE 823212,48.61,47.00,0.485
TRACE 825031,48.50,47.00,0.482
TRACE 826816,48.39,47.00,0.479
TRACE 828603,48.28,47.00,0.477
TRACE 830402,48.18,47.00,-0.430
TRACE 832247,48.07,46.50,0.454
TRACE 834189,47.95,46.50,0.449
TRACE 835985,47.84,47.00,-0.503
TRACE 837801,47.73,47.00,-0.506
TRACE 839617,47.62,47.00,-0.509
TRACE 841425,47.51,47.00,-0.513
TRACE 843255,47.40,47.00,-0.516
TRACE 845076,47.30,46.00,-0.458
TRACE 846891,47.19,46.50,-0.507
TRACE 848706,47.08,46.00,-0.433
TRACE 850552,46.97,46.00,-0.436
TRACE 852369,46.86,46.00,-0.440
TRACE 854195,46.75,46.00,-0.443
TRACE 856011,46.64,46.00,-0.446
TRACE 857859,46.53,46.00,-0.512
TRACE 859677,46.42,46.00,-0.484
TRACE 861512,46.31,45.00,-0.426
TRACE 863455,46.19,45.00,-0.430
TRACE 865266,46.08,45.00,-0.433
TRACE 867092,45.97,45.00,-0.437
TRACE 868917,45.86,44.00,0.492
TRACE 870732,45.76,44.00,0.489
TRACE 872566,45.65,44.00,0.486
TRACE 874381,45.54,44.00,0.420
TRACE 876204,45.43,44.00,-0.422
TRACE 887276,44.76,43.00,0.438
TRACE 889127,44.65,43.00,0.434
TRACE 890962,44.54,43.00,-0.445
TRACE 892784,44.43,43.00,-0.449
TRACE 894595,44.32,43.00,-0.452
TRACE 896455,44.21,43.00,-0.455
TRACE 898272,44.10,43.00,-0.459
TRACE 900115,43.99,43.00,-0.498
TRACE 901946,43.88,43.00,-0.502
TRACE 903783,43.77,43.00,-0.505
TRACE 905615,43.66,43.00,-0.508
TRACE 907441,43.55,43.00,-0.511
TRACE 909260,43.44,43.00,-0.515
TRACE 911105,43.33,43.00,-0.518
TRACE 912936,43.22,43.00,-0.521
TRACE 914774,43.11,42.50,-0.478
TRACE 916595,43.00,42.00,-0.435
TRACE 918432,42.89,42.00,-0.439
TRACE 920279,42.78,42.00,-0.442
TRACE 922112,42.67,41.00,0.487
TRACE 924050,42.56,41.00,0.482
TRACE 925876,42.45,41.00,0.479
TRACE 927692,42.34,41.00,0.445
TRACE 929502,42.23,41.00,-0.429
TRACE 931323,42.12,41.00,-0.432
TRACE 933152,42.01,41.00,-0.436
TRACE 934964,41.90,41.00,-0.501
TRACE 936796,41.79,41.00,-0.504
TRACE 938609,41.68,41.00,-0.507
TRACE 940444,41.57,41.00,-0.511
TRACE 942262,41.46,41.00,-0.514
TRACE 944086,41.35,41.00,-0.517
TRACE 945938,41.24,41.00,-0.521
TRACE 947757,41.13,41.00,-0.524
TRACE 949599,41.02,41.00,-0.527
TRACE 951435,40.91,41.00,-0.531
TRACE 953248,40.81,41.00,-0.534
TRACE 955069,40.70,40.00,-0.445
TRACE 956903,40.59,40.00,-0.448
TRACE 958717,40.48,39.50,0.435
TRACE 960521,40.37,39.00,0.478
TRACE 962356,40.26,39.00,0.475
TRACE 964160,40.15,39.00,0.472
TRACE 965976,40.04,39.00,0.469
TRACE 967793,39.93,39.00,-0.437
TRACE 969625,39.82,39.00,-0.440
TRACE 971438,39.71,39.00,-0.475
TRACE 973248,39.61,39.00,-0.510
TRACE 975086,39.49,39.00,-0.513
TRACE 976908,39.39,39.00,-0.516
TRACE 978726,39.28,39.00,-0.520
TRACE 980526,39.17,39.00,-0.523
TRACE 982371,39.06,38.00,-0.434
TRACE 984200,38.95,38.00,-0.437
TRACE 986016,38.84,38.00,-0.440
TRACE 987857,38.73,37.00,0.489
TRACE 989670,38.62,37.00,0.486
TRACE 991469,38.51,37.00,0.483
TRACE 993280,38.40,37.00,0.480
TRACE 995087,38.29,37.00,-0.426
TRACE 996905,38.19,37.00,-0.429
TRACE 998746,38.08,37.00,-0.433
TRACE 1000585,37.96,36.50,-0.453
TRACE 1002412,37.86,36.50,-0.456
TRACE 1004234,37.75,36.00,0.427
TRACE 1006041,37.64,36.00,0.424
TRACE 1007844,37.53,36.00,0.421
TRACE 1009747,37.42,36.50,-0.469
TRACE 1011598,37.30,37.00,-0.519
TRACE 1013409,37.20,37.00,-0.553
TRACE 1015238,37.09,37.00,-0.557
TRACE 1017052,36.98,37.00,-0.591
TRACE 1018893,36.87,37.00,-0.594
TRACE 1020726,36.76,36.50,-0.551
TRACE 1022572,36.65,36.00,-0.477
TRACE 1024402,36.54,36.00,-0.449
TRACE 1026225,36.43,36.00,-0.453
TRACE 1028044,36.32,36.00,-0.456
TRACE 1029880,36.21,35.50,0.427
TRACE 1031693,36.10,35.00,0.470
TRACE 1033499,35.99,35.00,0.436
TRACE 1035317,35.88,35.00,-0.439
TRACE 1037155,35.77,35.00,-0.442
TRACE 1039069,35.66,35.00,-0.446
TRACE 1040882,35.55,35.00,-0.449
TRACE 1042706,35.44,35.00,-0.484
TRACE 1044535,35.33,35.00,-0.518
TRACE 1046362,35.22,35.00,-0.521
TRACE 1048189,35.11,35.00,-0.525
TRACE 1049999,35.00,35.00,-0.528
TRACE 1051815,34.89,35.00,-0.531
TRACE 1062885,34.23,35.00,-0.551
TRACE 1064747,34.12,34.50,-0.521
TRACE 1066569,34.01,34.50,-0.525
TRACE 1068419,33.89,34.00,-0.495
TRACE 1070240,33.79,34.00,-0.498
TRACE 1072070,33.68,34.00,-0.501
TRACE 1073893,33.57,34.00,-0.505
TRACE 1075741,33.46,34.00,-0.482
TRACE 1077569,33.35,33.00,-0.424
TRACE 1079406,33.24,33.00,-0.427
TRACE 1081234,33.13,33.00,-0.462
TRACE 1083068,33.02,32.50,0.421
TRACE 1084888,32.91,32.00,0.464
TRACE 1086740,32.80,32.00,0.460
TRACE 1088572,32.69,32.00,0.457
TRACE 1090378,32.58,32.00,-0.448
TRACE 1092192,32.47,31.50,0.435
TRACE 1094050,32.36,31.50,0.431
TRACE 1095855,32.25,31.50,-0.443
TRACE 1097695,32.14,32.00,-0.524
TRACE 1099656,32.02,32.00,-0.527
TRACE 1101497,31.91,32.00,-0.531
TRACE 1103320,31.80,31.50,-0.488
TRACE 1105149,31.69,31.00,-0.476
TRACE 1106972,31.58,31.00,-0.480
TRACE 1108779,31.47,31.00,-0.483
TRACE 1110614,31.36,31.00,-0.455
TRACE 1112448,31.25,31.00,-0.458
TRACE 1114289,31.14,31.00,-0.461
TRACE 1116124,31.03,31.00,-0.496
TRACE 1117944,30.92,31.00,-0.530
TRACE 1119774,30.81,30.00,-0.441
TRACE 1121618,30.70,30.00,-0.445
TRACE 1123452,30.59,29.50,0.438
TRACE 1125284,30.48,29.00,0.481
TRACE 1127070,30.38,29.00,0.478
TRACE 1128861,30.27,29.00,0.476
TRACE 1130665,30.16,29.00,0.473
TRACE 1132466,30.05,29.00,-0.433
TRACE 1134298,29.94,29.00,-0.437
TRACE 1136115,29.83,29.00,-0.471
TRACE 1137949,29.72,29.00,-0.506
TRACE 1139745,29.62,29.50,-0.556
TRACE 1141554,29.51,29.50,-0.559
TRACE 1143384,29.40,29.00,-0.516
TRACE 1145200,29.29,29.00,-0.519
TRACE 1147015,29.18,29.00,-0.523
TRACE 1148847,29.07,29.00,-0.526
TRACE 1150676,28.96,29.00,-0.529
TRACE 1152518,28.85,29.00,-0.501
TRACE 1154336,28.74,29.00,-0.505
TRACE 1156169,28.63,29.00,-0.539
TRACE 1158000,28.52,28.00,-0.450
TRACE 1159816,28.41,28.00,-0.453
TRACE 1161630,28.30,28.00,-0.456
TRACE 1163437,28.19,27.00,0.473
TRACE 1165271,28.08,27.00,0.470
TRACE 1167085,27.97,27.00,0.467
TRACE 1168896,27.87,26.50,0.510
TRACE 1170710,27.76,26.00,0.491
TRACE 1172522,27.65,26.00,0.487
TRACE 1174330,27.54,26.00,0.484
TRACE 1176132,27.43,27.00,-0.515
TRACE 1177972,27.32,27.00,-0.518
TRACE 1179813,27.21,27.00,-0.522
TRACE 1181624,27.10,27.00,-0.556
TRACE 1183455,26.99,27.00,-0.591
TRACE 1185405,26.88,27.00,-0.594
TRACE 1187225,26.77,27.00,-0.597
TRACE 1189063,26.66,26.00,-0.446
TRACE 1190901,26.55,26.00,-0.450
TRACE 1192734,26.44,26.00,-0.453
TRACE 1194562,26.33,25.50,0.430
TRACE 1196388,26.22,25.00,0.472
TRACE 1198204,26.11,25.00,0.470
TRACE 1200014,26.00,25.00,0.467
TRACE 1201827,25.89,25.00,-0.439
TRACE 1203671,25.78,25.00,-0.442
TRACE 1205493,25.67,25.00,-0.445
TRACE 1207301,25.56,25.00,-0.480
TRACE 1209115,25.45,25.00,-0.514
TRACE 1210945,25.34,25.00,-0.518
TRACE 1212764,25.23,25.00,-0.521
TRACE 1214671,25.12,25.00,-0.524
TRACE 1216500,25.01,25.00,-0.528
TRACE 1218329,24.90,25.00,-0.531
TRACE 1220155,24.79,24.50,-0.488
TRACE 1221983,24.68,24.00,-0.445
TRACE 1223799,24.57,24.00,-0.449
TRACE 1225639,24.46,24.00,-0.452
TRACE 1227471,24.35,24.00,-0.455
TRACE 1238519,23.69,22.50,0.438
TRACE 1240376,23.58,22.00,0.468
TRACE 1242216,23.47,22.00,0.447
TRACE 1244040,23.36,22.00,0.425
TRACE 1245842,23.25,21.50,0.455
TRACE 1247667,23.14,21.50,0.452
TRACE 1249521,23.03,21.50,0.449
TRACE 1251354,22.92,22.00,-0.469
TRACE 1253193,22.81,22.00,-0.504
TRACE 1255007,22.70,22.00,-0.507
TRACE 1256864,22.59,22.00,-0.510
TRACE 1258710,22.48,22.00,-0.545
TRACE 1260537,22.37,22.00,-0.548
TRACE 1262377,22.26,21.00,-0.459
TRACE 1264191,22.15,21.00,-0.431
TRACE 1266034,22.04,21.00,-0.435
TRACE 1267866,21.93,21.00,-0.438
TRACE 1269707,21.82,21.00,-0.441
TRACE 1271530,21.71,20.00,0.488
TRACE 1273358,21.60,20.00,0.485
TRACE 1275307,21.48,19.50,0.464
TRACE 1277126,21.37,19.00,0.507
TRACE 1278950,21.26,19.00,0.504
TRACE 1280773,21.15,19.50,0.455
TRACE 1282580,21.05,20.00,-0.434
TRACE 1284414,20.94,20.00,-0.500
TRACE 1286249,20.83,20.00,-0.503
TRACE 1288076,20.72,20.00,-0.538
TRACE 1289893,20.61,20.00,-0.572
TRACE 1291732,20.50,20.00,-0.576
TRACE 1293560,20.39,20.00,-0.548
TRACE 1295379,20.28,20.00,-0.520
TRACE 1297290,20.16,19.50,-0.477
TRACE 1299127,20.05,19.00,-0.434
TRACE 1300932,19.94,19.00,-0.437
TRACE 1302756,19.83,19.00,-0.441
TRACE 1304589,19.72,19.00,-0.444
TRACE 1306413,19.62,18.50,0.439
TRACE 1308219,19.51,18.00,0.482
TRACE 1310012,19.40,18.00,0.448
TRACE 1311818,19.29,18.00,-0.426
TRACE 1313637,19.18,18.00,-0.430
TRACE 1315459,19.07,18.00,-0.433
TRACE 1317284,18.96,18.00,-0.436
TRACE 1319097,18.85,18.00,-0.471
TRACE 1320929,18.74,17.50,-0.459
TRACE 1322773,18.63,17.00,0.424
TRACE 1324594,18.52,17.00,0.420
TRACE 1326390,18.42,17.00,-0.423
TRACE 1328213,18.31,17.00,-0.426
TRACE 1330046,18.20,17.00,-0.429
TRACE 1331851,18.09,17.00,-0.433
TRACE 1333652,17.98,17.00,-0.467
TRACE 1335481,17.87,16.50,-0.455
TRACE 1337298,17.76,16.00,0.428
TRACE 1339108,17.65,16.00,0.425
TRACE 1340936,17.54,16.00,0.421
TRACE 1342743,17.44,16.00,-0.422
TRACE 1344569,17.33,16.00,-0.425
TRACE 1346406,17.22,16.00,-0.429
TRACE 1348239,17.11,16.00,-0.463
TRACE 1350063,17.00,16.00,-0.498
TRACE 1351895,16.89,15.50,-0.455
TRACE 1353725,16.78,15.00,0.428
TRACE 1355533,16.67,15.00,0.425
TRACE 1357331,16.56,15.00,0.421
TRACE 1359146,16.45,15.00,-0.422
TRACE 1361054,16.34,15.00,-0.425
TRACE 1362884,16.23,15.00,-0.429
TRACE 1364713,16.12,15.00,-0.463
TRACE 1366547,16.01,15.00,-0.498
TRACE 1368364,15.90,15.00,-0.501
TRACE 1370212,15.79,15.00,-0.504
TRACE 1372038,15.68,15.00,-0.508
TRACE 1373854,15.57,15.00,-0.511
TRACE 1375691,15.46,15.00,-0.514
TRACE 1377503,15.35,14.50,-0.471
TRACE 1379333,15.24,14.50,-0.475
TRACE 1381162,15.13,14.00,-0.432
TRACE 1382958,15.02,14.00,-0.435
TRACE 1384771,14.91,14.00,-0.438
TRACE 1386597,14.80,14.00,-0.441
TRACE 1388427,14.69,14.00,-0.444
TRACE 1390333,14.58,13.00,0.453
TRACE 1392152,14.47,13.00,0.450
TRACE 1393950,14.36,13.00,-0.425
TRACE 1395777,14.25,13.00,-0.428
TRACE 1397574,14.15,13.00,-0.431
TRACE 1399417,14.03,13.00,-0.435
TRACE 1401241,13.93,13.00,-0.438
TRACE 1403093,13.81,12.50,-0.457
TRACE 1404929,13.70,12.00,0.426
TRACE 1416070,13.04,11.00,0.445
TRACE 1417908,12.93,10.50,0.475
TRACE 1419731,12.82,10.00,0.505
TRACE 1421558,12.71,10.00,0.502
TRACE 1423390,12.60,10.00,0.498
TRACE 1425227,12.49,10.00,0.477
TRACE 1427040,12.38,10.00,0.456
TRACE 1428872,12.27,10.00,0.443
TRACE 1430686,12.16,10.00,-0.432
TRACE 1432535,12.05,10.00,-0.467
TRACE 1434361,11.94,10.00,-0.470
TRACE 1436216,11.83,10.00,-0.473
TRACE 1438042,11.72,10.00,-0.476
TRACE 1439864,11.61,10.00,-0.480
TRACE 1441688,11.50,10.00,-0.483
TRACE 1443516,11.39,9.50,-0.440
TRACE 1445350,11.28,9.00,0.443
TRACE 1447171,11.17,9.00,0.440
TRACE 1448997,11.06,9.00,0.436
TRACE 1450810,10.95,9.00,0.433
TRACE 1452657,10.84,9.00,0.430
TRACE 1454481,10.73,9.00,0.426
TRACE 1456278,10.62,9.00,-0.448
TRACE 1458089,10.51,9.00,-0.483
TRACE 1459929,10.40,9.00,-0.486
TRACE 1461759,10.29,9.00,-0.489
TRACE 1463592,10.18,9.00,-0.492
TRACE 1465394,10.08,9.00,-0.496
TRACE 1467236,9.97,9.00,-0.499
TRACE 1469080,9.86,9.00,-0.502
TRACE 1470898,9.75,9.00,-0.506
TRACE 1472817,9.63,9.00,-0.509
TRACE 1474620,9.52,9.00,-0.512
TRACE 1476435,9.41,9.00,-0.516
TRACE 1478261,9.30,9.00,-0.519
TRACE 1480074,9.20,8.00,-0.430
TRACE 1481890,9.09,8.00,-0.433
TRACE 1483724,8.98,8.00,-0.426
TRACE 1485617,8.86,7.00,0.504
TRACE 1487480,8.75,7.00,0.500
TRACE 1489355,8.64,7.00,0.497
TRACE 1491247,8.53,7.00,0.494
TRACE 1493131,8.42,6.50,0.475
TRACE 1495019,8.31,6.50,0.472
TRACE 1496897,8.20,7.00,0.424
TRACE 1498780,8.10,7.00,-0.480
TRACE 1500672,7.99,7.00,-0.482
TRACE 1502564,7.88,7.00,-0.485
TRACE 1504475,7.78,7.00,-0.487
TRACE 1506361,7.67,7.00,-0.520
TRACE 1508265,7.57,7.00,-0.522
TRACE 1510169,7.46,6.50,-0.449
TRACE 1512051,7.36,6.00,0.433
TRACE 1513947,7.26,6.00,0.431
TRACE 1515833,7.16,6.00,0.429
TRACE 1517721,7.05,6.00,0.426
TRACE 1519605,6.96,6.00,0.424
TRACE 1521488,6.86,6.00,0.422
TRACE 1523361,6.76,6.00,-0.451
TRACE 1525251,6.66,7.00,-0.574
TRACE 1527132,6.56,7.00,-0.576
TRACE 1529023,6.47,7.00,-0.578
TRACE 1530930,6.37,7.00,-0.580
TRACE 1532826,6.28,7.00,-0.582
TRACE 1534748,6.18,7.00,-0.584
TRACE 1536681,6.08,6.00,-0.496
TRACE 1538592,5.99,6.00,-0.438
TRACE 1540490,5.90,6.00,-0.441
TRACE 1542389,5.81,6.00,-0.443
TRACE 1544261,5.72,5.00,0.485
TRACE 1546151,5.63,5.00,0.483
TRACE 1548030,5.54,5.00,0.482
TRACE 1549907,5.45,5.00,-0.420
TRACE 1551802,5.36,5.00,-0.422
TRACE 1553708,5.27,5.00,-0.424
TRACE 1555587,5.19,5.00,-0.426
TRACE 1557472,5.10,5.00,-0.488
TRACE 1559356,5.02,5.00,-0.490
TRACE 1561251,4.93,5.00,-0.492
TRACE 1563217,4.85,5.00,-0.494
TRACE 1565109,4.76,5.00,-0.496
TRACE 1567030,4.68,5.00,-0.498
TRACE 1568937,4.60,5.00,-0.499
TRACE 1570833,4.52,4.50,-0.456
TRACE 1572736,4.44,4.50,-0.458
TRACE 1574632,4.36,4.00,0.425
TRACE 1576512,4.28,4.00,0.424
TRACE 1587733,3.83,5.00,-0.516
TRACE 1589666,3.75,5.00,-0.517
TRACE 1591593,3.68,5.00,-0.519
TRACE 1593489,3.60,5.00,-0.538
TRACE 1595403,3.53,5.00,-0.539
TRACE 1597298,3.46,5.00,-0.558
TRACE 1599225,3.39,5.00,-0.560
TRACE 1601128,3.32,5.00,-0.526
TRACE 1603046,3.25,5.00,-0.527
TRACE 1604933,3.18,4.00,-0.439
TRACE 1606844,3.11,4.00,-0.440
TRACE 1608792,3.05,4.00,-0.442
TRACE 1610673,2.98,3.00,0.487
TRACE 1612548,2.92,3.00,0.486
TRACE 1614435,2.85,3.00,0.485
TRACE 1616312,2.79,3.00,0.484
TRACE 1618197,2.73,3.00,0.423
TRACE 1620055,2.67,3.00,0.422
TRACE 1621979,2.60,3.00,0.421
TRACE 1623853,2.54,3.00,-0.481
TRACE 1625745,2.48,3.00,-0.482
TRACE 1627633,2.42,3.50,-0.529
TRACE 1629509,2.37,4.00,-0.575
TRACE 1631401,2.31,4.00,-0.576
TRACE 1633299,2.25,3.50,-0.532
TRACE 1635189,2.19,3.00,-0.487
TRACE 1637071,2.14,3.00,-0.488
TRACE 1638986,2.08,3.00,-0.489
TRACE 1640974,2.03,3.00,-0.460
TRACE 1642860,1.97,2.50,0.454
TRACE 1644752,1.92,2.00,0.498
TRACE 1646682,1.87,2.00,0.466
TRACE 1648585,1.82,1.50,0.481
TRACE 1650499,1.76,1.00,0.104
TRACE 1652336,1.72,1.00,0.104
TRACE 1654201,1.67,1.00,0.105
TRACE 1656049,1.62,1.50,0.448
TRACE 1657959,1.57,2.00,-0.468
TRACE 1659901,1.52,2.00,-0.469
TRACE 1661834,1.48,2.00,-0.500
TRACE 1663752,1.43,2.00,-0.531
TRACE 1665655,1.38,2.00,-0.531
TRACE 1667579,1.34,1.50,-0.486
TRACE 1669549,1.29,1.00,0.008
TRACE 1671419,1.25,1.00,0.037
TRACE 1673252,1.21,1.00,0.037
TRACE 1675093,1.17,1.00,0.037
TRACE 1676950,1.13,1.00,0.036
TRACE 1678792,1.09,1.00,0.036
TRACE 1680636,1.05,1.00,0.005
TRACE 1682502,1.02,1.00,-0.026
TRACE 1684382,0.98,1.00,-0.026
TRACE 1686247,0.94,1.00,-0.027
TRACE 1688108,0.91,1.00,-0.027
TRACE 1689977,0.87,1.00,-0.027
TRACE 1691853,0.84,1.00,-0.028
TRACE 1693744,0.80,1.00,-0.028
TRACE 1695646,0.77,1.00,-0.029
TRACE 1697522,0.74,1.00,-0.029
TRACE 1699406,0.70,1.00,-0.029
TRACE 1701284,0.67,1.00,-0.029
TRACE 1703282,0.64,1.00,-0.030
TRACE 1705173,0.61,1.00,-0.030
TRACE 1707049,0.58,1.00,-0.030
TRACE 1708947,0.55,1.50,-0.495
TRACE 1710873,0.53,2.00,-0.540
TRACE 1712789,0.50,2.00,-0.540
TRACE 1714711,0.47,2.00,-0.540
TRACE 1716656,0.44,1.50,-0.496
TRACE 1718609,0.42,1.00,-0.031
TRACE 1720481,0.40,1.00,-0.031
TRACE 1722350,0.37,1.00,-0.001
TRACE 1724219,0.35,1.00,0.029
TRACE 1726083,0.33,1.00,0.029
TRACE 1727936,0.31,1.00,0.030
TRACE 1729786,0.29,1.00,-0.000
TRACE 1731710,0.27,1.00,-0.031
TRACE 1733580,0.25,1.00,-0.030
TRACE 1735432,0.23,1.00,-0.030
TRACE 1737321,0.21,1.50,-0.496
TRACE 1739264,0.19,2.00,-0.541
TRACE 1741153,0.18,2.00,-0.540
TRACE 1743074,0.16,2.00,-0.540
TRACE 1754232,0.08,1.00,-0.028
TRACE 1756130,0.07,1.00,-0.028
TRACE 1758011,0.06,0.00,0.038
TRACE 1759841,0.06,0.00,0.056
TRACE 1761648,0.05,0.00,0.075
TRACE 1763473,0.04,0.00,0.076
TRACE 1765290,0.03,-0.50,0.110
TRACE 1767137,0.03,-0.50,0.113
TRACE 1768964,0.02,-0.50,0.114
TRACE 1770791,0.02,0.00,0.006
TRACE 1772628,0.01,0.00,0.006
TRACE 1774469,0.01,0.00,0.007
TRACE 1776294,0.00,0.00,0.008
TRACE 1778153,0.00,0.00,-0.023
TRACE 1779971,0.00,0.00,-0.022
TRACE 1781815,0.00,0.00,-0.022
TRACE 1783660,0.00,0.00,0.000
TRACE 1785268,0.00,0.00,0.000
TRACE 1786875,0.00,0.00,0.000
TRACE 1788477,0.00,0.00,0.000
TRACE 1790077,0.00,0.00,0.000
TRACE 1791818,0.00,0.00,0.000
TRACE 1793501,0.00,0.00,0.000
TRACE 1795091,0.00,0.00,0.000
TRACE 1796686,0.00,0.00,0.000
TRACE 1798276,0.00,0.00,0.000
TRACE 1799861,0.00,0.00,0.000
TRACE 1801444,0.00,0.00,0.000
TRACE 1803037,0.00,0.00,0.000
TRACE 1804638,0.00,0.00,0.000
TRACE 1806220,0.00,0.00,0.000
TRACE 1807804,0.00,0.00,0.000
TRACE 1809382,0.00,0.00,0.000
TRACE 1810991,0.00,0.00,0.000
TRACE 1812573,0.00,0.00,0.000
TRACE 1814151,0.00,0.00,0.000
TRACE 1815733,0.00,0.00,0.000
TRACE 1817322,0.00,0.00,0.000
TRACE 1818892,0.00,0.00,0.000
TRACE 1820509,0.00,0.00,0.000
TRACE 1822122,0.00,0.00,0.000
TRACE 1823720,0.00,0.00,0.000
TRACE 1825313,0.00,0.00,0.000
TRACE 1826885,0.00,0.00,0.000
TRACE 1828476,0.00,0.00,0.000
TRACE 1830062,0.00,0.00,0.000
TRACE 1831652,0.00,0.00,0.000
TRACE 1833205,0.00,0.00,0.000
TRACE 1834796,0.00,0.00,0.000
TRACE 1836381,0.00,0.00,0.000
TRACE 1837965,0.00,0.00,0.000
TRACE 1839557,0.00,0.00,0.000
TRACE 1841168,0.00,0.00,0.000
TRACE 1842749,0.00,0.00,0.000
>>> 
HOST arm.nominal = 0
arm.nominal = 0
>>> 
HOST r = arm.move_to(-90, "tuning_umax090")
r = arm.move_to(-90, "tuning_umax090")
RESULT {"loops": 1170, "overshoot": 0.0, "t_reach": 1.6327, "type": "move", "t_settle": 2.1451, "target": -90, "state": "done", "q": null, "tag": "tuning_umax090", "err": -1.5, "err_rest": -1.5, "ok": true, "max_dt_us": 11129, "t_profile": 1.8, "start": 0.0, "max_track_err": 3.03}
>>> 
HOST arm_test.cmd_trace(arm, [])
arm_test.cmd_trace(arm, [])
TRACE t_us,ref_deg,pos_deg,duty
TRACE 919,-0.00,0.00,-0.430
TRACE 2874,-0.00,0.00,-0.431
TRACE 4716,-0.00,0.00,-0.432
TRACE 6529,-0.00,0.00,-0.432
TRACE 8300,-0.01,0.00,-0.433
TRACE 10096,-0.01,0.00,-0.434
TRACE 11897,-0.01,0.00,-0.435
TRACE 13694,-0.02,-0.50,0.451
TRACE 15525,-0.02,-0.50,0.450
TRACE 17282,-0.03,-0.50,0.450
TRACE 19057,-0.04,-0.50,0.449
TRACE 20820,-0.04,0.00,-0.439
TRACE 22590,-0.05,0.00,-0.440
TRACE 24387,-0.06,0.00,-0.441
TRACE 26153,-0.07,0.00,-0.474
TRACE 27917,-0.08,0.00,-0.475
TRACE 29697,-0.09,0.00,-0.476
TRACE 31450,-0.10,0.00,-0.477
TRACE 33238,-0.11,0.00,-0.445
TRACE 35000,-0.12,0.00,-0.446
TRACE 36753,-0.14,-1.00,0.487
TRACE 38665,-0.15,-1.00,0.486
TRACE 40438,-0.16,-1.00,0.484
TRACE 42222,-0.18,-1.00,0.483
TRACE 43999,-0.19,-1.00,0.482
TRACE 45766,-0.21,-1.00,0.481
TRACE 47555,-0.23,0.00,-0.454
TRACE 49317,-0.24,0.00,-0.519
TRACE 51088,-0.26,0.00,-0.521
TRACE 52855,-0.28,0.00,-0.522
TRACE 54616,-0.30,0.00,-0.523
TRACE 56377,-0.32,0.00,-0.524
TRACE 58139,-0.34,0.00,-0.526
TRACE 59912,-0.36,0.00,-0.462
TRACE 61790,-0.38,0.00,-0.464
TRACE 63548,-0.40,-0.50,0.422
TRACE 65309,-0.43,-1.00,0.468
TRACE 67078,-0.45,-1.00,0.467
TRACE 68848,-0.47,-1.00,0.465
TRACE 70626,-0.50,-1.00,0.464
TRACE 72393,-0.52,-1.00,0.462
TRACE 74160,-0.55,-1.00,0.461
TRACE 75929,-0.58,-1.00,0.428
TRACE 77676,-0.60,0.00,-0.541
TRACE 79447,-0.63,0.00,-0.542
TRACE 81194,-0.66,0.00,-0.544
TRACE 82952,-0.69,0.50,-0.593
TRACE 84739,-0.72,0.50,-0.594
TRACE 86507,-0.75,0.00,-0.548
TRACE 88285,-0.78,0.00,-0.550
TRACE 90047,-0.81,0.00,-0.487
TRACE 91829,-0.84,0.00,-0.488
TRACE 93608,-0.88,-1.00,0.444
TRACE 95373,-0.91,-1.00,0.475
TRACE 97153,-0.94,-1.00,0.473
TRACE 98926,-0.98,-1.00,0.439
TRACE 100680,-1.01,-1.00,0.438
TRACE 102470,-1.05,-1.00,0.436
TRACE 104254,-1.09,-1.00,0.434
TRACE 106028,-1.12,-1.00,-0.472
TRACE 107828,-1.16,-1.00,-0.474
TRACE 109623,-1.20,-1.00,-0.476
TRACE 111419,-1.24,-1.00,-0.477
TRACE 113215,-1.28,-1.00,-0.479
TRACE 114999,-1.32,-1.00,-0.481
TRACE 116794,-1.36,-1.00,-0.483
TRACE 118579,-1.41,-1.50,-0.438
TRACE 120345,-1.45,-2.00,0.447
TRACE 122135,-1.49,-2.00,0.445
TRACE 123916,-1.54,-2.00,0.443
TRACE 125700,-1.58,-2.50,0.488
TRACE 127613,-1.63,-2.00,0.439
TRACE 129394,-1.67,-2.00,0.437
TRACE 131158,-1.72,-2.00,-0.437
TRACE 132962,-1.77,-2.00,-0.471
TRACE 134753,-1.82,-2.00,-0.473
TRACE 136568,-1.87,-1.00,-0.568
TRACE 138347,-1.91,-1.00,-0.602
TRACE 140146,-1.96,-1.00,-0.573
TRACE 141930,-2.01,-1.50,-0.528
TRACE 143719,-2.07,-2.00,-0.484
TRACE 145487,-2.12,-2.00,-0.486
TRACE 147282,-2.17,-2.00,-0.488
TRACE 149064,-2.22,-2.50,0.461
TRACE 150835,-2.28,-3.00,0.506
TRACE 152599,-2.33,-3.00,0.504
TRACE 154377,-2.38,-3.00,0.469
TRACE 156170,-2.44,-3.00,0.435
TRACE 158035,-2.50,-3.00,0.432
TRACE 159817,-2.55,-3.00,0.430
TRACE 161599,-2.61,-3.00,-0.445
TRACE 163387,-2.67,-3.00,-0.479
TRACE 165177,-2.73,-3.00,-0.481
TRACE 166958,-2.79,-3.00,-0.484
TRACE 168764,-2.85,-3.00,-0.486
TRACE 170554,-2.91,-3.50,-0.442
TRACE 172348,-2.97,-4.00,0.443
TRACE 183398,-3.36,-5.00,0.466
TRACE 185183,-3.43,-5.00,0.464
TRACE 186981,-3.50,-5.00,0.461
TRACE 188783,-3.56,-5.00,0.458
TRACE 190556,-3.63,-5.00,0.456
TRACE 192338,-3.70,-5.00,0.435
TRACE 194115,-3.77,-5.00,-0.426
TRACE 195930,-3.84,-5.00,-0.466
TRACE 197712,-3.91,-5.00,-0.468
TRACE 199495,-3.98,-5.00,-0.471
TRACE 201308,-4.05,-5.00,-0.474
TRACE 203093,-4.12,-5.00,-0.477
TRACE 204899,-4.20,-5.00,-0.480
TRACE 206709,-4.27,-5.00,-0.483
TRACE 208501,-4.35,-5.00,-0.485
TRACE 210286,-4.42,-6.00,0.445
TRACE 212065,-4.50,-6.00,0.442
TRACE 213849,-4.57,-6.00,0.440
TRACE 215615,-4.65,-6.00,0.437
TRACE 217378,-4.73,-6.00,0.434
TRACE 219156,-4.80,-6.00,0.431
TRACE 220977,-4.88,-6.00,0.428
TRACE 222753,-4.96,-6.00,-0.479
TRACE 224539,-5.04,-6.00,-0.482
TRACE 226334,-5.12,-6.00,-0.485
TRACE 228113,-5.20,-6.50,-0.441
TRACE 229908,-5.29,-7.00,0.443
TRACE 231662,-5.37,-7.00,0.440
TRACE 233424,-5.45,-7.00,0.437
TRACE 235206,-5.53,-7.00,0.434
TRACE 236967,-5.62,-7.00,0.431
TRACE 238734,-5.70,-7.00,0.428
TRACE 240518,-5.78,-7.00,-0.448
TRACE 242352,-5.87,-7.00,-0.483
TRACE 244177,-5.96,-6.50,-0.534
TRACE 245953,-6.05,-6.00,-0.584
TRACE 247736,-6.14,-6.50,-0.540
TRACE 249514,-6.23,-7.00,-0.497
TRACE 251303,-6.32,-7.00,-0.500
TRACE 253068,-6.40,-7.00,-0.503
TRACE 254857,-6.50,-7.00,-0.507
TRACE 256659,-6.59,-7.00,-0.478
TRACE 258470,-6.68,-8.00,0.484
TRACE 260241,-6.77,-8.00,0.449
TRACE 262033,-6.87,-8.00,-0.426
TRACE 263848,-6.96,-8.00,-0.430
TRACE 265632,-7.06,-9.00,0.500
TRACE 267398,-7.15,-9.00,0.497
TRACE 269164,-7.24,-9.00,0.494
TRACE 270940,-7.34,-9.00,0.426
TRACE 272720,-7.44,-9.00,0.423
TRACE 274498,-7.53,-8.50,-0.468
TRACE 276278,-7.63,-8.00,-0.518
TRACE 278074,-7.73,-8.00,-0.586
TRACE 279873,-7.83,-8.00,-0.590
TRACE 281637,-7.93,-8.00,-0.593
TRACE 283410,-8.03,-8.00,-0.597
TRACE 285195,-8.13,-8.50,-0.554
TRACE 286986,-8.24,-9.00,-0.478
TRACE 288778,-8.34,-9.00,-0.450
TRACE 290570,-8.44,-9.00,-0.454
TRACE 292356,-8.55,-9.00,-0.458
TRACE 294131,-8.65,-10.00,0.473
TRACE 295906,-8.76,-10.00,0.469
TRACE 297683,-8.86,-10.50,0.480
TRACE 299441,-8.97,-11.00,0.492
TRACE 301233,-9.07,-11.00,0.498
TRACE 303039,-9.18,-11.00,0.495
TRACE 304835,-9.29,-10.50,0.444
TRACE 306644,-9.40,-10.00,-0.510
TRACE 308604,-9.52,-10.00,-0.513
TRACE 310426,-9.63,-10.00,-0.548
TRACE 312236,-9.73,-10.00,-0.583
TRACE 314080,-9.84,-10.00,-0.586
TRACE 315906,-9.95,-10.00,-0.589
TRACE 317743,-10.06,-10.00,-0.561
TRACE 319583,-10.17,-10.00,-0.533
TRACE 321401,-10.28,-10.50,-0.490
TRACE 323200,-10.39,-11.00,-0.447
TRACE 325024,-10.50,-11.00,-0.450
TRACE 326847,-10.61,-11.00,-0.454
TRACE 328673,-10.72,-12.00,0.476
TRACE 330526,-10.83,-12.00,0.472
TRACE 332342,-10.94,-12.50,0.516
TRACE 334169,-11.05,-13.00,0.527
TRACE 335983,-11.16,-13.00,0.492
TRACE 337932,-11.28,-13.00,0.488
TRACE 339733,-11.38,-12.50,0.439
TRACE 341550,-11.49,-12.00,-0.513
TRACE 343390,-11.60,-12.00,-0.516
TRACE 345210,-11.71,-12.00,-0.550
TRACE 347007,-11.82,-12.00,-0.585
TRACE 348857,-11.93,-11.50,-0.634
TRACE 350694,-12.04,-11.50,-0.638
TRACE 361753,-12.71,-13.00,-0.501
TRACE 363624,-12.82,-13.00,-0.486
TRACE 365470,-12.93,-13.50,-0.456
TRACE 367290,-13.04,-14.00,-0.427
TRACE 369122,-13.15,-14.00,-0.430
TRACE 370963,-13.26,-15.00,0.491
TRACE 372775,-13.37,-15.00,0.488
TRACE 374597,-13.48,-15.50,0.528
TRACE 376404,-13.58,-16.00,0.572
TRACE 378219,-13.69,-16.00,0.538
TRACE 380027,-13.80,-16.00,0.504
TRACE 381842,-13.91,-16.00,0.500
TRACE 383666,-14.02,-15.50,-0.452
TRACE 385523,-14.13,-15.00,-0.502
TRACE 387343,-14.24,-15.00,-0.537
TRACE 389151,-14.35,-15.00,-0.571
TRACE 390974,-14.46,-15.00,-0.574
TRACE 392797,-14.57,-15.00,-0.578
TRACE 394638,-14.68,-15.00,-0.581
TRACE 396464,-14.79,-15.00,-0.553
TRACE 398404,-14.90,-15.00,-0.525
TRACE 400225,-15.01,-15.50,-0.482
TRACE 402050,-15.12,-16.00,-0.440
TRACE 403877,-15.23,-16.00,-0.443
TRACE 405701,-15.34,-16.00,-0.446
TRACE 407532,-15.45,-17.00,0.483
TRACE 409329,-15.56,-17.00,0.480
TRACE 411121,-15.67,-17.00,0.478
TRACE 412932,-15.78,-17.00,0.443
TRACE 414744,-15.88,-17.00,-0.432
TRACE 416569,-15.99,-17.00,-0.435
TRACE 418387,-16.10,-17.00,-0.438
TRACE 420305,-16.22,-17.00,-0.505
TRACE 422129,-16.33,-17.50,-0.462
TRACE 423965,-16.44,-18.00,0.421
TRACE 425779,-16.55,-18.00,-0.422
TRACE 427613,-16.66,-18.00,-0.426
TRACE 429423,-16.77,-18.00,-0.429
TRACE 431251,-16.88,-18.50,0.454
TRACE 433054,-16.98,-19.00,0.498
TRACE 434854,-17.09,-19.00,0.464
TRACE 436666,-17.20,-19.00,0.429
TRACE 438499,-17.31,-19.00,0.426
TRACE 440317,-17.42,-19.00,0.422
TRACE 442114,-17.53,-18.50,-0.467
TRACE 443939,-17.64,-18.00,-0.549
TRACE 445780,-17.75,-18.00,-0.583
TRACE 447627,-17.86,-18.00,-0.586
TRACE 449467,-17.97,-18.00,-0.590
TRACE 451302,-18.08,-18.00,-0.593
TRACE 453138,-18.19,-18.50,-0.550
TRACE 454960,-18.30,-19.00,-0.476
TRACE 456794,-18.41,-19.00,-0.448
TRACE 458596,-18.52,-19.00,-0.451
TRACE 460413,-18.62,-19.00,-0.454
TRACE 462260,-18.74,-20.00,0.475
TRACE 464081,-18.84,-20.00,0.472
TRACE 465892,-18.95,-20.50,0.484
TRACE 467745,-19.06,-21.00,0.495
TRACE 469550,-19.17,-21.00,0.492
TRACE 471367,-19.28,-21.00,0.489
TRACE 473157,-19.39,-20.50,0.439
TRACE 474950,-19.50,-20.00,-0.513
TRACE 476774,-19.61,-20.00,-0.516
TRACE 478584,-19.72,-20.00,-0.551
TRACE 480428,-19.83,-19.50,-0.632
TRACE 482244,-19.93,-19.50,-0.636
TRACE 484132,-20.05,-20.00,-0.592
TRACE 485967,-20.16,-20.00,-0.564
TRACE 487795,-20.27,-20.00,-0.536
TRACE 489616,-20.38,-20.50,-0.493
TRACE 491457,-20.49,-21.00,-0.450
TRACE 493286,-20.60,-21.00,-0.423
TRACE 495102,-20.71,-21.00,-0.426
TRACE 496907,-20.81,-22.00,0.473
TRACE 498720,-20.92,-22.00,0.470
TRACE 500529,-21.03,-22.50,0.513
TRACE 502330,-21.14,-23.00,0.525
TRACE 504161,-21.25,-23.00,0.490
TRACE 505961,-21.36,-23.00,0.488
TRACE 507773,-21.47,-23.00,0.484
TRACE 509575,-21.57,-23.00,-0.422
TRACE 511401,-21.68,-22.00,-0.519
TRACE 513223,-21.79,-22.00,-0.553
TRACE 515107,-21.91,-22.00,-0.588
TRACE 516912,-22.01,-22.00,-0.591
TRACE 518751,-22.13,-22.00,-0.594
TRACE 520584,-22.24,-22.00,-0.597
TRACE 522412,-22.34,-22.00,-0.601
TRACE 524246,-22.45,-22.00,-0.542
TRACE 526060,-22.56,-22.00,-0.545
TRACE 527899,-22.67,-23.00,-0.456
TRACE 539028,-23.34,-25.00,0.470
TRACE 540845,-23.45,-25.00,0.467
TRACE 542655,-23.56,-25.00,0.464
TRACE 544486,-23.67,-26.00,0.527
TRACE 546311,-23.78,-26.00,0.524
TRACE 548144,-23.89,-26.00,0.520
TRACE 549959,-24.00,-26.00,0.481
TRACE 551781,-24.11,-26.00,0.432
TRACE 553600,-24.22,-25.50,-0.458
TRACE 555437,-24.33,-25.00,-0.508
TRACE 557274,-24.44,-25.00,-0.574
TRACE 559091,-24.55,-25.00,-0.577
TRACE 560925,-24.66,-25.00,-0.580
TRACE 562757,-24.77,-25.00,-0.583
TRACE 564577,-24.87,-25.00,-0.587
TRACE 566418,-24.99,-25.00,-0.559
TRACE 568264,-25.10,-25.00,-0.531
TRACE 570101,-25.21,-25.50,-0.488
TRACE 571901,-25.31,-26.00,-0.445
TRACE 573735,-25.42,-26.00,-0.448
TRACE 575603,-25.54,-26.50,0.434
TRACE 577413,-25.64,-27.00,0.477
TRACE 579227,-25.75,-27.00,0.474
TRACE 581028,-25.86,-27.00,0.472
TRACE 582848,-25.97,-27.00,0.437
TRACE 584666,-26.08,-27.00,-0.438
TRACE 586500,-26.19,-27.00,-0.441
TRACE 588341,-26.30,-27.00,-0.476
TRACE 590139,-26.41,-27.00,-0.510
TRACE 591967,-26.52,-27.00,-0.514
TRACE 593782,-26.63,-27.00,-0.517
TRACE 595614,-26.74,-27.00,-0.520
TRACE 597465,-26.85,-27.00,-0.523
TRACE 599287,-26.96,-27.00,-0.527
TRACE 601102,-27.07,-27.00,-0.530
TRACE 602930,-27.18,-27.00,-0.533
TRACE 604770,-27.29,-27.00,-0.537
TRACE 606588,-27.40,-27.00,-0.540
TRACE 608427,-27.51,-28.00,-0.451
TRACE 610236,-27.61,-28.00,-0.454
TRACE 612068,-27.72,-28.00,-0.457
TRACE 613927,-27.84,-29.00,0.472
TRACE 615745,-27.94,-29.00,0.469
TRACE 617560,-28.05,-29.00,0.465
TRACE 619349,-28.16,-29.00,0.463
TRACE 621156,-28.27,-29.00,-0.443
TRACE 622978,-28.38,-29.00,-0.447
TRACE 624801,-28.49,-29.50,0.437
TRACE 626610,-28.60,-30.00,-0.423
TRACE 628439,-28.71,-30.00,-0.426
TRACE 630264,-28.82,-30.00,-0.430
TRACE 632071,-28.92,-30.00,-0.433
TRACE 633905,-29.03,-30.00,-0.436
TRACE 635741,-29.14,-30.50,0.447
TRACE 637568,-29.25,-31.00,0.458
TRACE 639389,-29.36,-31.00,0.424
TRACE 641209,-29.47,-31.00,0.420
TRACE 643022,-29.58,-31.00,-0.423
TRACE 644865,-29.69,-31.00,-0.426
TRACE 646695,-29.80,-30.50,-0.476
TRACE 648529,-29.91,-30.00,-0.557
TRACE 650350,-30.02,-30.00,-0.591
TRACE 652170,-30.13,-30.00,-0.594
TRACE 653988,-30.24,-30.00,-0.598
TRACE 655816,-30.35,-30.00,-0.601
TRACE 657627,-30.46,-30.00,-0.604
TRACE 659457,-30.57,-30.50,-0.530
TRACE 661328,-30.68,-31.00,-0.456
TRACE 663148,-30.79,-31.00,-0.459
TRACE 664992,-30.90,-31.00,-0.463
TRACE 666823,-31.01,-31.00,-0.466
TRACE 668638,-31.12,-31.00,-0.469
TRACE 670462,-31.23,-31.50,-0.426
TRACE 672314,-31.34,-32.00,0.425
TRACE 674113,-31.45,-32.00,-0.449
TRACE 675923,-31.56,-32.50,0.434
TRACE 677733,-31.66,-33.00,0.478
TRACE 679563,-31.77,-33.00,0.474
TRACE 681355,-31.88,-33.00,0.471
TRACE 683161,-31.99,-33.00,0.437
TRACE 684988,-32.10,-33.00,-0.438
TRACE 686808,-32.21,-33.00,-0.441
TRACE 688651,-32.32,-33.00,-0.476
TRACE 690527,-32.43,-33.00,-0.511
TRACE 692346,-32.54,-33.00,-0.514
TRACE 694168,-32.65,-34.00,-0.425
TRACE 695999,-32.76,-34.00,-0.428
TRACE 697829,-32.87,-34.00,-0.432
TRACE 699660,-32.98,-34.00,-0.435
TRACE 701483,-33.09,-34.00,-0.438
TRACE 703307,-33.20,-34.50,0.445
TRACE 714424,-33.87,-36.00,0.485
TRACE 716241,-33.97,-37.00,0.511
TRACE 718079,-34.08,-37.00,0.508
TRACE 719902,-34.19,-37.00,0.505
TRACE 721728,-34.30,-37.00,0.502
TRACE 723565,-34.41,-37.00,0.498
TRACE 725396,-34.52,-37.00,0.477
TRACE 727221,-34.63,-37.00,0.446
TRACE 729041,-34.74,-36.50,-0.507
TRACE 730870,-34.85,-36.00,-0.556
TRACE 732699,-34.96,-36.00,-0.559
TRACE 734531,-35.07,-36.00,-0.563
TRACE 736374,-35.18,-36.00,-0.566
TRACE 738220,-35.29,-36.00,-0.569
TRACE 740050,-35.40,-37.00,-0.480
TRACE 741871,-35.51,-37.00,-0.452
TRACE 743690,-35.62,-37.00,-0.424
TRACE 745519,-35.73,-37.50,0.459
TRACE 747345,-35.84,-38.00,0.502
TRACE 749160,-35.95,-38.00,0.499
TRACE 751166,-36.07,-38.50,0.539
TRACE 752987,-36.18,-39.00,0.520
TRACE 754811,-36.29,-39.00,0.517
TRACE 756600,-36.40,-39.00,0.514
TRACE 758408,-36.50,-38.50,0.434
TRACE 760239,-36.61,-38.00,-0.486
TRACE 762054,-36.72,-38.00,-0.490
TRACE 763879,-36.83,-38.00,-0.524
TRACE 765701,-36.94,-38.00,-0.559
TRACE 767539,-37.05,-38.00,-0.562
TRACE 769360,-37.16,-38.00,-0.566
TRACE 771196,-37.27,-39.00,-0.445
TRACE 773156,-37.39,-39.00,0.422
TRACE 774979,-37.50,-39.00,-0.421
TRACE 776801,-37.61,-39.00,-0.424
TRACE 778625,-37.72,-39.00,-0.428
TRACE 780451,-37.83,-40.00,0.501
TRACE 782267,-37.94,-40.00,0.498
TRACE 784070,-38.04,-40.00,0.433
TRACE 785877,-38.15,-40.50,0.477
TRACE 787673,-38.26,-40.50,0.474
TRACE 789492,-38.37,-40.00,0.424
TRACE 791310,-38.48,-40.00,0.421
TRACE 793107,-38.59,-40.00,-0.486
TRACE 794939,-38.70,-40.00,-0.489
TRACE 796777,-38.81,-40.00,-0.492
TRACE 798619,-38.92,-40.00,-0.527
TRACE 800427,-39.03,-40.00,-0.530
TRACE 802246,-39.13,-40.00,-0.502
TRACE 804063,-39.24,-40.00,-0.505
TRACE 805886,-39.35,-40.00,-0.509
TRACE 807701,-39.46,-40.50,-0.466
TRACE 809538,-39.57,-41.00,-0.422
TRACE 811377,-39.68,-41.00,-0.426
TRACE 813203,-39.79,-41.00,-0.429
TRACE 815039,-39.90,-41.50,0.454
TRACE 816848,-40.01,-42.00,0.497
TRACE 818682,-40.12,-42.00,0.493
TRACE 820491,-40.23,-42.00,0.459
TRACE 822304,-40.34,-42.00,0.425
TRACE 824098,-40.45,-42.00,0.422
TRACE 825916,-40.55,-42.00,-0.422
TRACE 827750,-40.67,-42.00,-0.456
TRACE 829598,-40.78,-42.00,-0.491
TRACE 831424,-40.89,-41.50,-0.541
TRACE 833279,-41.00,-41.00,-0.590
TRACE 835095,-41.11,-41.50,-0.547
TRACE 837040,-41.22,-42.00,-0.505
TRACE 838872,-41.33,-42.00,-0.508
TRACE 840700,-41.44,-42.00,-0.511
TRACE 842509,-41.55,-42.00,-0.515
TRACE 844321,-41.66,-42.50,-0.441
TRACE 846150,-41.77,-43.00,0.473
TRACE 847960,-41.88,-43.00,0.439
TRACE 849763,-41.99,-43.00,-0.435
TRACE 851586,-42.10,-43.00,-0.438
TRACE 853431,-42.21,-43.50,0.445
TRACE 855243,-42.31,-44.00,0.488
TRACE 857064,-42.42,-44.00,0.453
TRACE 858872,-42.53,-44.00,-0.421
TRACE 860715,-42.64,-44.00,-0.425
TRACE 862532,-42.75,-44.00,-0.428
TRACE 864363,-42.86,-44.00,-0.431
TRACE 866263,-42.98,-44.00,-0.466
TRACE 868076,-43.08,-43.50,-0.547
TRACE 869886,-43.19,-44.00,-0.504
TRACE 871696,-43.30,-44.00,-0.507
TRACE 873516,-43.41,-44.00,-0.510
TRACE 875348,-43.52,-44.00,-0.514
TRACE 877170,-43.63,-44.00,-0.517
TRACE 878987,-43.74,-44.00,-0.520
TRACE 890069,-44.40,-45.00,-0.456
TRACE 891930,-44.52,-46.00,0.429
TRACE 893769,-44.63,-46.00,0.426
TRACE 895583,-44.73,-46.00,0.422
TRACE 897402,-44.84,-47.00,0.486
TRACE 899239,-44.95,-47.00,0.482
TRACE 901053,-45.06,-47.00,0.479
TRACE 902906,-45.17,-47.00,0.491
TRACE 904727,-45.28,-47.00,0.426
TRACE 906560,-45.39,-47.00,0.423
TRACE 908385,-45.50,-47.00,-0.421
TRACE 910224,-45.61,-46.50,-0.533
TRACE 912056,-45.72,-46.00,-0.582
TRACE 913899,-45.83,-46.00,-0.585
TRACE 915747,-45.94,-46.50,-0.542
TRACE 917589,-46.06,-47.00,-0.500
TRACE 919419,-46.17,-47.00,-0.503
TRACE 921247,-46.27,-47.00,-0.506
TRACE 923069,-46.38,-47.00,-0.478
TRACE 924875,-46.49,-47.50,0.436
TRACE 926713,-46.60,-48.00,0.479
TRACE 928578,-46.71,-48.00,0.444
TRACE 930389,-46.82,-48.50,0.456
TRACE 932185,-46.93,-49.00,0.499
TRACE 933994,-47.04,-49.00,0.496
TRACE 935792,-47.15,-49.00,0.493
TRACE 937615,-47.26,-48.50,-0.428
TRACE 939442,-47.37,-48.00,-0.509
TRACE 941275,-47.48,-48.00,-0.512
TRACE 943100,-47.59,-48.00,-0.547
TRACE 944930,-47.70,-48.00,-0.582
TRACE 946764,-47.81,-48.00,-0.585
TRACE 948632,-47.92,-49.00,-0.496
TRACE 950488,-48.03,-49.00,-0.468
TRACE 952321,-48.14,-49.00,-0.440
TRACE 954148,-48.25,-49.00,-0.443
TRACE 955977,-48.36,-49.00,-0.447
TRACE 957815,-48.47,-50.00,0.482
TRACE 959625,-48.58,-50.00,0.479
TRACE 961445,-48.69,-50.50,0.460
TRACE 963235,-48.79,-51.00,0.504
TRACE 965059,-48.90,-51.00,0.501
TRACE 966868,-49.01,-51.00,0.497
TRACE 968674,-49.12,-50.50,0.448
TRACE 970489,-49.23,-50.00,-0.505
TRACE 972308,-49.34,-50.00,-0.508
TRACE 974123,-49.45,-50.00,-0.543
TRACE 975950,-49.56,-50.00,-0.578
TRACE 977773,-49.67,-50.00,-0.581
TRACE 979609,-49.78,-50.00,-0.584
TRACE 981440,-49.89,-50.00,-0.556
TRACE 983288,-50.00,-50.00,-0.528
TRACE 985099,-50.11,-51.00,-0.439
TRACE 986938,-50.22,-51.00,-0.442
TRACE 988768,-50.33,-51.00,-0.445
TRACE 990601,-50.44,-51.00,-0.449
TRACE 992425,-50.55,-52.00,0.480
TRACE 994234,-50.65,-52.00,0.477
TRACE 996035,-50.76,-52.50,0.521
TRACE 997827,-50.87,-53.00,0.502
TRACE 999643,-50.98,-53.00,0.499
TRACE 1001449,-51.09,-53.00,0.496
TRACE 1003269,-51.20,-53.00,0.492
TRACE 1005081,-51.30,-52.50,-0.461
TRACE 1006913,-51.41,-52.00,-0.510
TRACE 1008740,-51.52,-52.00,-0.545
TRACE 1010542,-51.63,-52.00,-0.580
TRACE 1012376,-51.74,-52.00,-0.583
TRACE 1014241,-51.85,-52.00,-0.586
TRACE 1016064,-51.96,-52.00,-0.589
TRACE 1017886,-52.07,-52.00,-0.561
TRACE 1019710,-52.18,-52.00,-0.533
TRACE 1021535,-52.29,-52.00,-0.537
TRACE 1023351,-52.40,-52.00,-0.540
TRACE 1025173,-52.51,-52.50,-0.497
TRACE 1026995,-52.62,-53.00,-0.454
TRACE 1028823,-52.73,-53.00,-0.457
TRACE 1030647,-52.84,-53.00,-0.460
TRACE 1032475,-52.95,-53.50,0.423
TRACE 1034287,-53.06,-54.00,0.466
TRACE 1036082,-53.16,-54.00,0.463
TRACE 1037895,-53.27,-54.00,0.428
TRACE 1039690,-53.38,-54.50,0.440
TRACE 1041489,-53.49,-54.50,0.437
TRACE 1043328,-53.60,-54.50,0.434
TRACE 1045149,-53.71,-54.00,-0.488
TRACE 1046967,-53.82,-54.00,-0.523
TRACE 1048807,-53.93,-54.00,-0.526
TRACE 1050639,-54.04,-54.00,-0.529
TRACE 1052453,-54.15,-54.00,-0.564
TRACE 1054266,-54.26,-54.00,-0.567
TRACE 1056100,-54.37,-55.00,-0.478
TRACE 1067184,-55.03,-57.00,0.480
TRACE 1069006,-55.14,-57.00,0.477
TRACE 1070849,-55.25,-57.00,0.473
TRACE 1072658,-55.36,-58.00,0.537
TRACE 1074466,-55.47,-58.00,0.533
TRACE 1076293,-55.58,-58.00,0.530
TRACE 1078123,-55.69,-58.00,0.490
TRACE 1079953,-55.80,-58.00,0.441
TRACE 1081775,-55.91,-58.00,0.437
TRACE 1083605,-56.02,-58.00,0.434
TRACE 1085410,-56.12,-58.00,-0.472
TRACE 1087230,-56.23,-57.50,-0.521
TRACE 1089080,-56.34,-57.00,-0.571
TRACE 1090908,-56.45,-57.00,-0.574
TRACE 1092716,-56.56,-57.00,-0.578
TRACE 1094545,-56.67,-58.00,-0.488
TRACE 1096381,-56.78,-58.00,-0.491
TRACE 1098195,-56.89,-58.00,-0.495
TRACE 1100007,-57.00,-58.50,-0.420
TRACE 1101844,-57.11,-59.00,0.494
TRACE 1103822,-57.23,-59.00,0.489
TRACE 1105639,-57.34,-59.00,0.486
TRACE 1107453,-57.45,-60.00,0.513
TRACE 1109263,-57.56,-60.00,0.510
TRACE 1111059,-57.66,-60.00,0.506
TRACE 1112870,-57.77,-60.00,0.472
TRACE 1114694,-57.88,-60.00,0.438
TRACE 1116522,-57.99,-60.00,0.435
TRACE 1118328,-58.10,-59.50,-0.454
TRACE 1120139,-58.21,-59.00,-0.567
TRACE 1121960,-58.32,-59.00,-0.571
TRACE 1123775,-58.43,-59.50,-0.527
TRACE 1125720,-58.54,-60.00,-0.484
TRACE 1127552,-58.65,-60.00,-0.488
TRACE 1129370,-58.76,-60.00,-0.491
TRACE 1131189,-58.87,-61.00,0.469
TRACE 1133001,-58.98,-61.00,0.497
TRACE 1134818,-59.09,-61.00,0.494
TRACE 1136627,-59.20,-61.00,0.459
TRACE 1138434,-59.31,-61.00,0.426
TRACE 1140247,-59.41,-61.00,0.423
TRACE 1142048,-59.52,-61.00,-0.421
TRACE 1143871,-59.63,-61.00,-0.487
TRACE 1145692,-59.74,-61.00,-0.490
TRACE 1147496,-59.85,-61.00,-0.493
TRACE 1149329,-59.96,-61.00,-0.497
TRACE 1151142,-60.07,-61.00,-0.500
TRACE 1152959,-60.18,-61.00,-0.503
TRACE 1154777,-60.29,-61.00,-0.507
TRACE 1156601,-60.40,-61.50,-0.463
TRACE 1158406,-60.50,-62.00,-0.420
TRACE 1160250,-60.62,-62.00,-0.424
TRACE 1162093,-60.73,-63.00,0.506
TRACE 1163908,-60.83,-63.00,0.502
TRACE 1165718,-60.94,-63.00,0.499
TRACE 1167551,-61.05,-63.00,0.496
TRACE 1169380,-61.16,-63.50,0.507
TRACE 1171187,-61.27,-64.00,0.519
TRACE 1173015,-61.38,-63.50,0.470
TRACE 1174814,-61.49,-63.00,-0.483
TRACE 1176647,-61.60,-63.00,-0.486
TRACE 1178458,-61.71,-63.00,-0.489
TRACE 1180296,-61.82,-63.00,-0.493
TRACE 1182130,-61.93,-63.00,-0.527
TRACE 1183951,-62.04,-63.00,-0.562
TRACE 1185759,-62.15,-63.50,-0.487
TRACE 1187592,-62.26,-64.00,0.427
TRACE 1189528,-62.37,-64.00,0.423
TRACE 1191338,-62.48,-64.00,-0.420
TRACE 1193155,-62.59,-64.00,-0.423
TRACE 1194989,-62.70,-64.00,-0.427
TRACE 1196809,-62.81,-64.00,-0.430
TRACE 1198630,-62.92,-64.00,-0.464
TRACE 1200473,-63.03,-64.00,-0.499
TRACE 1202315,-63.14,-64.00,-0.502
TRACE 1204130,-63.25,-65.00,0.427
TRACE 1205934,-63.36,-65.00,0.424
TRACE 1207729,-63.46,-65.00,0.421
TRACE 1209544,-63.57,-65.00,-0.422
TRACE 1211379,-63.68,-65.00,-0.426
TRACE 1213193,-63.79,-65.00,-0.429
TRACE 1215026,-63.90,-65.00,-0.432
TRACE 1216864,-64.01,-65.00,-0.498
TRACE 1218775,-64.13,-65.00,-0.502
TRACE 1220612,-64.24,-65.50,-0.459
TRACE 1222447,-64.35,-65.50,-0.462
TRACE 1224273,-64.46,-66.00,0.420
TRACE 1226063,-64.56,-66.00,-0.423
TRACE 1227883,-64.67,-66.00,-0.426
TRACE 1229721,-64.78,-66.00,-0.429
TRACE 1231539,-64.89,-66.00,-0.432
TRACE 1233387,-65.00,-67.00,0.466
TRACE 1244481,-65.67,-68.00,0.473
TRACE 1246295,-65.78,-68.00,0.451
TRACE 1248098,-65.89,-68.50,0.481
TRACE 1249938,-66.00,-69.00,0.511
TRACE 1251767,-66.11,-69.00,0.508
TRACE 1253586,-66.22,-69.00,0.504
TRACE 1255409,-66.32,-68.50,0.432
TRACE 1257247,-66.43,-68.00,-0.481
TRACE 1259085,-66.55,-68.00,-0.484
TRACE 1260911,-66.65,-68.00,-0.519
TRACE 1262730,-66.76,-68.00,-0.553
TRACE 1264551,-66.87,-68.00,-0.557
TRACE 1266409,-66.98,-68.00,-0.560
TRACE 1268233,-67.09,-68.50,-0.486
TRACE 1270067,-67.20,-69.00,0.428
TRACE 1271884,-67.31,-69.00,0.425
TRACE 1273707,-67.42,-69.00,0.422
TRACE 1275534,-67.53,-69.00,-0.421
TRACE 1277351,-67.64,-69.00,-0.425
TRACE 1279182,-67.75,-69.00,-0.428
TRACE 1281055,-67.86,-69.00,-0.463
TRACE 1282877,-67.97,-70.00,0.435
TRACE 1284696,-68.08,-70.00,0.432
TRACE 1286520,-68.19,-70.00,0.429
TRACE 1288337,-68.30,-70.00,0.425
TRACE 1290159,-68.41,-70.00,0.422
TRACE 1291967,-68.52,-70.00,-0.421
TRACE 1293790,-68.63,-70.00,-0.424
TRACE 1295618,-68.74,-70.00,-0.490
TRACE 1297432,-68.85,-70.00,-0.493
TRACE 1299251,-68.96,-70.00,-0.497
TRACE 1301071,-69.06,-70.00,-0.500
TRACE 1302904,-69.17,-70.00,-0.503
TRACE 1304747,-69.28,-70.00,-0.507
TRACE 1306575,-69.39,-70.50,-0.464
TRACE 1308382,-69.50,-71.00,-0.420
TRACE 1310209,-69.61,-71.00,-0.424
TRACE 1312056,-69.72,-71.00,-0.427
TRACE 1313884,-69.83,-71.00,-0.431
TRACE 1315707,-69.94,-71.00,-0.434
TRACE 1317551,-70.05,-71.00,-0.437
TRACE 1319391,-70.16,-72.00,0.461
TRACE 1321205,-70.27,-72.00,0.426
TRACE 1323032,-70.38,-72.00,0.423
TRACE 1324848,-70.49,-72.50,0.466
TRACE 1326653,-70.60,-72.50,0.463
TRACE 1328476,-70.71,-72.50,0.460
TRACE 1330283,-70.82,-72.00,-0.430
TRACE 1332103,-70.93,-72.00,-0.496
TRACE 1333923,-71.04,-72.00,-0.499
TRACE 1335757,-71.15,-72.00,-0.502
TRACE 1337584,-71.26,-72.00,-0.537
TRACE 1339421,-71.37,-72.00,-0.540
TRACE 1341248,-71.47,-72.00,-0.544
TRACE 1343079,-71.58,-72.00,-0.516
TRACE 1344902,-71.69,-72.00,-0.519
TRACE 1346739,-71.80,-72.00,-0.522
TRACE 1348552,-71.91,-72.00,-0.525
TRACE 1350373,-72.02,-72.50,-0.482
TRACE 1352204,-72.13,-73.00,-0.439
TRACE 1354033,-72.24,-73.00,-0.443
TRACE 1355853,-72.35,-73.00,-0.446
TRACE 1357663,-72.46,-73.50,0.437
TRACE 1359467,-72.57,-74.00,0.481
TRACE 1361279,-72.68,-74.00,0.477
TRACE 1363082,-72.78,-74.00,0.443
TRACE 1364907,-72.89,-74.00,-0.432
TRACE 1366752,-73.01,-74.00,-0.435
TRACE 1368565,-73.11,-74.00,-0.438
TRACE 1370370,-73.22,-74.50,-0.427
TRACE 1372190,-73.33,-75.00,0.425
TRACE 1374025,-73.44,-75.00,0.422
TRACE 1375839,-73.55,-75.00,-0.422
TRACE 1377658,-73.66,-75.00,-0.425
TRACE 1379475,-73.77,-75.00,-0.428
TRACE 1381304,-73.88,-75.00,-0.432
TRACE 1383116,-73.99,-75.00,-0.466
TRACE 1384931,-74.10,-75.50,-0.454
TRACE 1386761,-74.21,-76.00,0.429
TRACE 1388545,-74.31,-76.00,0.426
TRACE 1390364,-74.42,-76.00,0.422
TRACE 1392175,-74.53,-76.00,-0.421
TRACE 1394000,-74.64,-76.00,-0.424
TRACE 1395867,-74.75,-76.00,-0.428
TRACE 1397693,-74.86,-76.00,-0.463
TRACE 1399517,-74.97,-76.00,-0.497
TRACE 1401319,-75.08,-76.00,-0.500
TRACE 1403141,-75.19,-77.00,0.429
TRACE 1404965,-75.30,-77.00,0.426
TRACE 1406757,-75.41,-77.00,0.423
TRACE 1408601,-75.52,-77.00,-0.421
TRACE 1419681,-76.18,-76.00,-0.533
TRACE 1421513,-76.29,-76.00,-0.537
TRACE 1423383,-76.40,-76.00,-0.540
TRACE 1425217,-76.51,-76.00,-0.580
TRACE 1427048,-76.62,-76.00,-0.583
TRACE 1428889,-76.73,-77.00,-0.520
TRACE 1430715,-76.84,-77.00,-0.523
TRACE 1432548,-76.95,-77.00,-0.464
TRACE 1434381,-77.06,-77.00,-0.468
TRACE 1436224,-77.17,-78.00,0.461
TRACE 1438063,-77.28,-78.00,0.458
TRACE 1439863,-77.39,-79.00,0.548
TRACE 1441671,-77.50,-79.00,0.482
TRACE 1443470,-77.61,-79.00,0.479
TRACE 1445272,-77.72,-79.00,0.476
TRACE 1447100,-77.83,-79.00,0.473
TRACE 1448915,-77.93,-79.00,-0.433
TRACE 1450761,-78.05,-78.50,-0.483
TRACE 1452592,-78.16,-78.00,-0.596
TRACE 1454428,-78.27,-78.00,-0.599
TRACE 1456374,-78.38,-78.00,-0.601
TRACE 1458197,-78.49,-78.00,-0.605
TRACE 1460026,-78.60,-78.00,-0.608
TRACE 1461856,-78.71,-79.00,-0.519
TRACE 1463676,-78.82,-79.00,-0.492
TRACE 1465507,-78.93,-79.00,-0.464
TRACE 1467363,-79.04,-79.00,-0.467
TRACE 1469189,-79.15,-80.00,0.462
TRACE 1470990,-79.26,-80.00,0.459
TRACE 1472812,-79.37,-80.50,0.502
TRACE 1474627,-79.48,-81.00,0.483
TRACE 1476449,-79.59,-81.00,0.480
TRACE 1478297,-79.70,-81.00,0.476
TRACE 1480129,-79.81,-81.00,0.473
TRACE 1481938,-79.92,-80.00,-0.525
TRACE 1483750,-80.03,-80.00,-0.529
TRACE 1485580,-80.13,-80.00,-0.563
TRACE 1487398,-80.24,-80.00,-0.598
TRACE 1489246,-80.35,-80.00,-0.601
TRACE 1491075,-80.46,-80.00,-0.605
TRACE 1492905,-80.57,-80.00,-0.608
TRACE 1494743,-80.68,-80.00,-0.549
TRACE 1496584,-80.80,-80.50,-0.506
TRACE 1498403,-80.90,-81.00,-0.463
TRACE 1500235,-81.01,-81.00,-0.456
TRACE 1502135,-81.13,-81.00,-0.459
TRACE 1504045,-81.24,-82.00,0.470
TRACE 1505937,-81.35,-82.00,0.466
TRACE 1507812,-81.46,-82.50,0.509
TRACE 1509716,-81.57,-83.00,0.521
TRACE 1511580,-81.68,-83.00,0.487
TRACE 1513452,-81.79,-83.00,0.484
TRACE 1515339,-81.90,-83.00,0.482
TRACE 1517209,-82.00,-83.00,-0.421
TRACE 1519108,-82.11,-82.00,-0.514
TRACE 1520999,-82.22,-82.00,-0.547
TRACE 1522899,-82.32,-82.00,-0.580
TRACE 1524827,-82.43,-82.00,-0.582
TRACE 1526720,-82.53,-82.00,-0.585
TRACE 1528629,-82.64,-82.00,-0.587
TRACE 1530521,-82.74,-82.50,-0.544
TRACE 1532420,-82.84,-83.00,-0.441
TRACE 1534304,-82.94,-83.00,-0.444
TRACE 1536201,-83.04,-83.00,-0.446
TRACE 1538085,-83.14,-83.50,0.437
TRACE 1540022,-83.24,-84.00,0.479
TRACE 1541891,-83.34,-84.00,0.478
TRACE 1543785,-83.44,-84.00,0.445
TRACE 1545662,-83.53,-84.50,0.458
TRACE 1547550,-83.63,-84.50,0.456
TRACE 1549412,-83.72,-84.00,-0.431
TRACE 1551304,-83.82,-84.00,-0.464
TRACE 1553210,-83.91,-84.00,-0.496
TRACE 1555096,-84.00,-84.00,-0.498
TRACE 1557004,-84.10,-84.00,-0.500
TRACE 1558910,-84.19,-84.00,-0.533
TRACE 1560818,-84.28,-85.00,-0.444
TRACE 1562695,-84.37,-85.00,0.424
TRACE 1564581,-84.46,-85.00,0.422
TRACE 1566476,-84.55,-85.00,-0.420
TRACE 1568378,-84.64,-85.50,0.463
TRACE 1570263,-84.72,-86.00,0.506
TRACE 1572150,-84.81,-86.00,0.505
TRACE 1574020,-84.89,-85.50,-0.443
TRACE 1575921,-84.98,-85.00,-0.490
TRACE 1577841,-85.06,-85.00,-0.492
TRACE 1579753,-85.15,-85.00,-0.494
TRACE 1590868,-85.63,-85.00,-0.522
TRACE 1592768,-85.71,-85.50,-0.509
TRACE 1594697,-85.79,-86.00,-0.477
TRACE 1596612,-85.86,-86.00,-0.461
TRACE 1598511,-85.94,-86.00,-0.445
TRACE 1600430,-86.02,-87.00,0.458
TRACE 1602329,-86.09,-87.00,0.457
TRACE 1604205,-86.17,-87.00,0.504
TRACE 1606093,-86.24,-87.00,0.473
TRACE 1608002,-86.31,-87.00,0.442
TRACE 1609884,-86.39,-87.00,0.440
TRACE 1611780,-86.46,-87.00,0.439
TRACE 1613698,-86.53,-87.00,-0.463
TRACE 1615612,-86.60,-86.50,-0.509
TRACE 1617516,-86.67,-86.00,-0.556
TRACE 1619428,-86.74,-86.00,-0.557
TRACE 1621334,-86.81,-86.00,-0.559
TRACE 1623223,-86.87,-86.50,-0.515
TRACE 1625115,-86.94,-87.00,-0.471
TRACE 1627047,-87.01,-87.00,-0.473
TRACE 1628936,-87.07,-87.00,-0.444
TRACE 1630837,-87.14,-87.00,0.425
TRACE 1632718,-87.20,-88.00,0.514
TRACE 1634624,-87.27,-88.00,0.513
TRACE 1636520,-87.33,-88.00,0.482
TRACE 1638422,-87.39,-88.00,0.450
TRACE 1640318,-87.45,-88.00,0.449
TRACE 1642208,-87.51,-88.00,0.448
TRACE 1644130,-87.57,-88.00,0.447
TRACE 1646033,-87.63,-88.00,-0.454
TRACE 1647987,-87.69,-88.00,-0.455
TRACE 1649911,-87.75,-88.00,-0.456
TRACE 1651835,-87.80,-88.00,-0.457
TRACE 1653745,-87.86,-88.00,-0.458
TRACE 1655686,-87.92,-88.50,0.425
TRACE 1657628,-87.97,-89.00,0.049
TRACE 1659488,-88.03,-89.00,0.048
TRACE 1661333,-88.08,-89.00,0.048
TRACE 1663192,-88.13,-89.00,0.047
TRACE 1665043,-88.18,-89.00,0.047
TRACE 1666907,-88.23,-89.00,0.046
TRACE 1668755,-88.28,-89.00,0.015
TRACE 1670660,-88.33,-89.00,-0.016
TRACE 1672520,-88.37,-88.50,-0.483
TRACE 1674450,-88.42,-88.00,-0.529
TRACE 1676351,-88.47,-88.00,-0.529
TRACE 1678277,-88.52,-88.00,-0.530
TRACE 1680194,-88.56,-88.50,-0.485
TRACE 1682142,-88.61,-89.00,-0.021
TRACE 1683998,-88.65,-89.00,-0.021
TRACE 1685872,-88.70,-89.00,0.008
TRACE 1687738,-88.74,-89.00,0.038
TRACE 1689611,-88.78,-89.00,0.037
TRACE 1691453,-88.82,-89.00,0.037
TRACE 1693302,-88.86,-89.00,0.006
TRACE 1695181,-88.90,-89.00,-0.025
TRACE 1697052,-88.94,-89.00,-0.025
TRACE 1698930,-88.98,-89.00,-0.026
TRACE 1700809,-89.02,-89.00,-0.026
TRACE 1702659,-89.05,-88.50,-0.492
TRACE 1704594,-89.09,-88.00,-0.538
TRACE 1706522,-89.13,-88.00,-0.538
TRACE 1708552,-89.16,-88.00,-0.538
TRACE 1710472,-89.20,-88.50,-0.493
TRACE 1712420,-89.23,-89.00,-0.029
TRACE 1714304,-89.27,-89.00,-0.029
TRACE 1716164,-89.30,-89.00,0.001
TRACE 1718025,-89.33,-89.00,0.030
TRACE 1719876,-89.36,-89.00,0.030
TRACE 1721734,-89.39,-89.00,0.031
TRACE 1723578,-89.42,-89.00,0.001
TRACE 1725451,-89.44,-89.00,-0.030
TRACE 1727323,-89.47,-89.00,-0.030
TRACE 1729178,-89.50,-89.00,-0.030
TRACE 1731063,-89.52,-89.00,-0.031
TRACE 1732910,-89.55,-89.00,-0.031
TRACE 1734784,-89.57,-89.00,-0.031
TRACE 1736687,-89.60,-88.50,-0.496
TRACE 1738609,-89.62,-88.50,-0.496
TRACE 1740564,-89.65,-88.00,-0.541
TRACE 1742485,-89.67,-88.50,-0.496
TRACE 1744418,-89.69,-88.50,-0.496
TRACE 1746343,-89.71,-89.00,-0.031
TRACE 1748199,-89.73,-89.00,-0.031
TRACE 1759303,-89.83,-89.00,-0.012
TRACE 1761201,-89.85,-89.00,-0.012
TRACE 1763098,-89.86,-89.00,0.006
TRACE 1764982,-89.88,-89.00,-0.011
TRACE 1766871,-89.89,-88.50,-0.464
TRACE 1768857,-89.90,-88.00,-0.514
TRACE 1770834,-89.91,-88.00,-0.513
TRACE 1772795,-89.93,-88.50,-0.492
TRACE 1774758,-89.94,-88.50,-0.492
TRACE 1776710,-89.95,-89.00,-0.027
TRACE 1778604,-89.95,-89.00,-0.026
TRACE 1780501,-89.96,-89.00,0.003
TRACE 1782388,-89.97,-89.00,0.034
TRACE 1784262,-89.98,-89.00,0.035
TRACE 1786131,-89.98,-89.00,0.006
TRACE 1788020,-89.99,-89.00,0.006
TRACE 1789890,-89.99,-89.00,-0.023
TRACE 1791756,-89.99,-89.00,-0.023
TRACE 1793678,-90.00,-89.00,-0.022
TRACE 1795616,-90.00,-89.00,-0.022
TRACE 1797501,-90.00,-88.50,-0.486
TRACE 1799425,-90.00,-88.00,-0.530
TRACE 1801360,-90.00,-88.00,-0.540
TRACE 1803072,-90.00,-88.00,-0.541
TRACE 1804786,-90.00,-88.50,-0.496
TRACE 1806518,-90.00,-89.00,-0.030
TRACE 1808178,-90.00,-89.00,-0.030
TRACE 1809842,-90.00,-89.00,0.002
TRACE 1811476,-90.00,-89.00,0.036
TRACE 1813122,-90.00,-89.00,0.038
TRACE 1814768,-90.00,-89.00,0.038
TRACE 1816422,-90.00,-89.00,0.004
TRACE 1818177,-90.00,-89.00,-0.030
TRACE 1819852,-90.00,-89.00,-0.030
TRACE 1821503,-90.00,-89.00,-0.030
TRACE 1823160,-90.00,-89.00,-0.030
TRACE 1824812,-90.00,-89.00,-0.030
TRACE 1826458,-90.00,-88.50,-0.499
TRACE 1828186,-90.00,-88.00,-0.548
TRACE 1829865,-90.00,-88.00,-0.548
TRACE 1831585,-90.00,-88.00,-0.548
TRACE 1833291,-90.00,-88.50,-0.499
TRACE 1835018,-90.00,-89.00,-0.030
TRACE 1836648,-90.00,-89.00,-0.030
TRACE 1838305,-90.00,-89.00,0.004
TRACE 1839966,-90.00,-89.00,0.038
TRACE 1841612,-90.00,-89.00,0.038
TRACE 1843269,-90.00,-89.00,0.038
TRACE 1844911,-90.00,-89.00,0.004
TRACE 1846572,-90.00,-89.00,-0.030
TRACE 1848209,-90.00,-89.00,-0.030
TRACE 1849891,-90.00,-89.00,-0.030
TRACE 1851557,-90.00,-89.00,-0.030
TRACE 1853211,-90.00,-88.50,-0.499
TRACE 1854936,-90.00,-88.00,-0.549
TRACE 1856638,-90.00,-88.00,-0.548
TRACE 1858357,-90.00,-88.50,-0.499
TRACE 1860098,-90.00,-88.50,-0.499
TRACE 1861818,-90.00,-89.00,-0.030
TRACE 1863483,-90.00,-89.00,-0.030
TRACE 1865149,-90.00,-89.00,0.004
TRACE 1866800,-90.00,-89.00,0.037
TRACE 1868441,-90.00,-89.00,0.038
TRACE 1870075,-90.00,-89.00,0.004
TRACE 1871752,-90.00,-89.00,0.004
TRACE 1873399,-90.00,-89.00,-0.030
TRACE 1875051,-90.00,-89.00,-0.030
TRACE 1876725,-90.00,-89.00,-0.030
TRACE 1878367,-90.00,-88.50,-0.500
TRACE 1880075,-90.00,-88.50,-0.499
TRACE 1881811,-90.00,-88.00,-0.548
TRACE 1883520,-90.00,-88.50,-0.499
TRACE 1885258,-90.00,-88.50,-0.499
TRACE 1886987,-90.00,-89.00,-0.030
TRACE 1888642,-90.00,-89.00,-0.030
TRACE 1890287,-90.00,-89.00,0.004
TRACE 1891956,-90.00,-89.00,0.004
TRACE 1893647,-90.00,-89.00,0.038
TRACE 1895279,-90.00,-89.00,0.004
TRACE 1896935,-90.00,-89.00,0.004
TRACE 1898604,-90.00,-89.00,-0.030
TRACE 1900275,-90.00,-89.00,-0.030
TRACE 1901936,-90.00,-89.00,-0.030
TRACE 1903598,-90.00,-88.50,-0.499
TRACE 1905316,-90.00,-88.50,-0.499
TRACE 1907058,-90.00,-88.00,-0.548
TRACE 1908754,-90.00,-88.50,-0.499
TRACE 1910464,-90.00,-88.50,-0.499
TRACE 1912173,-90.00,-89.00,-0.030
TRACE 1913835,-90.00,-89.00,-0.030
TRACE 1915479,-90.00,-89.00,0.004
TRACE 1917142,-90.00,-89.00,0.004
TRACE 1918793,-90.00,-89.00,0.038
TRACE 1920423,-90.00,-89.00,0.004
TRACE 1922080,-90.00,-89.00,0.004
TRACE 1923738,-90.00,-89.00,-0.030
TRACE 1925394,-90.00,-89.00,-0.030
TRACE 1927099,-90.00,-89.00,-0.030
TRACE 1928756,-90.00,-88.50,-0.499
TRACE 1930472,-90.00,-88.50,-0.499
TRACE 1932207,-90.00,-88.00,-0.548
TRACE 1933922,-90.00,-88.50,-0.499
TRACE 1935653,-90.00,-88.50,-0.499
TRACE 1937382,-90.00,-89.00,-0.030
TRACE 1939046,-90.00,-89.00,-0.030
TRACE 1940700,-90.00,-89.00,0.003
TRACE 1942348,-90.00,-89.00,0.004
TRACE 1944003,-90.00,-89.00,0.038
TRACE 1954894,-90.00,-88.50,-0.465
TRACE 1956654,-90.00,-88.00,-0.499
TRACE 1958399,-90.00,-88.00,-0.518
TRACE 1960123,-90.00,-88.00,-0.518
TRACE 1961858,-90.00,-88.50,-0.484
TRACE 1963579,-90.00,-89.00,-0.030
TRACE 1965261,-90.00,-89.00,-0.030
TRACE 1966913,-90.00,-89.00,0.003
TRACE 1968590,-90.00,-89.00,0.037
TRACE 1970246,-90.00,-89.00,0.038
TRACE 1971879,-90.00,-89.00,0.038
TRACE 1973517,-90.00,-89.00,0.004
TRACE 1975182,-90.00,-89.00,-0.030
TRACE 1976843,-90.00,-89.00,-0.030
TRACE 1978491,-90.00,-89.00,-0.030
TRACE 1980138,-90.00,-89.00,-0.030
TRACE 1981799,-90.00,-88.50,-0.500
TRACE 1983540,-90.00,-88.00,-0.549
TRACE 1985255,-90.00,-88.00,-0.548
TRACE 1986975,-90.00,-88.00,-0.548
TRACE 1988687,-90.00,-88.50,-0.499
TRACE 1990434,-90.00,-89.00,-0.030
TRACE 1992100,-90.00,-89.00,-0.030
TRACE 1993761,-90.00,-89.00,0.003
TRACE 1995398,-90.00,-89.00,0.037
TRACE 1997175,-90.00,-89.00,0.037
TRACE 1998865,-90.00,-89.00,0.037
TRACE 2000514,-90.00,-89.00,0.004
TRACE 2002179,-90.00,-89.00,-0.030
TRACE 2003829,-90.00,-89.00,-0.030
TRACE 2005491,-90.00,-89.00,-0.030
TRACE 2007160,-90.00,-89.00,-0.030
TRACE 2008831,-90.00,-88.50,-0.499
TRACE 2010553,-90.00,-88.00,-0.548
TRACE 2012259,-90.00,-88.00,-0.548
TRACE 2013962,-90.00,-88.50,-0.499
TRACE 2015699,-90.00,-88.50,-0.499
TRACE 2017402,-90.00,-89.00,-0.030
TRACE 2019044,-90.00,-89.00,-0.030
TRACE 2020686,-90.00,-89.00,0.004
TRACE 2022408,-90.00,-89.00,0.037
TRACE 2024087,-90.00,-89.00,0.038
TRACE 2025745,-90.00,-89.00,0.004
TRACE 2027440,-90.00,-89.00,0.004
TRACE 2029098,-90.00,-89.00,-0.030
TRACE 2030750,-90.00,-89.00,-0.030
TRACE 2032412,-90.00,-89.00,-0.030
TRACE 2034084,-90.00,-88.50,-0.499
TRACE 2035805,-90.00,-88.00,-0.548
TRACE 2037515,-90.00,-88.00,-0.548
TRACE 2039223,-90.00,-88.50,-0.499
TRACE 2040947,-90.00,-88.50,-0.499
TRACE 2042659,-90.00,-89.00,-0.030
TRACE 2044354,-90.00,-89.00,-0.030
TRACE 2046011,-90.00,-89.00,0.004
TRACE 2047669,-90.00,-89.00,0.037
TRACE 2049314,-90.00,-89.00,0.038
TRACE 2050954,-90.00,-89.00,0.004
TRACE 2052627,-90.00,-89.00,0.004
TRACE 2054296,-90.00,-89.00,-0.030
TRACE 2055958,-90.00,-89.00,-0.030
TRACE 2057602,-90.00,-89.00,-0.030
TRACE 2059249,-90.00,-88.50,-0.500
TRACE 2060978,-90.00,-88.50,-0.499
TRACE 2062678,-90.00,-88.00,-0.548
TRACE 2064381,-90.00,-88.50,-0.499
TRACE 2066121,-90.00,-88.50,-0.499
TRACE 2067847,-90.00,-89.00,-0.030
TRACE 2069504,-90.00,-89.00,-0.030
TRACE 2071156,-90.00,-89.00,0.004
TRACE 2072810,-90.00,-89.00,0.004
TRACE 2074491,-90.00,-89.00,0.038
TRACE 2076137,-90.00,-89.00,0.004
TRACE 2077818,-90.00,-89.00,0.004
TRACE 2079479,-90.00,-89.00,-0.030
TRACE 2081154,-90.00,-89.00,-0.030
TRACE 2082812,-90.00,-89.00,-0.030
TRACE 2084469,-90.00,-88.50,-0.499
TRACE 2086192,-90.00,-88.00,-0.548
TRACE 2087884,-90.00,-88.00,-0.548
TRACE 2089572,-90.00,-88.50,-0.499
TRACE 2091309,-90.00,-88.50,-0.499
TRACE 2093033,-90.00,-89.00,-0.030
TRACE 2094690,-90.00,-89.00,-0.030
TRACE 2096345,-90.00,-89.00,0.004
TRACE 2098170,-90.00,-89.00,0.037
TRACE 2099834,-90.00,-89.00,0.037
TRACE 2101484,-90.00,-89.00,0.004
TRACE 2103140,-90.00,-89.00,0.004
TRACE 2104795,-90.00,-89.00,-0.030
TRACE 2106456,-90.00,-89.00,-0.030
TRACE 2108112,-90.00,-89.00,-0.030
TRACE 2109758,-90.00,-89.00,-0.030
TRACE 2111402,-90.00,-88.50,-0.500
TRACE 2113139,-90.00,-88.00,-0.549
TRACE 2114854,-90.00,-88.00,-0.548
TRACE 2116558,-90.00,-88.50,-0.499
TRACE 2118288,-90.00,-88.50,-0.499
TRACE 2120005,-90.00,-89.00,-0.030
TRACE 2121650,-90.00,-89.00,-0.030
TRACE 2123308,-90.00,-89.00,0.004
TRACE 2124949,-90.00,-89.00,0.038
TRACE 2126589,-90.00,-89.00,0.038
TRACE 2128240,-90.00,-89.00,0.004
TRACE 2129915,-90.00,-89.00,0.004
TRACE 2131598,-90.00,-89.00,-0.030
TRACE 2133280,-90.00,-89.00,-0.030
TRACE 2134952,-90.00,-89.00,-0.030
TRACE 2136623,-90.00,-89.00,-0.030
TRACE 2138275,-90.00,-88.50,-0.499
TRACE 2140002,-90.00,-88.00,-0.548
TRACE 2141694,-90.00,-88.00,-0.548
TRACE 2143400,-90.00,-88.00,-0.548
TRACE 2145105,-90.00,-88.50,-0.499
TRACE 2146845,-90.00,-89.00,-0.030
TRACE 2148511,-90.00,-89.00,-0.030
TRACE 2159427,-90.00,-89.00,-0.011
TRACE 2161115,-90.00,-89.00,0.008
TRACE 2162773,-90.00,-89.00,0.008
TRACE 2164431,-90.00,-89.00,0.008
TRACE 2166105,-90.00,-88.50,-0.465
TRACE 2167858,-90.00,-88.50,-0.484
TRACE 2169569,-90.00,-88.00,-0.518
TRACE 2171278,-90.00,-88.50,-0.499
TRACE 2172996,-90.00,-88.50,-0.499
TRACE 2174707,-90.00,-89.00,-0.030
TRACE 2176340,-90.00,-89.00,-0.030
TRACE 2177956,-90.00,-89.00,0.004
TRACE 2179621,-90.00,-89.00,0.004
TRACE 2181249,-90.00,-89.00,0.038
TRACE 2182891,-90.00,-89.00,0.004
TRACE 2184524,-90.00,-89.00,0.005
TRACE 2186186,-90.00,-89.00,-0.030
TRACE 2187843,-90.00,-89.00,-0.030
TRACE 2189475,-90.00,-88.50,-0.500
TRACE 2191168,-90.00,-88.50,-0.500
TRACE 2192871,-90.00,-88.00,-0.549
TRACE 2194554,-90.00,-88.50,-0.499
TRACE 2196249,-90.00,-88.50,-0.499
TRACE 2197969,-90.00,-89.00,-0.030
TRACE 2199597,-90.00,-89.00,-0.030
TRACE 2201228,-90.00,-89.00,0.004
TRACE 2202946,-90.00,-89.00,0.004
TRACE 2204575,-90.00,-89.00,0.038
TRACE 2206206,-90.00,-89.00,0.004
TRACE 2207837,-90.00,-89.00,0.005
TRACE 2209498,-90.00,-89.00,-0.030
TRACE 2211132,-90.00,-89.00,-0.030
TRACE 2212785,-90.00,-88.50,-0.500
TRACE 2214476,-90.00,-88.50,-0.500
TRACE 2216180,-90.00,-88.00,-0.549
>>> 
HOST arm.nominal = -90
arm.nominal = -90
>>> 
HOST r = arm.move_to(0, "tuning_umax090")
r = arm.move_to(0, "tuning_umax090")
RESULT {"loops": 956, "overshoot": 0.0, "t_reach": 1.6273, "type": "move", "t_settle": 1.6515, "target": 0, "state": "done", "q": null, "tag": "tuning_umax090", "err": 0.0, "err_rest": 0.0, "ok": true, "max_dt_us": 11153, "t_profile": 1.775, "start": -88.5, "max_track_err": 3.07}
>>> 
HOST arm_test.cmd_trace(arm, [])
arm_test.cmd_trace(arm, [])
TRACE t_us,ref_deg,pos_deg,duty
TRACE 967,-88.50,-88.50,0.430
TRACE 2948,-88.50,-88.50,0.431
TRACE 4799,-88.50,-88.50,0.432
TRACE 6607,-88.50,-88.00,-0.493
TRACE 8408,-88.49,-88.00,-0.476
TRACE 10237,-88.49,-88.00,-0.464
TRACE 12039,-88.49,-88.00,-0.456
TRACE 13873,-88.48,-88.00,-0.450
TRACE 15665,-88.48,-88.50,0.436
TRACE 17421,-88.47,-89.00,0.484
TRACE 19204,-88.46,-89.00,0.517
TRACE 20973,-88.46,-89.00,0.518
TRACE 22764,-88.45,-89.00,0.519
TRACE 24546,-88.44,-88.50,0.473
TRACE 26330,-88.43,-88.00,0.427
TRACE 28114,-88.42,-88.00,-0.445
TRACE 29924,-88.41,-88.00,-0.476
TRACE 31712,-88.40,-88.00,-0.475
TRACE 33506,-88.39,-88.00,-0.473
TRACE 35307,-88.38,-88.00,-0.472
TRACE 37095,-88.36,-88.00,-0.439
TRACE 38960,-88.35,-88.00,0.434
TRACE 40731,-88.33,-89.00,0.528
TRACE 42504,-88.32,-89.00,0.529
TRACE 44261,-88.30,-89.00,0.531
TRACE 46027,-88.29,-89.00,0.532
TRACE 47816,-88.27,-89.00,0.533
TRACE 49576,-88.25,-89.00,0.534
TRACE 51340,-88.24,-88.00,0.441
TRACE 53116,-88.22,-88.00,-0.462
TRACE 54916,-88.20,-88.00,-0.461
TRACE 56690,-88.18,-88.00,-0.459
TRACE 58456,-88.16,-87.50,-0.505
TRACE 60245,-88.14,-87.50,-0.504
TRACE 62135,-88.11,-88.00,-0.455
TRACE 63922,-88.09,-88.00,0.450
TRACE 65691,-88.07,-88.00,0.452
TRACE 67466,-88.04,-88.00,0.453
TRACE 69249,-88.02,-89.00,0.548
TRACE 71012,-88.00,-89.00,0.581
TRACE 72794,-87.97,-89.00,0.583
TRACE 74592,-87.94,-88.50,0.506
TRACE 76353,-87.92,-88.00,0.460
TRACE 78122,-87.89,-88.00,0.461
TRACE 79891,-87.86,-88.00,0.463
TRACE 81651,-87.83,-88.00,-0.440
TRACE 83429,-87.80,-88.00,-0.439
TRACE 85202,-87.77,-87.00,-0.531
TRACE 86976,-87.74,-87.00,-0.498
TRACE 88764,-87.71,-87.00,-0.464
TRACE 90565,-87.68,-87.50,0.425
TRACE 92349,-87.65,-88.00,0.474
TRACE 94113,-87.61,-88.00,0.475
TRACE 95877,-87.58,-88.00,0.477
TRACE 97648,-87.55,-88.00,0.543
TRACE 99408,-87.51,-88.00,0.545
TRACE 101163,-87.48,-88.00,0.547
TRACE 102923,-87.44,-88.00,0.516
TRACE 104685,-87.40,-88.00,0.486
TRACE 106447,-87.37,-88.00,0.487
TRACE 108209,-87.33,-88.00,0.489
TRACE 109981,-87.29,-87.00,-0.444
TRACE 111766,-87.25,-87.00,-0.442
TRACE 113551,-87.21,-87.00,-0.440
TRACE 115348,-87.17,-87.00,-0.438
TRACE 117133,-87.13,-87.00,-0.436
TRACE 118923,-87.09,-87.00,-0.434
TRACE 120692,-87.04,-87.00,-0.432
TRACE 122486,-87.00,-87.00,0.474
TRACE 124246,-86.96,-87.00,0.476
TRACE 126011,-86.91,-87.00,0.478
TRACE 127783,-86.87,-87.00,0.480
TRACE 129692,-86.82,-87.00,0.482
TRACE 131467,-86.77,-87.00,0.484
TRACE 133236,-86.72,-86.50,0.439
TRACE 135016,-86.68,-86.00,-0.446
TRACE 136803,-86.63,-86.00,-0.443
TRACE 138589,-86.58,-86.00,-0.441
TRACE 140373,-86.53,-86.00,-0.439
TRACE 142166,-86.48,-86.00,-0.437
TRACE 143949,-86.43,-86.00,-0.435
TRACE 145742,-86.38,-87.00,0.533
TRACE 147501,-86.32,-87.00,0.567
TRACE 149274,-86.27,-87.00,0.570
TRACE 151045,-86.22,-87.00,0.572
TRACE 152814,-86.16,-87.00,0.574
TRACE 154571,-86.11,-87.00,0.577
TRACE 156363,-86.06,-87.00,0.579
TRACE 158127,-86.00,-87.00,0.517
TRACE 159984,-85.94,-86.00,0.425
TRACE 161750,-85.88,-86.00,0.428
TRACE 163506,-85.83,-86.00,0.430
TRACE 165283,-85.77,-85.00,-0.502
TRACE 167061,-85.71,-85.00,-0.499
TRACE 168834,-85.65,-85.00,-0.497
TRACE 170620,-85.59,-85.00,-0.494
TRACE 172416,-85.53,-85.00,-0.428
TRACE 174195,-85.47,-85.00,-0.426
TRACE 185197,-85.07,-86.00,0.525
TRACE 186996,-85.00,-86.00,0.564
TRACE 188786,-84.94,-86.00,0.567
TRACE 190583,-84.87,-86.50,0.603
TRACE 192353,-84.80,-86.50,0.605
TRACE 194167,-84.73,-86.50,0.608
TRACE 195971,-84.66,-86.50,0.611
TRACE 197768,-84.59,-86.50,0.590
TRACE 199564,-84.52,-86.00,0.546
TRACE 201343,-84.45,-86.00,0.549
TRACE 203117,-84.37,-86.00,0.520
TRACE 204899,-84.30,-86.00,0.523
TRACE 206670,-84.23,-86.00,0.526
TRACE 208434,-84.16,-85.00,0.434
TRACE 210221,-84.08,-85.00,0.437
TRACE 211990,-84.01,-85.00,0.472
TRACE 213739,-83.93,-85.00,0.474
TRACE 215521,-83.86,-84.00,-0.457
TRACE 217300,-83.78,-84.00,-0.454
TRACE 219109,-83.70,-84.00,-0.451
TRACE 220879,-83.62,-83.00,-0.478
TRACE 222683,-83.54,-83.00,-0.474
TRACE 224603,-83.46,-83.00,-0.470
TRACE 226371,-83.38,-83.00,-0.466
TRACE 228142,-83.30,-83.00,0.440
TRACE 229931,-83.21,-83.50,0.490
TRACE 231705,-83.13,-84.00,0.539
TRACE 233494,-83.05,-84.00,0.606
TRACE 235267,-82.96,-83.50,0.563
TRACE 237025,-82.88,-83.00,0.519
TRACE 238779,-82.80,-83.00,0.522
TRACE 240541,-82.71,-83.00,0.525
TRACE 242313,-82.63,-83.00,0.496
TRACE 244095,-82.54,-83.00,0.467
TRACE 245859,-82.46,-83.00,0.470
TRACE 247705,-82.36,-82.00,-0.428
TRACE 249486,-82.28,-82.00,0.447
TRACE 251272,-82.19,-82.00,0.451
TRACE 253053,-82.10,-81.50,-0.433
TRACE 254833,-82.01,-81.00,-0.476
TRACE 256615,-81.91,-81.00,-0.473
TRACE 258399,-81.82,-81.00,-0.469
TRACE 260193,-81.73,-81.00,0.438
TRACE 261941,-81.64,-81.00,0.441
TRACE 263710,-81.55,-81.00,0.444
TRACE 265470,-81.45,-81.50,0.527
TRACE 267229,-81.36,-81.50,0.563
TRACE 268999,-81.26,-82.00,0.614
TRACE 270779,-81.17,-81.50,0.570
TRACE 272552,-81.07,-81.00,0.526
TRACE 274325,-80.97,-81.00,0.530
TRACE 276089,-80.88,-81.00,0.533
TRACE 277871,-80.78,-81.00,0.504
TRACE 279638,-80.68,-81.00,0.508
TRACE 281406,-80.58,-81.00,0.479
TRACE 283174,-80.48,-81.00,0.515
TRACE 284952,-80.38,-80.50,0.504
TRACE 286732,-80.28,-80.00,0.460
TRACE 288522,-80.18,-80.00,0.464
TRACE 290297,-80.07,-79.50,0.421
TRACE 292068,-79.97,-79.00,-0.463
TRACE 293859,-79.86,-79.00,-0.459
TRACE 295647,-79.76,-79.00,-0.455
TRACE 297433,-79.65,-78.50,-0.466
TRACE 299216,-79.55,-78.00,-0.477
TRACE 301008,-79.44,-78.00,-0.483
TRACE 302839,-79.33,-78.00,-0.448
TRACE 304658,-79.22,-78.50,0.475
TRACE 306455,-79.11,-79.00,0.525
TRACE 308263,-79.00,-79.00,0.528
TRACE 310058,-78.90,-79.00,0.563
TRACE 311855,-78.79,-79.00,0.598
TRACE 313712,-78.68,-78.00,0.508
TRACE 315539,-78.57,-78.00,0.511
TRACE 317328,-78.46,-78.00,0.483
TRACE 319171,-78.35,-78.00,0.455
TRACE 320967,-78.24,-77.00,-0.475
TRACE 322782,-78.13,-77.00,-0.472
TRACE 324615,-78.02,-77.00,-0.468
TRACE 326435,-77.91,-77.00,0.438
TRACE 328245,-77.81,-77.00,0.441
TRACE 330058,-77.70,-77.00,0.444
TRACE 331855,-77.59,-76.50,-0.439
TRACE 333677,-77.48,-76.00,0.421
TRACE 335491,-77.37,-76.00,0.424
TRACE 337297,-77.26,-76.00,0.427
TRACE 339098,-77.15,-76.00,0.430
TRACE 340913,-77.05,-76.00,0.433
TRACE 342708,-76.94,-76.00,0.437
TRACE 344666,-76.82,-76.00,0.472
TRACE 346485,-76.71,-76.00,0.507
TRACE 348282,-76.60,-76.00,0.510
TRACE 350090,-76.49,-76.00,0.513
TRACE 351905,-76.39,-76.00,0.516
TRACE 353723,-76.28,-76.00,0.520
TRACE 355512,-76.17,-76.00,0.523
TRACE 357330,-76.06,-76.00,0.526
TRACE 359154,-75.95,-76.00,0.529
TRACE 370280,-75.28,-74.00,-0.423
TRACE 372101,-75.17,-74.00,0.420
TRACE 373923,-75.06,-73.00,-0.483
TRACE 375760,-74.95,-73.00,-0.480
TRACE 377599,-74.84,-73.00,-0.476
TRACE 379431,-74.73,-73.00,-0.473
TRACE 381267,-74.62,-73.00,-0.469
TRACE 383074,-74.52,-73.00,0.420
TRACE 384895,-74.41,-73.00,0.423
TRACE 386717,-74.30,-73.00,0.489
TRACE 388528,-74.19,-73.50,0.539
TRACE 390331,-74.08,-74.00,0.588
TRACE 392131,-73.97,-73.50,0.545
TRACE 393935,-73.86,-73.00,0.502
TRACE 395730,-73.76,-73.00,0.505
TRACE 397542,-73.65,-73.00,0.509
TRACE 399336,-73.54,-73.00,0.512
TRACE 401146,-73.43,-73.00,0.483
TRACE 402947,-73.32,-73.00,0.455
TRACE 404791,-73.21,-72.00,-0.443
TRACE 406728,-73.10,-72.00,0.433
TRACE 408542,-72.99,-71.50,-0.450
TRACE 410361,-72.88,-71.00,-0.493
TRACE 412182,-72.77,-71.00,-0.490
TRACE 413997,-72.66,-71.00,-0.486
TRACE 415822,-72.55,-71.00,-0.483
TRACE 417655,-72.44,-71.00,0.423
TRACE 419474,-72.33,-71.50,0.472
TRACE 421289,-72.22,-72.00,0.553
TRACE 423081,-72.12,-72.00,0.587
TRACE 424896,-72.01,-72.00,0.591
TRACE 426700,-71.90,-72.00,0.594
TRACE 428630,-71.78,-72.00,0.597
TRACE 430430,-71.67,-71.00,0.508
TRACE 432216,-71.57,-71.00,0.480
TRACE 434036,-71.46,-71.00,0.452
TRACE 435852,-71.35,-71.00,0.455
TRACE 437680,-71.24,-71.00,0.458
TRACE 439479,-71.13,-70.50,-0.425
TRACE 441319,-71.02,-70.00,-0.469
TRACE 443150,-70.91,-70.00,0.438
TRACE 444958,-70.80,-70.00,0.441
TRACE 446769,-70.69,-69.50,-0.442
TRACE 448587,-70.58,-69.00,-0.485
TRACE 450394,-70.48,-69.00,-0.482
TRACE 452226,-70.37,-69.00,-0.447
TRACE 454048,-70.26,-69.50,0.474
TRACE 455859,-70.15,-70.00,0.524
TRACE 457664,-70.04,-70.00,0.527
TRACE 459445,-69.93,-70.00,0.562
TRACE 461243,-69.83,-70.00,0.596
TRACE 463038,-69.72,-70.00,0.600
TRACE 464848,-69.61,-70.00,0.603
TRACE 466649,-69.50,-70.00,0.575
TRACE 468447,-69.39,-70.00,0.546
TRACE 470265,-69.28,-69.50,0.503
TRACE 472087,-69.17,-69.00,0.459
TRACE 473911,-69.07,-69.00,0.463
TRACE 475738,-68.96,-69.00,0.466
TRACE 477547,-68.85,-69.00,0.470
TRACE 479334,-68.74,-68.00,-0.460
TRACE 481162,-68.63,-68.00,-0.457
TRACE 482996,-68.52,-68.00,-0.422
TRACE 484813,-68.41,-68.00,0.453
TRACE 486628,-68.30,-67.50,-0.430
TRACE 488457,-68.19,-67.50,-0.427
TRACE 490282,-68.08,-68.00,0.463
TRACE 492092,-67.97,-68.00,0.529
TRACE 493981,-67.86,-68.00,0.532
TRACE 495782,-67.75,-68.00,0.535
TRACE 497577,-67.65,-68.00,0.539
TRACE 499388,-67.54,-68.00,0.573
TRACE 501196,-67.43,-67.50,0.530
TRACE 502989,-67.32,-67.00,0.455
TRACE 504801,-67.21,-67.00,0.459
TRACE 506630,-67.10,-67.00,0.462
TRACE 508433,-66.99,-67.00,0.465
TRACE 510247,-66.89,-66.00,-0.465
TRACE 512067,-66.78,-66.00,-0.461
TRACE 513900,-66.67,-66.00,-0.426
TRACE 515701,-66.56,-66.00,0.448
TRACE 517500,-66.45,-66.00,0.452
TRACE 519336,-66.34,-66.00,0.455
TRACE 521138,-66.23,-66.00,0.458
TRACE 522932,-66.12,-66.00,0.524
TRACE 524832,-66.01,-65.50,0.481
TRACE 526625,-65.90,-65.00,0.438
TRACE 528445,-65.79,-65.00,0.441
TRACE 530237,-65.69,-65.00,0.445
TRACE 532067,-65.58,-65.00,0.448
TRACE 533891,-65.47,-64.00,-0.481
TRACE 535731,-65.36,-64.00,-0.478
TRACE 537561,-65.25,-64.00,-0.444
TRACE 548617,-64.58,-63.50,0.441
TRACE 550447,-64.47,-64.00,0.477
TRACE 552301,-64.36,-64.00,0.481
TRACE 554131,-64.25,-64.00,0.484
TRACE 555927,-64.14,-63.00,0.457
TRACE 557753,-64.03,-63.00,0.461
TRACE 559553,-63.93,-63.00,0.464
TRACE 561388,-63.82,-63.00,0.472
TRACE 563202,-63.71,-63.00,0.444
TRACE 565012,-63.60,-63.00,0.447
TRACE 566828,-63.49,-62.50,-0.436
TRACE 568651,-63.38,-62.00,0.424
TRACE 570463,-63.27,-62.00,0.427
TRACE 572308,-63.16,-62.00,0.430
TRACE 574122,-63.05,-62.00,0.434
TRACE 575939,-62.94,-61.00,-0.496
TRACE 577768,-62.83,-61.00,-0.492
TRACE 579583,-62.73,-61.00,-0.458
TRACE 581417,-62.61,-61.00,-0.423
TRACE 583256,-62.50,-61.00,0.420
TRACE 585070,-62.40,-61.00,0.423
TRACE 587006,-62.28,-61.50,0.474
TRACE 588820,-62.17,-62.00,0.585
TRACE 590623,-62.06,-62.00,0.588
TRACE 592425,-61.95,-62.00,0.592
TRACE 594234,-61.85,-61.50,0.549
TRACE 596051,-61.74,-61.00,0.506
TRACE 597860,-61.63,-61.00,0.509
TRACE 599649,-61.52,-61.00,0.481
TRACE 601458,-61.41,-61.00,0.452
TRACE 603260,-61.30,-61.00,0.456
TRACE 605066,-61.20,-61.00,0.459
TRACE 606896,-61.09,-61.00,0.494
TRACE 608801,-60.97,-60.50,0.482
TRACE 610610,-60.86,-60.00,0.439
TRACE 612412,-60.76,-60.00,0.443
TRACE 614208,-60.65,-59.00,-0.487
TRACE 616047,-60.54,-59.00,-0.483
TRACE 617882,-60.43,-59.00,-0.480
TRACE 619702,-60.32,-59.00,-0.476
TRACE 621525,-60.21,-59.00,-0.443
TRACE 623337,-60.10,-59.00,0.432
TRACE 625168,-59.99,-59.00,0.436
TRACE 626984,-59.88,-59.00,0.502
TRACE 628791,-59.77,-59.00,0.505
TRACE 630590,-59.66,-58.00,-0.425
TRACE 632413,-59.56,-58.00,-0.422
TRACE 634203,-59.45,-58.00,0.421
TRACE 636005,-59.34,-58.00,0.425
TRACE 637809,-59.23,-58.00,0.428
TRACE 639606,-59.12,-58.00,0.431
TRACE 641419,-59.01,-58.00,0.434
TRACE 643230,-58.91,-58.00,0.501
TRACE 645014,-58.80,-58.00,0.504
TRACE 646833,-58.69,-58.00,0.507
TRACE 648649,-58.58,-58.00,0.511
TRACE 650448,-58.47,-58.00,0.514
TRACE 652249,-58.37,-58.00,0.517
TRACE 654036,-58.26,-58.00,0.520
TRACE 655845,-58.15,-58.00,0.524
TRACE 657639,-58.04,-58.00,0.527
TRACE 659439,-57.93,-57.50,0.483
TRACE 661258,-57.82,-57.00,0.440
TRACE 663053,-57.72,-57.00,0.443
TRACE 664852,-57.61,-57.00,0.446
TRACE 666653,-57.50,-57.00,0.450
TRACE 668460,-57.39,-56.00,-0.481
TRACE 670258,-57.28,-56.00,-0.477
TRACE 672084,-57.17,-56.00,-0.442
TRACE 674030,-57.06,-56.00,0.434
TRACE 675822,-56.95,-56.00,0.437
TRACE 677635,-56.84,-56.00,0.440
TRACE 679457,-56.73,-56.00,0.444
TRACE 681283,-56.62,-56.00,0.509
TRACE 683082,-56.52,-55.00,0.420
TRACE 684904,-56.41,-55.00,0.423
TRACE 686717,-56.30,-55.00,0.426
TRACE 688530,-56.19,-55.00,0.429
TRACE 690338,-56.08,-54.50,-0.454
TRACE 692170,-55.97,-54.00,-0.497
TRACE 693986,-55.86,-54.00,-0.494
TRACE 695795,-55.75,-54.00,-0.427
TRACE 697643,-55.64,-54.00,-0.424
TRACE 699450,-55.53,-54.00,-0.421
TRACE 701282,-55.42,-54.00,0.423
TRACE 703095,-55.31,-54.00,0.457
TRACE 704917,-55.20,-54.00,0.492
TRACE 706705,-55.10,-54.00,0.495
TRACE 708511,-54.99,-54.00,0.498
TRACE 710305,-54.88,-54.00,0.502
TRACE 712107,-54.77,-54.00,0.505
TRACE 713907,-54.67,-54.00,0.508
TRACE 715714,-54.56,-53.00,-0.422
TRACE 717547,-54.45,-53.00,0.421
TRACE 728623,-53.78,-53.00,0.468
TRACE 730433,-53.67,-53.00,0.471
TRACE 732273,-53.56,-53.00,0.475
TRACE 734093,-53.45,-53.50,0.511
TRACE 735912,-53.35,-53.50,0.514
TRACE 737706,-53.24,-53.00,0.521
TRACE 739494,-53.13,-53.00,0.524
TRACE 741302,-53.02,-53.00,0.527
TRACE 743128,-52.91,-53.00,0.531
TRACE 744931,-52.80,-53.00,0.534
TRACE 746734,-52.70,-53.00,0.505
TRACE 748556,-52.59,-53.00,0.509
TRACE 750369,-52.48,-52.00,0.450
TRACE 752193,-52.37,-52.00,0.454
TRACE 753990,-52.26,-52.00,0.457
TRACE 755817,-52.15,-51.00,-0.473
TRACE 757640,-52.04,-51.00,-0.469
TRACE 759457,-51.93,-51.00,-0.466
TRACE 761297,-51.82,-51.00,-0.462
TRACE 763111,-51.71,-51.00,0.444
TRACE 764914,-51.61,-51.00,0.447
TRACE 766783,-51.49,-51.00,0.451
TRACE 768609,-51.38,-51.00,0.516
TRACE 770406,-51.28,-50.50,0.473
TRACE 772213,-51.17,-50.00,0.430
TRACE 774035,-51.06,-50.00,0.433
TRACE 775834,-50.95,-50.00,0.437
TRACE 777632,-50.84,-49.00,-0.493
TRACE 779464,-50.73,-49.00,-0.490
TRACE 781281,-50.62,-49.00,-0.487
TRACE 783118,-50.51,-49.00,-0.452
TRACE 784943,-50.40,-49.00,0.423
TRACE 786761,-50.29,-49.00,0.426
TRACE 788597,-50.18,-49.00,0.430
TRACE 790401,-50.08,-49.00,0.496
TRACE 792193,-49.97,-49.00,0.499
TRACE 794004,-49.86,-49.00,0.502
TRACE 795806,-49.75,-49.00,0.505
TRACE 797619,-49.64,-49.00,0.509
TRACE 799439,-49.53,-49.00,0.512
TRACE 801247,-49.43,-48.50,0.469
TRACE 803035,-49.32,-48.00,0.425
TRACE 804853,-49.21,-48.00,0.429
TRACE 806656,-49.10,-47.50,-0.455
TRACE 808474,-48.99,-47.00,-0.498
TRACE 810290,-48.88,-47.00,-0.495
TRACE 812135,-48.77,-47.00,-0.491
TRACE 813957,-48.66,-47.00,-0.456
TRACE 815779,-48.55,-47.00,-0.421
TRACE 817587,-48.44,-47.00,0.422
TRACE 819401,-48.34,-47.00,0.457
TRACE 821198,-48.23,-47.00,0.491
TRACE 823012,-48.12,-47.00,0.494
TRACE 824806,-48.01,-47.00,0.498
TRACE 826625,-47.90,-47.00,0.501
TRACE 828428,-47.79,-47.00,0.504
TRACE 830222,-47.69,-46.50,0.461
TRACE 832038,-47.58,-46.00,-0.423
TRACE 833880,-47.47,-46.00,0.421
TRACE 835690,-47.36,-46.00,0.424
TRACE 837492,-47.25,-46.00,0.427
TRACE 839300,-47.14,-46.00,0.431
TRACE 841106,-47.03,-46.00,0.434
TRACE 842915,-46.93,-46.00,0.469
TRACE 844711,-46.82,-46.00,0.503
TRACE 846528,-46.71,-46.00,0.507
TRACE 848346,-46.60,-46.00,0.510
TRACE 850169,-46.49,-45.00,0.420
TRACE 851987,-46.38,-45.00,0.424
TRACE 853873,-46.27,-45.00,0.427
TRACE 855664,-46.16,-45.00,0.430
TRACE 857475,-46.05,-44.00,-0.499
TRACE 859281,-45.94,-44.00,-0.496
TRACE 861097,-45.83,-44.00,-0.493
TRACE 862920,-45.72,-43.50,-0.473
TRACE 864763,-45.61,-43.00,-0.516
TRACE 866608,-45.50,-43.00,-0.513
TRACE 868432,-45.39,-43.00,-0.509
TRACE 870238,-45.29,-43.50,0.443
TRACE 872042,-45.18,-44.00,0.493
TRACE 873844,-45.07,-44.00,0.496
TRACE 875636,-44.96,-44.00,0.531
TRACE 877442,-44.85,-43.00,0.472
TRACE 879226,-44.75,-43.00,0.476
TRACE 881046,-44.64,-43.00,0.479
TRACE 882921,-44.52,-43.00,0.451
TRACE 884717,-44.42,-43.00,0.422
TRACE 886528,-44.31,-43.00,0.426
TRACE 888332,-44.20,-43.00,0.429
TRACE 890126,-44.09,-42.00,-0.438
TRACE 891950,-43.98,-42.00,-0.434
TRACE 893771,-43.87,-42.00,-0.431
TRACE 895592,-43.76,-42.00,-0.428
TRACE 897421,-43.65,-42.00,-0.425
TRACE 908524,-42.99,-42.00,0.462
TRACE 910335,-42.88,-42.00,0.465
TRACE 912141,-42.77,-42.00,0.505
TRACE 913945,-42.66,-42.00,0.508
TRACE 915776,-42.55,-42.00,0.511
TRACE 917622,-42.44,-42.00,0.515
TRACE 919442,-42.33,-41.50,0.485
TRACE 921265,-42.22,-41.00,0.428
TRACE 923064,-42.12,-41.00,0.432
TRACE 924882,-42.01,-41.00,0.435
TRACE 926679,-41.90,-41.00,0.438
TRACE 928496,-41.79,-40.00,-0.491
TRACE 930315,-41.68,-40.00,-0.488
TRACE 932132,-41.57,-39.50,-0.500
TRACE 933950,-41.46,-39.00,-0.512
TRACE 935764,-41.35,-39.00,-0.509
TRACE 937592,-41.24,-40.00,0.428
TRACE 939406,-41.14,-40.00,0.431
TRACE 941217,-41.03,-40.00,0.497
TRACE 943025,-40.92,-40.00,0.500
TRACE 944954,-40.80,-40.00,0.535
TRACE 946797,-40.69,-40.00,0.570
TRACE 948604,-40.58,-40.00,0.573
TRACE 950400,-40.48,-40.00,0.514
TRACE 952199,-40.37,-40.00,0.517
TRACE 954016,-40.26,-40.00,0.520
TRACE 955824,-40.15,-39.50,0.477
TRACE 957634,-40.04,-39.00,0.434
TRACE 959443,-39.93,-39.00,0.437
TRACE 961237,-39.83,-39.00,0.440
TRACE 963061,-39.72,-39.00,0.443
TRACE 964871,-39.61,-39.00,0.447
TRACE 966717,-39.50,-38.00,-0.483
TRACE 968561,-39.39,-38.00,-0.448
TRACE 970394,-39.28,-38.00,0.427
TRACE 972187,-39.17,-38.00,0.430
TRACE 974007,-39.06,-37.50,-0.453
TRACE 975810,-38.95,-37.00,-0.496
TRACE 977637,-38.84,-37.00,-0.493
TRACE 979466,-38.73,-37.00,-0.427
TRACE 981282,-38.62,-37.00,-0.424
TRACE 983113,-38.51,-37.50,0.466
TRACE 984920,-38.40,-38.00,0.516
TRACE 986730,-38.30,-38.00,0.551
TRACE 988542,-38.19,-38.00,0.585
TRACE 990350,-38.08,-38.00,0.589
TRACE 992141,-37.97,-38.00,0.592
TRACE 993945,-37.86,-38.00,0.595
TRACE 995739,-37.76,-38.00,0.567
TRACE 997534,-37.65,-38.00,0.539
TRACE 999341,-37.54,-38.00,0.542
TRACE 1001168,-37.43,-37.50,0.498
TRACE 1002971,-37.32,-37.00,0.455
TRACE 1004774,-37.21,-37.00,0.458
TRACE 1006592,-37.10,-37.00,0.462
TRACE 1008401,-37.00,-36.50,-0.422
TRACE 1010220,-36.89,-36.00,-0.465
TRACE 1012028,-36.78,-36.00,-0.461
TRACE 1013862,-36.67,-36.00,-0.427
TRACE 1015688,-36.56,-36.00,0.448
TRACE 1017484,-36.45,-36.00,0.452
TRACE 1019300,-36.34,-36.00,0.455
TRACE 1021115,-36.23,-36.00,0.490
TRACE 1022931,-36.12,-35.50,0.478
TRACE 1024771,-36.01,-35.00,0.435
TRACE 1026584,-35.90,-35.00,0.438
TRACE 1028381,-35.80,-35.00,0.441
TRACE 1030190,-35.69,-35.00,0.444
TRACE 1032024,-35.58,-34.00,-0.485
TRACE 1033872,-35.47,-34.00,-0.481
TRACE 1035673,-35.36,-34.00,-0.447
TRACE 1037491,-35.25,-34.00,0.428
TRACE 1039304,-35.14,-34.00,0.431
TRACE 1041108,-35.03,-34.00,0.434
TRACE 1042925,-34.92,-33.00,-0.495
TRACE 1044736,-34.82,-33.00,-0.429
TRACE 1046556,-34.71,-33.00,-0.426
TRACE 1048370,-34.60,-33.00,-0.423
TRACE 1050224,-34.49,-33.00,0.421
TRACE 1052042,-34.38,-33.00,0.424
TRACE 1053836,-34.27,-33.00,0.427
TRACE 1055651,-34.16,-33.00,0.493
TRACE 1057457,-34.05,-33.00,0.496
TRACE 1059266,-33.94,-33.00,0.500
TRACE 1061083,-33.84,-33.00,0.503
TRACE 1062997,-33.72,-33.00,0.506
TRACE 1064808,-33.61,-33.00,0.510
TRACE 1066610,-33.50,-33.00,0.513
TRACE 1068436,-33.39,-33.00,0.516
TRACE 1070249,-33.29,-33.00,0.519
TRACE 1072052,-33.18,-32.50,0.476
TRACE 1073867,-33.07,-32.00,0.433
TRACE 1075654,-32.96,-32.00,0.436
TRACE 1077458,-32.85,-31.50,-0.447
TRACE 1088611,-32.18,-29.50,-0.520
TRACE 1090453,-32.07,-29.00,-0.550
TRACE 1092278,-31.96,-29.00,-0.546
TRACE 1094099,-31.85,-29.00,-0.525
TRACE 1095921,-31.74,-29.00,-0.503
TRACE 1097754,-31.63,-29.00,-0.500
TRACE 1099592,-31.52,-29.00,-0.478
TRACE 1101430,-31.41,-30.00,0.517
TRACE 1103240,-31.31,-30.00,0.551
TRACE 1105063,-31.20,-30.50,0.601
TRACE 1106870,-31.09,-31.00,0.651
TRACE 1108674,-30.98,-31.00,0.654
TRACE 1110485,-30.87,-30.50,0.611
TRACE 1112317,-30.76,-30.00,0.568
TRACE 1114119,-30.65,-30.00,0.508
TRACE 1115933,-30.54,-30.00,0.512
TRACE 1117728,-30.44,-29.00,-0.450
TRACE 1119583,-30.33,-29.00,-0.478
TRACE 1121393,-30.22,-29.00,-0.474
TRACE 1123207,-30.11,-29.00,-0.440
TRACE 1125249,-29.99,-28.00,-0.495
TRACE 1127096,-29.87,-28.00,-0.492
TRACE 1128923,-29.76,-28.00,-0.488
TRACE 1130766,-29.65,-28.00,-0.423
TRACE 1132601,-29.54,-28.50,0.466
TRACE 1134382,-29.44,-29.00,0.515
TRACE 1136180,-29.33,-29.00,0.518
TRACE 1138012,-29.22,-29.00,0.584
TRACE 1139841,-29.11,-29.00,0.587
TRACE 1141647,-29.00,-28.50,0.544
TRACE 1143453,-28.89,-28.00,0.501
TRACE 1145287,-28.78,-28.00,0.473
TRACE 1147239,-28.67,-28.00,0.446
TRACE 1149069,-28.56,-27.00,-0.483
TRACE 1150895,-28.45,-27.00,-0.480
TRACE 1152713,-28.34,-27.00,-0.476
TRACE 1154528,-28.23,-27.00,-0.442
TRACE 1156357,-28.12,-27.00,0.432
TRACE 1158161,-28.01,-27.00,0.436
TRACE 1159965,-27.90,-27.00,0.438
TRACE 1161785,-27.79,-27.00,0.504
TRACE 1163589,-27.68,-27.00,0.507
TRACE 1165398,-27.58,-27.00,0.511
TRACE 1167227,-27.47,-26.50,0.468
TRACE 1169024,-27.36,-26.00,0.424
TRACE 1170822,-27.25,-26.00,0.427
TRACE 1172642,-27.14,-26.00,0.431
TRACE 1174456,-27.03,-26.00,0.434
TRACE 1176243,-26.93,-26.00,0.437
TRACE 1178051,-26.82,-26.00,0.440
TRACE 1179870,-26.71,-26.00,0.475
TRACE 1181687,-26.60,-25.50,0.463
TRACE 1183496,-26.49,-25.00,0.420
TRACE 1185330,-26.38,-25.00,0.424
TRACE 1187124,-26.27,-25.00,0.427
TRACE 1188942,-26.16,-24.50,-0.456
TRACE 1190752,-26.05,-24.00,-0.500
TRACE 1192579,-25.95,-24.00,-0.496
TRACE 1194406,-25.84,-24.00,-0.461
TRACE 1196231,-25.73,-24.00,-0.427
TRACE 1198064,-25.62,-23.50,-0.470
TRACE 1199891,-25.51,-23.50,-0.466
TRACE 1201709,-25.40,-23.50,-0.432
TRACE 1203553,-25.29,-23.50,0.443
TRACE 1205375,-25.18,-24.00,0.493
TRACE 1207188,-25.07,-24.00,0.496
TRACE 1208984,-24.96,-23.50,0.453
TRACE 1210792,-24.85,-23.00,0.441
TRACE 1212734,-24.74,-23.00,0.445
TRACE 1214539,-24.63,-23.00,0.448
TRACE 1216372,-24.52,-23.00,0.451
TRACE 1218146,-24.41,-23.00,0.423
TRACE 1219966,-24.30,-23.00,0.426
TRACE 1221760,-24.19,-22.50,-0.425
TRACE 1223584,-24.08,-22.00,-0.437
TRACE 1225391,-23.98,-22.00,-0.435
TRACE 1227207,-23.87,-22.00,-0.431
TRACE 1229025,-23.76,-22.00,-0.428
TRACE 1230814,-23.65,-22.00,-0.425
TRACE 1232645,-23.54,-22.00,-0.421
TRACE 1234478,-23.43,-22.00,0.454
TRACE 1236291,-23.32,-22.00,0.488
TRACE 1238102,-23.21,-22.00,0.492
TRACE 1239914,-23.11,-22.00,0.495
TRACE 1241782,-22.99,-22.00,0.498
TRACE 1243596,-22.88,-21.00,-0.431
TRACE 1245430,-22.77,-21.00,-0.428
TRACE 1247270,-22.66,-21.00,-0.424
TRACE 1249082,-22.56,-21.00,-0.421
TRACE 1250920,-22.44,-21.00,0.422
TRACE 1252733,-22.34,-21.00,0.426
TRACE 1254553,-22.23,-22.00,0.521
TRACE 1256352,-22.12,-22.00,0.587
TRACE 1267442,-21.45,-21.00,0.514
TRACE 1269259,-21.34,-21.00,0.518
TRACE 1271070,-21.24,-21.00,0.521
TRACE 1272868,-21.13,-21.00,0.524
TRACE 1274697,-21.02,-20.00,0.461
TRACE 1276514,-20.91,-20.00,0.428
TRACE 1278302,-20.80,-19.00,-0.475
TRACE 1280138,-20.69,-19.00,-0.489
TRACE 1281962,-20.58,-19.00,-0.485
TRACE 1283794,-20.47,-19.00,-0.482
TRACE 1285623,-20.36,-19.00,-0.478
TRACE 1287447,-20.25,-19.00,0.428
TRACE 1289262,-20.14,-19.00,0.431
TRACE 1291106,-20.03,-19.00,0.497
TRACE 1292914,-19.93,-19.00,0.500
TRACE 1294711,-19.82,-18.00,-0.429
TRACE 1296523,-19.71,-18.00,-0.426
TRACE 1298384,-19.60,-18.00,-0.423
TRACE 1300205,-19.49,-18.00,0.421
TRACE 1302007,-19.38,-18.00,0.424
TRACE 1303963,-19.26,-18.00,0.428
TRACE 1305753,-19.15,-18.00,0.431
TRACE 1307558,-19.05,-18.00,0.497
TRACE 1309362,-18.94,-18.00,0.500
TRACE 1311189,-18.83,-18.00,0.503
TRACE 1312984,-18.72,-18.00,0.506
TRACE 1314791,-18.61,-18.00,0.510
TRACE 1316610,-18.50,-18.00,0.513
TRACE 1318407,-18.40,-18.00,0.516
TRACE 1320231,-18.29,-18.00,0.519
TRACE 1322036,-18.18,-18.00,0.523
TRACE 1323838,-18.07,-17.00,0.433
TRACE 1325675,-17.96,-17.00,0.436
TRACE 1327474,-17.85,-17.00,0.439
TRACE 1329290,-17.74,-17.00,0.443
TRACE 1331099,-17.63,-16.00,-0.487
TRACE 1332945,-17.52,-16.00,-0.484
TRACE 1334774,-17.41,-16.00,-0.480
TRACE 1336586,-17.30,-16.00,0.426
TRACE 1338386,-17.20,-16.00,0.429
TRACE 1340196,-17.09,-16.00,0.432
TRACE 1341992,-16.98,-16.00,0.436
TRACE 1343777,-16.87,-15.00,-0.431
TRACE 1345598,-16.76,-15.00,-0.428
TRACE 1347420,-16.65,-15.00,-0.425
TRACE 1349236,-16.55,-15.00,-0.422
TRACE 1351058,-16.44,-15.00,0.422
TRACE 1352880,-16.33,-15.00,0.425
TRACE 1354699,-16.22,-15.00,0.429
TRACE 1356500,-16.11,-15.00,0.495
TRACE 1358297,-16.00,-15.00,0.498
TRACE 1360126,-15.89,-15.00,0.501
TRACE 1361920,-15.78,-15.00,0.504
TRACE 1363716,-15.68,-15.00,0.508
TRACE 1365540,-15.57,-15.00,0.511
TRACE 1367324,-15.46,-15.00,0.514
TRACE 1369119,-15.35,-14.50,0.471
TRACE 1370934,-15.24,-14.00,0.427
TRACE 1372767,-15.13,-14.00,0.431
TRACE 1374557,-15.03,-14.00,0.434
TRACE 1376359,-14.92,-14.00,0.437
TRACE 1378174,-14.81,-13.50,-0.446
TRACE 1380004,-14.70,-13.00,-0.489
TRACE 1381845,-14.59,-13.00,-0.454
TRACE 1383666,-14.48,-13.00,0.421
TRACE 1385477,-14.37,-13.00,0.424
TRACE 1387287,-14.26,-13.00,0.427
TRACE 1389076,-14.16,-13.00,0.430
TRACE 1390947,-14.04,-13.00,0.465
TRACE 1392745,-13.94,-13.00,0.500
TRACE 1394555,-13.83,-13.00,0.503
TRACE 1396370,-13.72,-13.00,0.506
TRACE 1398176,-13.61,-13.00,0.510
TRACE 1399971,-13.50,-13.00,0.513
TRACE 1401791,-13.39,-13.00,0.516
TRACE 1403593,-13.28,-12.50,0.473
TRACE 1405411,-13.18,-12.00,0.430
TRACE 1407221,-13.07,-12.00,0.433
TRACE 1409038,-12.96,-11.50,-0.450
TRACE 1410858,-12.85,-11.00,-0.494
TRACE 1412675,-12.74,-11.00,-0.490
TRACE 1414507,-12.63,-11.00,-0.487
TRACE 1416337,-12.52,-11.00,-0.452
TRACE 1418147,-12.41,-11.00,0.423
TRACE 1419958,-12.30,-11.00,0.426
TRACE 1421903,-12.19,-11.00,0.461
TRACE 1423713,-12.08,-11.00,0.496
TRACE 1425535,-11.97,-11.50,0.545
TRACE 1427338,-11.86,-11.50,0.548
TRACE 1429134,-11.75,-11.50,0.552
TRACE 1430930,-11.64,-11.00,0.509
TRACE 1432732,-11.54,-11.00,0.512
TRACE 1434556,-11.43,-11.00,0.515
TRACE 1436362,-11.32,-11.00,0.518
TRACE 1447510,-10.65,-10.00,0.454
TRACE 1449329,-10.54,-9.50,0.424
TRACE 1451132,-10.43,-9.00,-0.446
TRACE 1452973,-10.32,-9.00,-0.424
TRACE 1454806,-10.21,-9.00,-0.421
TRACE 1456621,-10.10,-8.00,-0.484
TRACE 1458463,-9.99,-8.00,-0.480
TRACE 1460273,-9.88,-8.00,-0.494
TRACE 1462117,-9.77,-8.00,-0.459
TRACE 1463946,-9.66,-8.00,-0.424
TRACE 1465775,-9.55,-8.50,0.465
TRACE 1467580,-9.45,-9.00,0.515
TRACE 1469397,-9.34,-9.00,0.581
TRACE 1471227,-9.23,-9.00,0.584
TRACE 1473040,-9.12,-9.00,0.587
TRACE 1474844,-9.01,-8.50,0.544
TRACE 1476665,-8.90,-8.00,0.490
TRACE 1478559,-8.79,-8.00,0.462
TRACE 1480423,-8.68,-8.00,0.433
TRACE 1482284,-8.57,-7.00,-0.496
TRACE 1484245,-8.45,-7.00,-0.492
TRACE 1486136,-8.34,-7.00,-0.489
TRACE 1488028,-8.24,-7.00,-0.455
TRACE 1489923,-8.13,-7.00,-0.422
TRACE 1491816,-8.02,-7.00,0.421
TRACE 1493711,-7.91,-7.00,0.424
TRACE 1495585,-7.81,-7.00,0.486
TRACE 1497468,-7.70,-7.00,0.489
TRACE 1499338,-7.60,-7.00,0.491
TRACE 1501196,-7.50,-7.00,0.494
TRACE 1503085,-7.39,-6.50,0.451
TRACE 1504964,-7.29,-6.50,0.453
TRACE 1506816,-7.19,-6.00,-0.430
TRACE 1508712,-7.09,-6.00,-0.428
TRACE 1510611,-6.99,-6.00,-0.425
TRACE 1512513,-6.89,-6.00,-0.423
TRACE 1514408,-6.79,-6.50,0.465
TRACE 1516292,-6.69,-7.00,0.543
TRACE 1518169,-6.60,-7.00,0.545
TRACE 1520055,-6.50,-7.00,0.577
TRACE 1521939,-6.40,-7.00,0.579
TRACE 1523804,-6.31,-7.00,0.582
TRACE 1525673,-6.22,-7.00,0.584
TRACE 1527550,-6.12,-6.50,0.510
TRACE 1529421,-6.03,-6.00,0.437
TRACE 1531316,-5.94,-6.00,0.439
TRACE 1533195,-5.85,-6.00,0.441
TRACE 1535080,-5.76,-5.00,-0.488
TRACE 1536966,-5.67,-5.00,-0.486
TRACE 1538867,-5.58,-5.00,-0.484
TRACE 1540754,-5.49,-5.00,-0.451
TRACE 1542622,-5.40,-5.00,0.421
TRACE 1544500,-5.31,-5.00,0.423
TRACE 1546391,-5.23,-5.00,0.425
TRACE 1548284,-5.14,-5.00,0.487
TRACE 1550148,-5.06,-5.00,0.489
TRACE 1552059,-4.97,-5.00,0.491
TRACE 1553919,-4.89,-5.00,0.493
TRACE 1555783,-4.81,-5.00,0.495
TRACE 1557666,-4.72,-5.00,0.497
TRACE 1559576,-4.64,-5.00,0.498
TRACE 1561429,-4.56,-5.00,0.500
TRACE 1563289,-4.48,-4.50,0.456
TRACE 1565155,-4.40,-4.00,-0.428
TRACE 1567163,-4.32,-4.00,-0.425
TRACE 1569070,-4.24,-4.00,-0.423
TRACE 1570978,-4.16,-4.00,-0.422
TRACE 1572866,-4.09,-4.00,-0.420
TRACE 1574745,-4.01,-4.00,0.422
TRACE 1576616,-3.94,-4.00,0.453
TRACE 1578486,-3.86,-4.50,0.530
TRACE 1580342,-3.79,-4.50,0.532
TRACE 1582228,-3.72,-4.50,0.533
TRACE 1584108,-3.64,-4.50,0.535
TRACE 1585994,-3.57,-4.00,0.491
TRACE 1587858,-3.50,-4.00,0.492
TRACE 1589738,-3.43,-4.00,0.494
TRACE 1591604,-3.36,-4.00,0.465
TRACE 1593471,-3.30,-3.00,-0.465
TRACE 1595422,-3.22,-3.00,-0.463
TRACE 1597328,-3.16,-3.00,-0.462
TRACE 1599204,-3.09,-3.00,-0.430
TRACE 1601099,-3.02,-3.00,-0.429
TRACE 1602993,-2.96,-3.00,-0.427
TRACE 1604884,-2.89,-3.00,-0.426
TRACE 1606772,-2.83,-3.00,0.476
TRACE 1608663,-2.77,-4.00,0.567
TRACE 1619813,-2.41,-3.00,0.484
TRACE 1621693,-2.35,-3.00,0.485
TRACE 1623565,-2.29,-3.00,0.486
TRACE 1625443,-2.24,-2.50,0.454
TRACE 1627321,-2.18,-2.00,0.422
TRACE 1629279,-2.12,-2.00,0.423
TRACE 1631207,-2.07,-1.00,-0.097
TRACE 1633066,-2.01,-1.00,-0.110
TRACE 1634927,-1.96,-1.00,-0.109
TRACE 1636795,-1.91,-1.00,-0.108
TRACE 1638655,-1.86,0.00,-0.168
TRACE 1640485,-1.81,0.00,-0.137
TRACE 1642322,-1.76,0.00,-0.138
TRACE 1644127,-1.71,0.00,-0.076
TRACE 1645978,-1.66,0.00,-0.075
TRACE 1647815,-1.62,0.00,-0.075
TRACE 1649637,-1.57,0.00,-0.074
TRACE 1651467,-1.53,0.00,-0.011
TRACE 1653304,-1.48,0.00,-0.011
TRACE 1655302,-1.43,0.00,-0.010
TRACE 1657135,-1.39,0.00,-0.009
TRACE 1658982,-1.35,0.00,-0.009
TRACE 1660813,-1.30,0.00,-0.008
TRACE 1662653,-1.26,0.00,-0.007
TRACE 1664489,-1.22,0.00,-0.007
TRACE 1666331,-1.18,0.00,-0.006
TRACE 1668163,-1.14,0.00,-0.006
TRACE 1670005,-1.10,0.00,-0.005
TRACE 1671837,-1.06,0.00,-0.005
TRACE 1673680,-1.03,0.00,-0.004
TRACE 1675562,-0.99,0.00,-0.004
TRACE 1677428,-0.95,0.00,-0.003
TRACE 1679276,-0.92,0.00,-0.003
TRACE 1681112,-0.88,0.00,-0.003
TRACE 1682973,-0.85,0.00,-0.002
TRACE 1684816,-0.81,0.00,-0.002
TRACE 1686666,-0.78,0.00,-0.002
TRACE 1688510,-0.75,0.00,-0.001
TRACE 1690364,-0.72,0.00,-0.001
TRACE 1692223,-0.69,0.00,-0.001
TRACE 1694088,-0.65,0.00,-0.001
TRACE 1695924,-0.63,0.00,-0.000
TRACE 1697776,-0.60,0.00,-0.000
TRACE 1699624,-0.57,0.00,0.000
TRACE 1701459,-0.54,0.00,0.000
TRACE 1703312,-0.51,0.00,0.000
TRACE 1705160,-0.49,0.00,0.001
TRACE 1707001,-0.46,0.00,0.001
TRACE 1708856,-0.44,0.00,0.001
TRACE 1710698,-0.41,0.00,0.001
TRACE 1712549,-0.39,0.00,0.001
TRACE 1714375,-0.37,0.00,0.001
TRACE 1716225,-0.35,0.00,0.001
TRACE 1718054,-0.32,0.00,0.001
TRACE 1719913,-0.30,0.00,0.001
TRACE 1721755,-0.28,0.00,0.001
TRACE 1723609,-0.26,0.00,0.001
TRACE 1725449,-0.25,0.00,0.000
TRACE 1727302,-0.23,0.00,0.000
TRACE 1729148,-0.21,0.00,0.000
TRACE 1731001,-0.19,0.00,0.000
TRACE 1732843,-0.18,0.00,-0.000
TRACE 1734707,-0.16,0.00,-0.000
TRACE 1736545,-0.15,0.00,-0.001
TRACE 1738401,-0.13,0.00,-0.001
TRACE 1740421,-0.12,0.00,-0.001
TRACE 1742263,-0.11,0.00,-0.001
TRACE 1744117,-0.10,0.00,-0.002
TRACE 1745971,-0.08,0.00,-0.002
TRACE 1747815,-0.07,0.00,-0.002
TRACE 1749668,-0.06,0.00,-0.003
TRACE 1751511,-0.06,0.00,-0.003
TRACE 1753363,-0.05,0.00,-0.004
TRACE 1755231,-0.04,0.00,-0.004
TRACE 1757067,-0.03,0.00,-0.005
TRACE 1758922,-0.03,0.00,-0.005
TRACE 1760758,-0.02,0.00,-0.005
TRACE 1762608,-0.02,0.00,-0.006
TRACE 1764450,-0.01,0.00,-0.007
TRACE 1766316,-0.01,0.00,-0.007
TRACE 1768162,-0.00,0.00,-0.008
TRACE 1770030,-0.00,0.00,-0.008
TRACE 1771883,-0.00,0.00,-0.009
TRACE 1773745,-0.00,0.00,-0.010
TRACE 1775609,0.00,0.00,0.000
TRACE 1777236,0.00,0.00,0.000
TRACE 1778834,0.00,0.00,0.000
TRACE 1780425,0.00,0.00,0.000
TRACE 1782007,0.00,0.00,0.000
TRACE 1783600,0.00,0.00,0.000
TRACE 1785179,0.00,0.00,0.000
TRACE 1796072,0.00,0.00,0.000
TRACE 1797657,0.00,0.00,0.000
TRACE 1799247,0.00,0.00,0.000
TRACE 1800836,0.00,0.00,0.000
TRACE 1802424,0.00,0.00,0.000
TRACE 1804011,0.00,0.00,0.000
TRACE 1805607,0.00,0.00,0.000
TRACE 1807206,0.00,0.00,0.000
TRACE 1808786,0.00,0.00,0.000
TRACE 1810374,0.00,0.00,0.000
TRACE 1811972,0.00,0.00,0.000
TRACE 1813564,0.00,0.00,0.000
TRACE 1815174,0.00,0.00,0.000
TRACE 1816770,0.00,0.00,0.000
TRACE 1818376,0.00,0.00,0.000
TRACE 1819953,0.00,0.00,0.000
TRACE 1821539,0.00,0.00,0.000
TRACE 1823138,0.00,0.00,0.000
TRACE 1824764,0.00,0.00,0.000
TRACE 1826375,0.00,0.00,0.000
>>> 
HOST arm.nominal = 0
arm.nominal = 0
>>> 
HOST arm.motor.coast(); arm.servo.off()
arm.motor.coast(); arm.servo.off()
>>> 
HOST arm.gains.set('kfs', 0.46)
arm.gains.set('kfs', 0.46)
>>> 
HOST r = arm.move_to(30, "tuning_kfs046")
r = arm.move_to(30, "tuning_kfs046")
RESULT {"loops": 450, "overshoot": 0.0, "t_reach": 0.6304, "type": "move", "t_settle": 0.7373, "target": 30, "state": "done", "q": null, "tag": "tuning_kfs046", "err": 0.0, "err_rest": 0.0, "ok": true, "max_dt_us": 11224, "t_profile": 0.8, "start": 0.0, "max_track_err": 2.2}
>>> 
HOST arm_test.cmd_trace(arm, [])
arm_test.cmd_trace(arm, [])
TRACE t_us,ref_deg,pos_deg,duty
TRACE 900,0.00,0.00,0.470
TRACE 2825,0.00,0.00,0.471
TRACE 4645,0.00,0.00,0.472
TRACE 6413,0.00,0.00,0.472
TRACE 8165,0.01,0.00,0.473
TRACE 9927,0.01,0.00,0.474
TRACE 11688,0.01,0.00,0.475
TRACE 13440,0.02,0.00,0.475
TRACE 15230,0.02,0.50,-0.491
TRACE 17039,0.03,1.00,-0.538
TRACE 18836,0.04,1.00,-0.537
TRACE 20620,0.04,1.00,-0.536
TRACE 22410,0.05,0.50,-0.487
TRACE 24170,0.06,0.00,0.480
TRACE 25935,0.07,0.00,0.481
TRACE 27691,0.08,0.00,0.514
TRACE 29442,0.09,0.00,0.548
TRACE 31189,0.10,0.00,0.549
TRACE 32942,0.11,0.00,0.550
TRACE 34687,0.12,0.00,0.519
TRACE 36410,0.13,0.00,0.487
TRACE 38120,0.15,0.00,0.488
TRACE 39934,0.16,0.50,-0.479
TRACE 41708,0.17,1.00,-0.525
TRACE 43507,0.19,1.00,-0.524
TRACE 45267,0.20,1.00,-0.522
TRACE 47041,0.22,1.00,-0.521
TRACE 48831,0.24,1.00,-0.520
TRACE 50622,0.26,1.00,-0.518
TRACE 52394,0.27,1.00,-0.485
TRACE 54193,0.29,0.00,0.562
TRACE 55921,0.31,0.00,0.564
TRACE 57646,0.33,0.00,0.565
TRACE 59384,0.35,-0.50,0.614
TRACE 61135,0.37,-0.50,0.616
TRACE 62902,0.40,-0.50,0.617
TRACE 64660,0.42,0.00,0.571
TRACE 66390,0.44,0.00,0.507
TRACE 68144,0.46,0.00,0.508
TRACE 69869,0.49,1.00,-0.506
TRACE 71642,0.51,1.00,-0.537
TRACE 73431,0.54,1.00,-0.535
TRACE 75208,0.57,1.00,-0.533
TRACE 76967,0.59,1.00,-0.500
TRACE 78751,0.62,1.00,-0.498
TRACE 80531,0.65,1.00,-0.496
TRACE 82341,0.68,1.00,0.490
TRACE 84110,0.71,1.00,0.492
TRACE 85870,0.74,1.00,0.493
TRACE 87649,0.77,1.00,0.495
TRACE 89419,0.80,1.00,0.496
TRACE 91178,0.83,1.50,-0.469
TRACE 92964,0.86,2.00,-0.515
TRACE 94760,0.90,2.00,-0.513
TRACE 96537,0.93,2.00,-0.512
TRACE 98337,0.97,2.00,-0.510
TRACE 100138,1.00,2.00,-0.508
TRACE 101943,1.04,1.50,0.461
TRACE 103705,1.08,1.00,0.542
TRACE 105463,1.11,1.00,0.575
TRACE 107227,1.15,1.00,0.577
TRACE 108975,1.19,1.00,0.579
TRACE 110754,1.23,1.00,0.581
TRACE 112535,1.27,1.50,0.536
TRACE 114301,1.31,2.00,-0.462
TRACE 116071,1.35,2.00,-0.492
TRACE 117854,1.39,2.00,-0.490
TRACE 119648,1.43,2.00,-0.488
TRACE 121437,1.47,2.00,-0.486
TRACE 123226,1.52,2.00,-0.484
TRACE 125013,1.56,2.00,0.470
TRACE 126781,1.61,2.00,0.504
TRACE 128556,1.65,2.00,0.506
TRACE 130348,1.70,1.50,0.555
TRACE 132111,1.75,1.00,0.604
TRACE 133871,1.79,1.00,0.606
TRACE 135639,1.84,1.50,0.561
TRACE 137410,1.89,2.00,0.516
TRACE 139163,1.94,2.00,0.518
TRACE 140951,1.99,2.00,0.520
TRACE 142718,2.04,2.00,0.490
TRACE 144464,2.09,3.00,-0.555
TRACE 146251,2.14,3.00,-0.552
TRACE 148047,2.19,3.00,-0.518
TRACE 149837,2.25,3.00,-0.483
TRACE 151624,2.30,3.00,-0.481
TRACE 153407,2.35,3.00,-0.478
TRACE 155215,2.41,3.00,-0.476
TRACE 156985,2.46,3.00,0.510
TRACE 158753,2.52,3.00,0.513
TRACE 160639,2.58,3.00,0.515
TRACE 162420,2.64,3.00,0.518
TRACE 164211,2.70,3.00,0.520
TRACE 165993,2.76,3.00,0.522
TRACE 167762,2.81,3.00,0.525
TRACE 169525,2.87,4.00,-0.487
TRACE 171297,2.93,4.00,-0.484
TRACE 173097,3.00,4.00,-0.482
TRACE 174870,3.06,4.00,-0.480
TRACE 185915,3.46,3.00,0.551
TRACE 187690,3.52,2.50,0.587
TRACE 189461,3.59,2.00,0.623
TRACE 191235,3.66,2.00,0.662
TRACE 193025,3.73,2.00,0.665
TRACE 194809,3.80,2.00,0.668
TRACE 196573,3.86,2.00,0.670
TRACE 198375,3.94,2.00,0.664
TRACE 200166,4.01,2.00,0.634
TRACE 201950,4.08,2.00,0.605
TRACE 203734,4.15,2.00,0.608
TRACE 205505,4.22,3.00,0.517
TRACE 207292,4.30,3.00,0.519
TRACE 209045,4.37,3.00,0.522
TRACE 210831,4.44,3.00,0.525
TRACE 212589,4.52,4.00,-0.487
TRACE 214379,4.60,4.00,-0.484
TRACE 216167,4.67,5.00,-0.575
TRACE 217973,4.75,5.00,-0.507
TRACE 219763,4.83,5.00,-0.504
TRACE 221541,4.91,5.00,-0.501
TRACE 223449,4.99,5.00,-0.497
TRACE 225223,5.07,5.00,0.490
TRACE 226987,5.15,5.00,0.493
TRACE 228752,5.23,5.00,0.559
TRACE 230518,5.31,5.00,0.562
TRACE 232284,5.40,5.00,0.565
TRACE 234046,5.48,5.00,0.569
TRACE 235821,5.56,5.00,0.572
TRACE 237599,5.65,5.00,0.575
TRACE 239350,5.73,5.50,0.531
TRACE 241106,5.81,6.00,0.486
TRACE 242851,5.90,6.00,0.489
TRACE 244630,5.98,6.00,0.493
TRACE 246483,6.08,7.00,-0.518
TRACE 248255,6.16,7.00,-0.514
TRACE 250019,6.25,7.00,-0.511
TRACE 251799,6.34,7.00,-0.476
TRACE 253586,6.43,7.00,0.480
TRACE 255369,6.52,7.00,0.484
TRACE 257149,6.61,7.00,0.487
TRACE 258916,6.70,7.00,0.554
TRACE 260680,6.80,7.00,0.558
TRACE 262455,6.89,7.00,0.561
TRACE 264230,6.98,7.00,0.565
TRACE 266007,7.08,8.00,0.474
TRACE 267784,7.17,8.00,0.477
TRACE 269551,7.27,8.00,0.481
TRACE 271323,7.36,9.00,-0.530
TRACE 273102,7.46,9.00,-0.527
TRACE 274901,7.56,9.00,-0.523
TRACE 276683,7.66,9.00,-0.519
TRACE 278458,7.75,9.00,0.469
TRACE 280240,7.85,9.00,0.472
TRACE 282017,7.95,9.00,0.476
TRACE 283797,8.05,9.50,0.497
TRACE 285570,8.16,10.00,-0.467
TRACE 287381,8.26,10.00,-0.463
TRACE 289174,8.36,10.00,0.461
TRACE 290947,8.47,10.00,0.465
TRACE 292723,8.57,10.50,-0.499
TRACE 294505,8.67,10.50,-0.495
TRACE 296314,8.78,10.50,0.461
TRACE 298086,8.89,10.00,0.544
TRACE 299857,8.99,10.00,0.548
TRACE 301626,9.10,10.00,0.541
TRACE 303452,9.21,10.00,0.544
TRACE 305262,9.32,10.00,0.579
TRACE 307071,9.42,10.00,0.583
TRACE 308888,9.53,10.00,0.586
TRACE 310702,9.64,10.00,0.557
TRACE 312498,9.75,11.00,0.467
TRACE 314423,9.87,11.00,0.471
TRACE 316232,9.97,11.00,0.475
TRACE 318030,10.08,11.00,0.478
TRACE 319840,10.19,11.00,0.481
TRACE 321647,10.30,12.00,-0.528
TRACE 323484,10.41,12.00,-0.525
TRACE 325284,10.52,12.00,0.461
TRACE 327080,10.62,12.00,0.464
TRACE 328885,10.73,12.50,-0.500
TRACE 330712,10.84,13.00,-0.543
TRACE 332529,10.95,13.00,-0.540
TRACE 334346,11.06,13.00,-0.473
TRACE 336174,11.17,13.00,-0.470
TRACE 337993,11.28,13.00,-0.467
TRACE 339818,11.39,13.00,-0.463
TRACE 341657,11.50,12.00,0.584
TRACE 343552,11.61,12.00,0.619
TRACE 345348,11.72,12.00,0.622
TRACE 347169,11.83,12.00,0.625
TRACE 348969,11.94,12.00,0.629
TRACE 350778,12.05,12.00,0.632
TRACE 352581,12.15,12.00,0.635
TRACE 354383,12.26,12.00,0.576
TRACE 356204,12.37,12.00,0.579
TRACE 358007,12.48,12.00,0.582
TRACE 369064,13.14,14.00,0.469
TRACE 370868,13.25,14.00,0.472
TRACE 372667,13.36,15.00,-0.511
TRACE 374499,13.47,15.00,-0.507
TRACE 376329,13.58,15.00,-0.504
TRACE 378168,13.69,15.50,-0.534
TRACE 379982,13.80,16.00,-0.564
TRACE 381844,13.91,16.00,-0.540
TRACE 383661,14.02,15.50,-0.490
TRACE 385499,14.13,15.00,0.542
TRACE 387308,14.24,15.00,0.545
TRACE 389118,14.35,15.00,0.548
TRACE 390930,14.46,15.00,0.583
TRACE 392747,14.56,15.00,0.618
TRACE 394569,14.67,15.00,0.621
TRACE 396378,14.78,15.00,0.593
TRACE 398188,14.89,15.00,0.565
TRACE 400016,15.00,15.00,0.568
TRACE 401804,15.11,16.00,0.478
TRACE 403588,15.22,16.00,0.481
TRACE 405443,15.33,16.00,0.485
TRACE 407248,15.43,17.00,-0.525
TRACE 409081,15.54,17.00,-0.522
TRACE 410905,15.65,17.00,-0.518
TRACE 412728,15.76,17.00,-0.515
TRACE 414537,15.87,17.00,0.471
TRACE 416361,15.98,17.00,0.475
TRACE 418163,16.09,17.00,0.478
TRACE 419971,16.20,17.00,0.544
TRACE 421796,16.31,17.50,0.501
TRACE 423611,16.42,18.00,-0.462
TRACE 425450,16.53,18.00,0.461
TRACE 427377,16.64,18.00,0.465
TRACE 429188,16.75,18.50,-0.498
TRACE 431010,16.86,19.00,-0.541
TRACE 432819,16.97,19.00,-0.537
TRACE 434635,17.08,19.00,-0.503
TRACE 436471,17.19,19.00,-0.469
TRACE 438284,17.30,19.00,-0.465
TRACE 440105,17.41,18.50,0.504
TRACE 441913,17.51,18.00,0.585
TRACE 443708,17.62,18.00,0.620
TRACE 445528,17.73,18.00,0.623
TRACE 447351,17.84,18.00,0.626
TRACE 449164,17.95,18.00,0.630
TRACE 450969,18.06,18.00,0.633
TRACE 452779,18.17,19.00,0.511
TRACE 454609,18.28,19.00,0.483
TRACE 456422,18.39,19.00,0.487
TRACE 458235,18.49,19.50,-0.477
TRACE 460054,18.60,20.00,-0.520
TRACE 461853,18.71,20.00,-0.517
TRACE 463664,18.82,21.00,-0.606
TRACE 465507,18.93,21.00,-0.540
TRACE 467332,19.04,21.00,-0.537
TRACE 469137,19.15,21.00,-0.533
TRACE 470948,19.26,20.00,0.514
TRACE 472758,19.37,20.00,0.549
TRACE 474575,19.47,20.00,0.552
TRACE 476400,19.58,20.00,0.618
TRACE 478219,19.69,19.50,0.668
TRACE 480019,19.80,20.00,0.625
TRACE 481830,19.91,20.00,0.628
TRACE 483637,20.02,20.00,0.569
TRACE 485424,20.13,20.00,0.572
TRACE 487214,20.23,21.00,0.482
TRACE 489016,20.34,21.00,0.485
TRACE 490831,20.45,21.00,-0.464
TRACE 492737,20.56,22.00,-0.521
TRACE 494564,20.67,22.00,-0.517
TRACE 496382,20.78,22.00,-0.514
TRACE 498199,20.89,22.00,-0.510
TRACE 500026,21.00,22.00,0.466
TRACE 501915,21.11,22.00,0.469
TRACE 503798,21.23,22.00,0.472
TRACE 505664,21.34,22.00,0.536
TRACE 507539,21.45,22.00,0.539
TRACE 509410,21.56,22.00,0.541
TRACE 511287,21.66,22.00,0.544
TRACE 513169,21.77,22.00,0.546
TRACE 515058,21.88,22.00,0.549
TRACE 516929,21.99,22.00,0.552
TRACE 518810,22.09,22.00,0.554
TRACE 520690,22.20,22.00,0.557
TRACE 522595,22.30,23.00,0.468
TRACE 524483,22.41,23.00,0.471
TRACE 526357,22.51,23.00,0.473
TRACE 528241,22.61,23.00,0.476
TRACE 530106,22.72,24.00,-0.533
TRACE 531997,22.82,24.00,-0.530
TRACE 533881,22.92,25.00,-0.619
TRACE 535789,23.02,25.00,-0.556
TRACE 547013,23.60,25.00,-0.492
TRACE 548935,23.70,24.50,0.463
TRACE 550841,23.79,24.00,0.498
TRACE 552717,23.89,24.00,0.536
TRACE 554624,23.98,24.00,0.538
TRACE 556530,24.07,24.00,0.575
TRACE 558452,24.17,24.00,0.577
TRACE 560333,24.26,24.00,0.604
TRACE 562206,24.35,25.00,0.486
TRACE 564085,24.43,25.00,-0.462
TRACE 565974,24.52,25.00,-0.460
TRACE 567882,24.61,26.00,-0.549
TRACE 569802,24.70,26.00,-0.547
TRACE 571705,24.79,26.00,-0.545
TRACE 573603,24.87,26.00,-0.543
TRACE 575543,24.96,26.00,-0.480
TRACE 577420,25.05,25.50,0.487
TRACE 579307,25.13,25.00,0.533
TRACE 581370,25.22,25.00,0.595
TRACE 583228,25.30,25.00,0.597
TRACE 585111,25.38,25.00,0.599
TRACE 587008,25.46,25.00,0.600
TRACE 588887,25.54,25.00,0.602
TRACE 590768,25.62,25.00,0.574
TRACE 592630,25.70,25.00,0.546
TRACE 594493,25.78,26.00,-0.464
TRACE 596382,25.85,26.00,-0.462
TRACE 598282,25.93,26.00,-0.460
TRACE 600173,26.01,26.00,0.461
TRACE 602131,26.08,27.00,-0.547
TRACE 604034,26.16,27.00,-0.545
TRACE 605936,26.23,27.00,-0.543
TRACE 607828,26.31,27.00,-0.482
TRACE 609721,26.38,27.00,-0.480
TRACE 611616,26.45,27.00,-0.479
TRACE 613491,26.52,26.00,0.533
TRACE 615354,26.59,26.00,0.595
TRACE 617224,26.66,26.00,0.596
TRACE 619128,26.73,26.00,0.598
TRACE 620983,26.80,26.00,0.599
TRACE 622861,26.86,27.00,0.510
TRACE 624717,26.93,27.00,0.511
TRACE 626578,26.99,27.00,-0.469
TRACE 628495,27.06,27.00,-0.467
TRACE 630383,27.12,28.00,-0.557
TRACE 632308,27.19,28.00,-0.555
TRACE 634216,27.25,28.00,-0.554
TRACE 636118,27.31,28.00,-0.492
TRACE 638037,27.38,28.00,-0.490
TRACE 639947,27.44,27.50,0.476
TRACE 641816,27.50,27.00,0.522
TRACE 643692,27.56,27.00,0.583
TRACE 645561,27.61,27.00,0.584
TRACE 647429,27.67,27.00,0.586
TRACE 649297,27.73,27.00,0.587
TRACE 651167,27.78,27.00,0.588
TRACE 653051,27.84,27.50,0.513
TRACE 654913,27.89,28.00,-0.482
TRACE 656834,27.95,28.00,-0.481
TRACE 658739,28.00,28.50,-0.525
TRACE 660647,28.06,29.00,-0.109
TRACE 662490,28.11,29.00,-0.108
TRACE 664383,28.16,29.00,-0.107
TRACE 666254,28.21,29.00,-0.076
TRACE 668111,28.26,29.00,-0.045
TRACE 669967,28.31,28.50,0.461
TRACE 671904,28.36,28.00,0.537
TRACE 673832,28.41,28.00,0.568
TRACE 675731,28.46,28.00,0.569
TRACE 677617,28.50,28.00,0.570
TRACE 679527,28.55,29.00,0.020
TRACE 681399,28.59,29.00,0.020
TRACE 683245,28.64,29.00,-0.009
TRACE 685099,28.68,29.00,-0.039
TRACE 686937,28.72,29.00,-0.039
TRACE 688786,28.76,29.00,-0.038
TRACE 690628,28.80,29.00,-0.038
TRACE 692472,28.84,29.00,0.024
TRACE 694379,28.88,29.00,0.025
TRACE 696253,28.92,29.00,0.025
TRACE 698110,28.96,29.00,0.026
TRACE 699956,29.00,29.00,0.026
TRACE 701812,29.04,29.00,0.026
TRACE 703676,29.07,28.50,0.532
TRACE 705585,29.11,28.00,0.578
TRACE 707491,29.14,28.00,0.579
TRACE 718690,29.34,29.00,0.029
TRACE 720566,29.37,29.00,0.030
TRACE 722421,29.40,29.00,0.030
TRACE 724301,29.43,30.00,-0.036
TRACE 726173,29.45,30.00,-0.053
TRACE 728031,29.48,30.00,-0.071
TRACE 729903,29.51,30.00,-0.071
TRACE 731753,29.53,30.00,-0.061
TRACE 733617,29.56,30.00,-0.061
TRACE 735491,29.58,30.00,-0.060
TRACE 737339,29.61,30.00,0.001
TRACE 739217,29.63,30.00,0.001
TRACE 741092,29.65,30.00,0.001
TRACE 742953,29.67,30.00,0.001
TRACE 744824,29.70,30.00,0.001
TRACE 746693,29.72,30.00,0.001
TRACE 748579,29.74,30.00,0.001
TRACE 750467,29.75,30.00,0.000
TRACE 752462,29.77,30.00,0.000
TRACE 754330,29.79,30.00,0.000
TRACE 756190,29.81,30.00,0.000
TRACE 758037,29.82,30.00,-0.000
TRACE 759918,29.84,30.00,-0.000
TRACE 761806,29.85,30.00,-0.001
TRACE 763690,29.87,30.00,-0.001
TRACE 765576,29.88,30.00,-0.001
TRACE 767467,29.89,30.00,-0.001
TRACE 769340,29.91,30.00,-0.002
TRACE 771228,29.92,30.00,-0.002
TRACE 773093,29.93,30.00,-0.002
TRACE 774999,29.94,30.00,-0.003
TRACE 776863,29.95,30.00,-0.003
TRACE 778741,29.95,30.00,-0.004
TRACE 780623,29.96,30.00,-0.004
TRACE 782495,29.97,30.00,-0.005
TRACE 784370,29.98,30.00,-0.005
TRACE 786239,29.98,30.00,-0.006
TRACE 788114,29.99,30.00,-0.006
TRACE 790013,29.99,30.00,-0.007
TRACE 791895,29.99,30.00,-0.007
TRACE 793760,30.00,30.00,-0.008
TRACE 795640,30.00,30.00,-0.008
TRACE 797523,30.00,30.00,-0.009
TRACE 799402,30.00,30.00,-0.010
TRACE 801284,30.00,30.00,0.000
TRACE 802955,30.00,30.00,0.000
TRACE 804579,30.00,30.00,0.000
TRACE 806205,30.00,30.00,0.000
TRACE 807825,30.00,30.00,0.000
TRACE 809439,30.00,30.00,0.000
TRACE 811038,30.00,30.00,0.000
TRACE 812662,30.00,30.00,0.000
TRACE 814295,30.00,30.00,0.000
TRACE 815918,30.00,30.00,0.000
TRACE 817519,30.00,30.00,0.000
TRACE 819140,30.00,30.00,0.000
TRACE 820748,30.00,30.00,0.000
TRACE 822364,30.00,30.00,0.000
TRACE 823990,30.00,30.00,0.000
TRACE 825615,30.00,30.00,0.000
TRACE 827228,30.00,30.00,0.000
TRACE 828862,30.00,30.00,0.000
TRACE 830508,30.00,30.00,0.000
TRACE 832124,30.00,30.00,0.000
TRACE 833745,30.00,30.00,0.000
TRACE 835369,30.00,30.00,0.000
TRACE 836975,30.00,30.00,0.000
TRACE 838579,30.00,30.00,0.000
TRACE 840204,30.00,30.00,0.000
TRACE 841833,30.00,30.00,0.000
TRACE 843440,30.00,30.00,0.000
TRACE 845080,30.00,30.00,0.000
TRACE 846795,30.00,30.00,0.000
TRACE 848430,30.00,30.00,0.000
TRACE 850042,30.00,30.00,0.000
TRACE 851664,30.00,30.00,0.000
>>> 
HOST arm.nominal = 30
arm.nominal = 30
>>> 
HOST r = arm.move_to(0, "tuning_kfs046")
r = arm.move_to(0, "tuning_kfs046")
RESULT {"loops": 446, "overshoot": 0.0, "t_reach": 0.5998, "type": "move", "t_settle": 0.6662, "target": 0, "state": "done", "q": null, "tag": "tuning_kfs046", "err": -1.0, "err_rest": -1.0, "ok": true, "max_dt_us": 11160, "t_profile": 0.8, "start": 30.0, "max_track_err": 2.82}
>>> 
HOST arm_test.cmd_trace(arm, [])
arm_test.cmd_trace(arm, [])
TRACE t_us,ref_deg,pos_deg,duty
TRACE 973,30.00,30.00,-0.470
TRACE 2930,30.00,30.00,-0.471
TRACE 4769,30.00,30.00,-0.472
TRACE 6570,30.00,30.00,-0.472
TRACE 8376,29.99,30.00,-0.473
TRACE 10204,29.99,30.00,-0.474
TRACE 11986,29.99,30.00,-0.475
TRACE 13827,29.98,30.00,-0.476
TRACE 15640,29.98,30.00,-0.476
TRACE 17448,29.97,30.00,-0.477
TRACE 19246,29.96,30.00,-0.478
TRACE 21037,29.96,30.00,-0.479
TRACE 22850,29.95,30.00,-0.480
TRACE 24662,29.94,30.00,-0.481
TRACE 26460,29.93,30.00,-0.482
TRACE 28245,29.92,30.00,-0.483
TRACE 30037,29.91,30.00,-0.484
TRACE 31844,29.90,30.00,-0.485
TRACE 33640,29.89,30.00,-0.486
TRACE 35457,29.87,30.00,-0.487
TRACE 37431,29.86,30.00,-0.488
TRACE 39226,29.85,30.00,-0.489
TRACE 41002,29.83,30.00,-0.490
TRACE 42809,29.82,30.00,-0.491
TRACE 44598,29.80,30.00,-0.492
TRACE 46402,29.78,30.00,-0.493
TRACE 48191,29.77,30.00,-0.494
TRACE 50000,29.75,30.00,-0.495
TRACE 51781,29.73,30.00,-0.497
TRACE 53565,29.71,30.00,-0.498
TRACE 55379,29.69,30.00,-0.499
TRACE 57192,29.67,30.00,-0.500
TRACE 59048,29.65,30.00,-0.502
TRACE 60862,29.63,30.00,-0.503
TRACE 62659,29.61,30.00,-0.504
TRACE 64495,29.58,30.00,-0.506
TRACE 66287,29.56,30.00,-0.507
TRACE 68091,29.54,30.00,-0.508
TRACE 69889,29.51,30.00,-0.510
TRACE 71683,29.49,30.00,-0.511
TRACE 73492,29.46,30.00,-0.513
TRACE 75283,29.43,30.00,-0.514
TRACE 77085,29.41,30.00,-0.516
TRACE 78870,29.38,30.00,-0.517
TRACE 80664,29.35,30.00,-0.519
TRACE 82478,29.32,30.00,-0.520
TRACE 84270,29.29,30.00,-0.522
TRACE 86064,29.26,30.00,-0.523
TRACE 87849,29.23,30.00,-0.525
TRACE 89642,29.20,30.00,-0.526
TRACE 91437,29.16,30.00,-0.528
TRACE 93241,29.13,30.00,-0.530
TRACE 95056,29.10,30.00,-0.531
TRACE 96849,29.06,30.00,-0.533
TRACE 98634,29.03,30.00,-0.535
TRACE 100435,28.99,30.00,-0.536
TRACE 102220,28.96,30.00,-0.538
TRACE 104037,28.92,30.00,-0.540
TRACE 105830,28.88,30.00,-0.542
TRACE 107637,28.84,30.00,-0.544
TRACE 109421,28.80,30.00,-0.545
TRACE 111207,28.76,30.00,-0.547
TRACE 113019,28.72,30.00,-0.549
TRACE 114833,28.68,30.00,-0.551
TRACE 116632,28.64,30.00,-0.553
TRACE 118428,28.60,30.00,-0.555
TRACE 120226,28.55,30.00,-0.557
TRACE 122028,28.51,30.00,-0.559
TRACE 123831,28.47,30.00,-0.561
TRACE 125649,28.42,30.00,-0.563
TRACE 127453,28.38,30.00,-0.565
TRACE 129252,28.33,30.00,-0.567
TRACE 131042,28.28,30.00,-0.569
TRACE 132837,28.24,30.00,-0.571
TRACE 134648,28.19,30.00,-0.573
TRACE 136457,28.14,30.00,-0.575
TRACE 138280,28.09,30.00,-0.577
TRACE 140092,28.04,30.00,-0.579
TRACE 141907,27.99,30.00,-0.581
TRACE 143698,27.94,30.00,-0.584
TRACE 145492,27.88,30.00,-0.586
TRACE 147299,27.83,30.00,-0.588
TRACE 149101,27.78,30.00,-0.590
TRACE 150894,27.72,30.00,-0.593
TRACE 152693,27.67,30.00,-0.595
TRACE 154597,27.61,30.00,-0.597
TRACE 156401,27.55,30.00,-0.600
TRACE 158200,27.50,30.00,-0.602
TRACE 159990,27.44,30.00,-0.604
TRACE 161795,27.38,30.00,-0.607
TRACE 163600,27.32,30.00,-0.609
TRACE 165392,27.26,29.50,-0.565
TRACE 167198,27.20,29.50,-0.567
TRACE 168999,27.14,29.50,-0.570
TRACE 180112,26.76,29.00,-0.566
TRACE 181936,26.69,29.00,-0.568
TRACE 183731,26.62,29.00,-0.571
TRACE 185532,26.56,29.00,-0.574
TRACE 187342,26.49,29.00,-0.595
TRACE 189150,26.42,28.00,-0.531
TRACE 190948,26.35,28.00,-0.533
TRACE 192760,26.28,28.00,-0.528
TRACE 194559,26.21,27.00,0.483
TRACE 196320,26.15,27.00,0.481
TRACE 198113,26.08,27.00,0.478
TRACE 199900,26.00,26.50,0.522
TRACE 201707,25.93,26.00,0.503
TRACE 203505,25.86,26.00,0.500
TRACE 205293,25.79,26.00,0.497
TRACE 207064,25.71,27.00,-0.583
TRACE 208839,25.64,27.00,-0.586
TRACE 210653,25.56,27.00,-0.589
TRACE 212449,25.49,27.00,-0.624
TRACE 214262,25.41,27.00,-0.659
TRACE 216237,25.32,27.00,-0.661
TRACE 218031,25.25,26.50,-0.618
TRACE 219821,25.17,26.00,-0.511
TRACE 221619,25.09,26.00,-0.515
TRACE 223415,25.01,26.00,-0.517
TRACE 225201,24.93,25.00,0.492
TRACE 226974,24.85,25.00,0.490
TRACE 228773,24.77,25.00,0.488
TRACE 230558,24.68,25.00,-0.467
TRACE 232369,24.60,25.00,-0.502
TRACE 234169,24.52,24.00,0.509
TRACE 235935,24.43,24.50,-0.461
TRACE 237752,24.35,24.50,-0.528
TRACE 239558,24.26,25.00,-0.578
TRACE 241364,24.17,23.50,0.479
TRACE 243124,24.09,24.50,-0.538
TRACE 244912,24.00,24.50,-0.541
TRACE 246709,23.91,24.50,-0.608
TRACE 248495,23.83,24.50,-0.580
TRACE 250297,23.74,24.50,-0.583
TRACE 252073,23.65,24.00,-0.507
TRACE 253863,23.56,24.00,-0.607
TRACE 255653,23.46,24.00,-0.546
TRACE 257432,23.37,24.00,-0.550
TRACE 259218,23.28,23.50,-0.506
TRACE 261001,23.19,23.00,-0.462
TRACE 262790,23.09,23.00,-0.466
TRACE 264579,23.00,23.00,-0.501
TRACE 266379,22.90,22.00,0.509
TRACE 268139,22.81,22.00,0.506
TRACE 269903,22.72,22.00,0.503
TRACE 271709,22.62,21.50,0.514
TRACE 273477,22.52,21.00,0.525
TRACE 275253,22.42,21.00,0.522
TRACE 277035,22.33,21.00,0.518
TRACE 278811,22.23,22.00,-0.564
TRACE 280594,22.13,22.00,-0.567
TRACE 282382,22.03,22.00,-0.571
TRACE 284163,21.93,22.00,-0.607
TRACE 285945,21.82,22.00,-0.642
TRACE 287750,21.72,22.00,-0.646
TRACE 289558,21.62,21.50,-0.603
TRACE 291349,21.51,21.00,-0.496
TRACE 293149,21.41,21.00,-0.500
TRACE 294936,21.30,21.00,-0.503
TRACE 296706,21.20,20.50,-0.460
TRACE 298489,21.09,20.00,0.503
TRACE 300276,20.98,19.50,0.556
TRACE 302067,20.88,19.00,0.568
TRACE 303970,20.76,19.00,0.532
TRACE 305795,20.65,19.00,0.528
TRACE 307599,20.54,19.00,0.525
TRACE 309412,20.44,19.00,0.490
TRACE 311249,20.33,19.00,-0.466
TRACE 313079,20.22,20.00,-0.593
TRACE 314919,20.10,20.00,-0.627
TRACE 316746,20.00,20.00,-0.631
TRACE 318583,19.89,20.00,-0.634
TRACE 320414,19.78,20.00,-0.637
TRACE 322254,19.66,20.00,-0.640
TRACE 324072,19.56,20.00,-0.644
TRACE 325912,19.45,19.50,-0.538
TRACE 327733,19.34,19.00,-0.495
TRACE 329565,19.23,19.00,-0.499
TRACE 331394,19.12,19.00,-0.502
TRACE 333314,19.00,18.50,0.460
TRACE 335140,18.89,18.00,0.503
TRACE 336949,18.78,18.00,0.500
TRACE 338764,18.67,18.00,0.466
TRACE 340555,18.57,18.00,-0.489
TRACE 342379,18.46,18.00,-0.492
TRACE 344211,18.35,18.00,-0.495
TRACE 346042,18.24,18.00,-0.529
TRACE 347879,18.13,18.00,-0.564
TRACE 358998,17.46,17.00,-0.518
TRACE 360851,17.35,16.00,0.465
TRACE 362673,17.24,16.00,0.462
TRACE 364489,17.13,16.00,-0.462
TRACE 366310,17.02,15.50,0.488
TRACE 368123,16.91,15.00,0.518
TRACE 369938,16.80,15.00,0.515
TRACE 371756,16.69,15.00,0.528
TRACE 373577,16.59,15.00,0.462
TRACE 375390,16.48,15.00,-0.461
TRACE 377209,16.37,15.00,-0.464
TRACE 379064,16.26,15.00,-0.499
TRACE 380929,16.14,15.00,-0.534
TRACE 382764,16.03,15.00,-0.537
TRACE 384589,15.92,15.00,-0.540
TRACE 386432,15.81,15.00,-0.544
TRACE 388280,15.70,14.50,-0.501
TRACE 390101,15.59,14.00,0.462
TRACE 391916,15.49,14.00,-0.461
TRACE 393885,15.37,14.00,-0.465
TRACE 395696,15.26,13.50,0.498
TRACE 397477,15.15,13.00,0.541
TRACE 399302,15.04,13.00,0.538
TRACE 401118,14.93,13.00,0.503
TRACE 402921,14.82,13.00,0.469
TRACE 404736,14.72,13.00,0.466
TRACE 406547,14.61,13.00,0.463
TRACE 408359,14.50,13.00,-0.491
TRACE 410182,14.39,14.00,-0.619
TRACE 411992,14.28,14.00,-0.623
TRACE 413816,14.17,14.00,-0.626
TRACE 415720,14.06,14.00,-0.629
TRACE 417562,13.95,13.00,-0.540
TRACE 419365,13.84,13.00,-0.543
TRACE 421173,13.73,13.00,-0.546
TRACE 422991,13.62,13.00,-0.487
TRACE 424814,13.51,12.00,0.522
TRACE 426613,13.40,12.00,0.519
TRACE 428420,13.29,12.00,0.517
TRACE 430230,13.19,11.50,0.497
TRACE 432025,13.08,11.00,0.541
TRACE 433830,12.97,11.00,0.538
TRACE 435653,12.86,11.00,0.534
TRACE 437448,12.75,12.00,-0.545
TRACE 439270,12.64,12.00,-0.549
TRACE 441091,12.53,12.00,-0.552
TRACE 442912,12.43,12.00,-0.587
TRACE 444748,12.32,12.00,-0.621
TRACE 446567,12.21,12.00,-0.625
TRACE 448413,12.10,11.00,-0.535
TRACE 450227,11.99,11.00,-0.476
TRACE 452036,11.88,11.00,-0.479
TRACE 453868,11.77,11.00,-0.482
TRACE 455690,11.66,10.50,0.481
TRACE 457507,11.55,10.00,0.524
TRACE 459309,11.44,10.00,0.521
TRACE 461116,11.33,9.50,0.501
TRACE 462925,11.22,9.50,0.498
TRACE 464739,11.12,9.50,0.495
TRACE 466541,11.01,10.00,-0.475
TRACE 468356,10.90,10.00,-0.509
TRACE 470175,10.79,10.00,-0.544
TRACE 472003,10.68,10.00,-0.548
TRACE 473814,10.57,10.00,-0.582
TRACE 475628,10.46,10.00,-0.586
TRACE 477472,10.35,10.00,-0.589
TRACE 479289,10.24,10.00,-0.561
TRACE 481203,10.13,9.50,-0.518
TRACE 483041,10.02,9.00,-0.475
TRACE 484876,9.91,9.00,-0.479
TRACE 486697,9.80,9.00,-0.482
TRACE 488526,9.69,9.00,-0.485
TRACE 490361,9.58,8.00,0.523
TRACE 492171,9.47,8.00,0.520
TRACE 493980,9.36,7.50,0.533
TRACE 495810,9.25,7.00,0.545
TRACE 497621,9.14,7.00,0.542
TRACE 499435,9.03,7.00,0.539
TRACE 501244,8.93,8.00,-0.467
TRACE 503141,8.81,8.00,-0.532
TRACE 505034,8.70,8.00,-0.535
TRACE 506920,8.59,8.00,-0.569
TRACE 508858,8.48,8.00,-0.602
TRACE 510760,8.37,8.00,-0.604
TRACE 512657,8.26,8.00,-0.606
TRACE 514573,8.15,8.00,-0.548
TRACE 516435,8.04,8.00,-0.551
TRACE 518343,7.93,8.00,-0.553
TRACE 520236,7.83,7.50,-0.511
TRACE 522130,7.72,7.00,-0.468
TRACE 533290,7.11,5.00,0.544
TRACE 535186,7.01,5.00,0.542
TRACE 537069,6.91,5.00,0.539
TRACE 538937,6.82,4.00,0.603
TRACE 540856,6.72,4.00,0.600
TRACE 542757,6.62,4.00,0.580
TRACE 544663,6.52,5.00,0.495
TRACE 546575,6.42,5.00,-0.499
TRACE 548489,6.33,5.00,-0.501
TRACE 550402,6.23,5.00,-0.503
TRACE 552295,6.14,5.50,-0.610
TRACE 554178,6.04,5.50,-0.612
TRACE 556089,5.95,5.00,-0.569
TRACE 557980,5.86,5.00,-0.511
TRACE 559874,5.77,5.00,-0.513
TRACE 561785,5.67,5.00,-0.516
TRACE 563697,5.58,4.00,0.493
TRACE 565575,5.50,4.00,0.521
TRACE 567650,5.40,3.50,0.562
TRACE 569537,5.31,3.00,0.575
TRACE 571404,5.23,3.00,0.574
TRACE 573294,5.14,3.00,0.572
TRACE 575168,5.05,3.00,0.570
TRACE 577053,4.97,3.00,0.509
TRACE 578924,4.89,3.00,0.507
TRACE 580800,4.80,4.00,-0.535
TRACE 582698,4.72,4.00,-0.567
TRACE 584588,4.64,4.00,-0.569
TRACE 586490,4.56,4.00,-0.571
TRACE 588456,4.48,4.00,-0.572
TRACE 590365,4.39,3.50,-0.529
TRACE 592258,4.32,3.00,-0.485
TRACE 594171,4.24,3.00,0.493
TRACE 596045,4.16,3.00,0.491
TRACE 597940,4.08,2.50,0.535
TRACE 599827,4.01,2.00,0.578
TRACE 601731,3.93,2.00,0.577
TRACE 603659,3.85,3.00,-0.465
TRACE 605549,3.78,3.00,-0.497
TRACE 607455,3.71,3.00,-0.498
TRACE 609351,3.63,3.00,-0.500
TRACE 611245,3.56,3.00,-0.531
TRACE 613144,3.49,3.00,-0.563
TRACE 615034,3.42,3.00,-0.564
TRACE 616927,3.35,3.00,-0.505
TRACE 618812,3.28,3.00,-0.507
TRACE 620707,3.21,3.00,-0.508
TRACE 622602,3.15,3.00,-0.509
TRACE 624488,3.08,3.00,-0.511
TRACE 626387,3.01,3.00,-0.512
TRACE 628264,2.95,2.50,-0.468
TRACE 630142,2.89,2.00,0.496
TRACE 632053,2.82,2.00,0.495
TRACE 633955,2.76,2.00,0.493
TRACE 635868,2.69,1.50,0.537
TRACE 637785,2.63,1.00,0.121
TRACE 639641,2.57,1.00,0.120
TRACE 641489,2.51,1.50,0.504
TRACE 643411,2.45,2.00,-0.493
TRACE 645345,2.39,2.00,-0.494
TRACE 647259,2.33,2.00,-0.495
TRACE 649188,2.27,2.00,-0.526
TRACE 651249,2.21,2.00,-0.557
TRACE 653181,2.16,1.50,-0.513
TRACE 655120,2.10,1.00,0.020
TRACE 657014,2.04,1.00,0.049
TRACE 658846,1.99,1.00,0.048
TRACE 660706,1.94,1.00,0.048
TRACE 662557,1.89,1.00,0.047
TRACE 664409,1.84,1.00,0.047
TRACE 666248,1.79,1.00,0.016
TRACE 668114,1.74,1.00,-0.015
TRACE 669983,1.69,1.00,-0.016
TRACE 671844,1.64,1.00,-0.017
TRACE 673695,1.60,1.00,-0.018
TRACE 675578,1.55,1.00,-0.018
TRACE 677447,1.50,1.00,-0.019
TRACE 679356,1.46,1.00,-0.020
TRACE 681238,1.41,1.00,-0.020
TRACE 683119,1.37,1.00,-0.021
TRACE 685003,1.32,1.00,-0.022
TRACE 686857,1.28,1.00,-0.022
TRACE 688741,1.24,1.00,-0.023
TRACE 690604,1.20,1.00,-0.023
TRACE 701719,0.97,1.00,-0.026
TRACE 703640,0.93,1.00,-0.027
TRACE 705543,0.89,1.00,-0.027
TRACE 707441,0.86,1.00,-0.028
TRACE 709334,0.82,1.00,-0.028
TRACE 711249,0.79,1.00,-0.028
TRACE 713161,0.75,1.00,-0.029
TRACE 715068,0.72,1.00,-0.029
TRACE 716963,0.69,1.00,-0.029
TRACE 718865,0.66,1.00,-0.029
TRACE 720745,0.63,1.00,-0.030
TRACE 722623,0.60,1.00,-0.030
TRACE 724572,0.57,1.00,-0.030
TRACE 726462,0.54,1.00,-0.030
TRACE 728353,0.51,1.00,-0.030
TRACE 730244,0.49,1.00,-0.031
TRACE 732161,0.46,1.00,-0.031
TRACE 734045,0.44,1.00,-0.031
TRACE 736001,0.41,1.00,-0.031
TRACE 737948,0.39,1.00,-0.031
TRACE 739829,0.36,1.00,-0.031
TRACE 741704,0.34,1.00,-0.031
TRACE 743594,0.32,1.00,-0.031
TRACE 745479,0.30,1.00,-0.031
TRACE 747360,0.28,1.00,-0.031
TRACE 749240,0.26,1.00,-0.031
TRACE 751140,0.24,1.00,-0.030
TRACE 753011,0.22,1.00,-0.030
TRACE 754905,0.20,1.00,-0.030
TRACE 756816,0.19,1.00,-0.030
TRACE 758716,0.17,1.00,-0.030
TRACE 760598,0.16,1.00,-0.030
TRACE 762485,0.14,1.00,-0.029
TRACE 764376,0.13,1.00,-0.029
TRACE 766280,0.11,1.00,-0.029
TRACE 768150,0.10,1.00,-0.028
TRACE 770052,0.09,1.00,-0.028
TRACE 771914,0.08,1.00,-0.028
TRACE 773812,0.07,1.00,-0.027
TRACE 775684,0.06,1.00,-0.027
TRACE 777577,0.05,1.00,-0.027
TRACE 779451,0.04,1.00,-0.026
TRACE 781325,0.03,1.00,-0.026
TRACE 783210,0.03,1.00,-0.025
TRACE 785089,0.02,1.00,-0.025
TRACE 786975,0.02,1.00,-0.024
TRACE 788879,0.01,1.00,-0.024
TRACE 790748,0.01,1.00,-0.023
TRACE 792649,0.01,1.00,-0.022
TRACE 794500,0.00,1.00,-0.022
TRACE 796393,0.00,1.00,-0.021
TRACE 798267,0.00,1.00,-0.021
TRACE 800169,0.00,1.00,-0.030
TRACE 801845,0.00,1.00,-0.030
TRACE 803469,0.00,1.00,-0.030
TRACE 805112,0.00,1.00,-0.030
TRACE 806744,0.00,1.00,-0.030
TRACE 808381,0.00,1.00,-0.030
TRACE 810010,0.00,1.00,-0.030
TRACE 811654,0.00,1.00,-0.030
TRACE 813295,0.00,1.00,-0.030
TRACE 814946,0.00,1.00,-0.030
TRACE 816575,0.00,1.00,-0.030
TRACE 818213,0.00,1.00,-0.030
TRACE 819842,0.00,1.00,-0.030
TRACE 821488,0.00,1.00,-0.030
TRACE 823207,0.00,1.00,-0.030
TRACE 824883,0.00,1.00,-0.030
TRACE 826533,0.00,1.00,-0.030
TRACE 828155,0.00,1.00,-0.030
TRACE 829781,0.00,1.00,-0.030
TRACE 831421,0.00,1.00,-0.030
TRACE 833059,0.00,1.00,-0.030
TRACE 834695,0.00,1.00,-0.030
TRACE 836334,0.00,1.00,-0.030
TRACE 837953,0.00,1.00,-0.030
TRACE 839591,0.00,1.00,-0.030
TRACE 841245,0.00,1.00,-0.030
TRACE 842881,0.00,1.00,-0.030
TRACE 844531,0.00,1.00,-0.030
TRACE 846186,0.00,1.00,-0.030
TRACE 847818,0.00,1.00,-0.030
TRACE 849451,0.00,1.00,-0.030
TRACE 851078,0.00,1.00,-0.030
>>> 
HOST arm.nominal = 0
arm.nominal = 0
>>> 
HOST r = arm.move_to(-30, "tuning_kfs046")
r = arm.move_to(-30, "tuning_kfs046")
RESULT {"loops": 458, "overshoot": 0.0, "t_reach": 0.6543, "type": "move", "t_settle": 0.6901999, "target": -30, "state": "done", "q": null, "tag": "tuning_kfs046", "err": 0.0, "err_rest": 0.0, "ok": true, "max_dt_us": 11204, "t_profile": 0.8167, "start": 1.0, "max_track_err": 2.44}
>>> 
HOST arm_test.cmd_trace(arm, [])
arm_test.cmd_trace(arm, [])
TRACE t_us,ref_deg,pos_deg,duty
TRACE 926,1.00,1.00,-0.470
TRACE 2954,1.00,1.00,-0.471
TRACE 4816,1.00,1.00,-0.472
TRACE 6630,1.00,1.00,-0.473
TRACE 8462,0.99,1.00,-0.473
TRACE 10269,0.99,0.00,0.562
TRACE 12028,0.99,0.00,0.547
TRACE 13789,0.98,0.00,0.537
TRACE 15530,0.98,0.00,0.537
TRACE 17265,0.97,0.00,0.537
TRACE 19016,0.96,0.00,0.537
TRACE 20755,0.96,0.00,0.536
TRACE 22494,0.95,0.00,0.470
TRACE 24256,0.94,0.00,0.470
TRACE 26006,0.93,0.50,-0.499
TRACE 27763,0.92,1.00,-0.548
TRACE 29555,0.91,1.00,-0.548
TRACE 31339,0.90,1.00,-0.549
TRACE 33163,0.89,1.00,-0.550
TRACE 34945,0.88,1.00,-0.550
TRACE 36755,0.86,0.50,-0.504
TRACE 38704,0.85,0.00,0.493
TRACE 40471,0.84,0.00,0.523
TRACE 42220,0.82,-0.50,0.569
TRACE 43987,0.81,-1.00,0.615
TRACE 45764,0.79,-1.00,0.614
TRACE 47550,0.77,-0.50,0.566
TRACE 49313,0.76,0.00,0.487
TRACE 51057,0.74,0.00,-0.466
TRACE 52814,0.72,0.00,-0.467
TRACE 54578,0.70,1.00,-0.596
TRACE 56352,0.68,1.00,-0.629
TRACE 58124,0.66,1.00,-0.631
TRACE 59904,0.64,0.50,-0.552
TRACE 61702,0.62,0.00,-0.474
TRACE 63454,0.60,0.00,-0.475
TRACE 65208,0.57,0.00,-0.476
TRACE 66981,0.55,-1.00,0.601
TRACE 68768,0.53,-1.00,0.600
TRACE 70563,0.50,-1.00,0.598
TRACE 72351,0.48,-1.00,0.565
TRACE 74116,0.45,-1.00,0.531
TRACE 75898,0.42,-1.00,0.530
TRACE 77650,0.40,-1.00,0.528
TRACE 79424,0.37,-1.00,0.462
TRACE 81193,0.34,-1.00,0.461
TRACE 82958,0.31,-1.00,-0.461
TRACE 84732,0.28,0.00,-0.557
TRACE 86487,0.25,0.00,-0.558
TRACE 88251,0.22,0.00,-0.560
TRACE 90004,0.19,0.00,-0.561
TRACE 91754,0.16,0.00,-0.563
TRACE 93514,0.13,0.00,-0.565
TRACE 95269,0.09,0.00,-0.567
TRACE 97012,0.06,0.00,-0.503
TRACE 98772,0.02,-0.50,0.463
TRACE 100524,-0.01,-1.00,0.509
TRACE 102303,-0.05,-1.00,0.507
TRACE 104066,-0.08,-1.00,0.505
TRACE 105840,-0.12,-1.00,0.503
TRACE 107617,-0.16,-1.00,0.501
TRACE 109389,-0.20,-0.50,-0.468
TRACE 111164,-0.24,0.00,-0.549
TRACE 112922,-0.28,0.00,-0.583
TRACE 114664,-0.31,0.00,-0.585
TRACE 116437,-0.36,0.00,-0.587
TRACE 118221,-0.40,0.00,-0.589
TRACE 120000,-0.44,0.00,-0.591
TRACE 121768,-0.48,0.00,-0.561
TRACE 123546,-0.53,0.00,-0.530
TRACE 125290,-0.57,-1.00,0.482
TRACE 127062,-0.61,-1.00,0.480
TRACE 128858,-0.66,-1.00,0.478
TRACE 130633,-0.71,-1.00,0.476
TRACE 132398,-0.75,-1.00,0.474
TRACE 134156,-0.80,-1.00,0.472
TRACE 135903,-0.85,-1.00,0.470
TRACE 137678,-0.90,-1.00,-0.516
TRACE 139463,-0.94,0.00,-0.613
TRACE 141248,-1.00,0.00,-0.615
TRACE 143000,-1.04,0.00,-0.618
TRACE 144750,-1.10,0.00,-0.620
TRACE 146511,-1.15,0.00,-0.622
TRACE 148275,-1.20,0.00,-0.624
TRACE 150021,-1.25,0.00,-0.626
TRACE 151773,-1.30,0.00,-0.564
TRACE 153543,-1.36,-1.00,-0.471
TRACE 155349,-1.41,-1.00,-0.474
TRACE 157173,-1.47,-1.00,-0.476
TRACE 158997,-1.53,-1.00,-0.479
TRACE 160792,-1.59,-1.50,0.485
TRACE 162568,-1.64,-2.00,0.530
TRACE 164333,-1.70,-2.00,0.527
TRACE 166117,-1.76,-2.00,0.461
TRACE 167877,-1.82,-2.00,-0.461
TRACE 169687,-1.88,-2.00,-0.464
TRACE 171473,-1.94,-2.00,-0.466
TRACE 182517,-2.33,-2.00,-0.527
TRACE 184342,-2.40,-2.50,-0.515
TRACE 186146,-2.47,-3.00,-0.484
TRACE 187962,-2.53,-3.00,-0.487
TRACE 189767,-2.60,-3.00,-0.490
TRACE 191571,-2.67,-3.00,-0.493
TRACE 193365,-2.74,-3.50,-0.462
TRACE 195178,-2.81,-4.00,0.542
TRACE 196973,-2.88,-4.00,0.508
TRACE 198754,-2.95,-5.00,0.567
TRACE 200548,-3.02,-5.00,0.564
TRACE 202325,-3.09,-5.00,0.562
TRACE 204102,-3.17,-5.00,0.559
TRACE 205914,-3.24,-5.00,0.524
TRACE 207707,-3.31,-5.00,0.490
TRACE 209465,-3.39,-5.00,0.487
TRACE 211253,-3.46,-5.00,-0.500
TRACE 213039,-3.54,-5.00,-0.503
TRACE 214855,-3.62,-5.00,-0.506
TRACE 216643,-3.69,-5.00,-0.509
TRACE 218429,-3.77,-5.00,-0.512
TRACE 220364,-3.86,-5.00,-0.515
TRACE 222155,-3.94,-5.00,-0.518
TRACE 223963,-4.02,-5.00,-0.521
TRACE 225742,-4.10,-6.00,0.489
TRACE 227514,-4.18,-6.00,0.486
TRACE 229281,-4.26,-6.00,0.483
TRACE 231053,-4.34,-6.00,0.480
TRACE 232830,-4.42,-6.50,0.525
TRACE 234620,-4.50,-6.50,0.522
TRACE 236401,-4.59,-6.50,0.519
TRACE 238170,-4.67,-6.50,-0.469
TRACE 239973,-4.76,-6.00,-0.519
TRACE 241779,-4.85,-6.00,-0.522
TRACE 243595,-4.93,-6.50,-0.479
TRACE 245382,-5.02,-7.00,-0.467
TRACE 247137,-5.11,-7.00,-0.470
TRACE 248916,-5.20,-7.00,-0.474
TRACE 250715,-5.29,-7.00,-0.477
TRACE 252512,-5.38,-7.00,0.472
TRACE 254278,-5.47,-7.50,0.515
TRACE 256071,-5.56,-8.00,0.527
TRACE 257857,-5.65,-8.00,0.492
TRACE 259623,-5.74,-8.00,0.488
TRACE 261412,-5.83,-8.00,0.485
TRACE 263168,-5.93,-8.00,0.482
TRACE 264942,-6.02,-8.00,0.478
TRACE 266714,-6.11,-8.00,-0.477
TRACE 268507,-6.21,-8.00,-0.513
TRACE 270289,-6.31,-8.00,-0.516
TRACE 272096,-6.40,-8.00,-0.520
TRACE 273893,-6.50,-8.00,-0.524
TRACE 275685,-6.60,-8.00,-0.527
TRACE 277455,-6.70,-8.00,-0.531
TRACE 279237,-6.80,-9.00,0.479
TRACE 281005,-6.90,-9.00,0.476
TRACE 282771,-7.00,-9.00,0.472
TRACE 284555,-7.10,-9.00,0.469
TRACE 286322,-7.20,-9.00,0.465
TRACE 288092,-7.30,-9.00,0.462
TRACE 289853,-7.40,-9.00,-0.462
TRACE 291632,-7.50,-9.00,-0.530
TRACE 293439,-7.61,-9.00,-0.534
TRACE 295232,-7.72,-9.00,-0.538
TRACE 297009,-7.82,-9.00,-0.542
TRACE 298826,-7.93,-9.00,-0.545
TRACE 300615,-8.04,-9.00,-0.539
TRACE 302439,-8.15,-9.00,-0.542
TRACE 304246,-8.25,-9.00,-0.546
TRACE 306078,-8.36,-9.00,-0.549
TRACE 307897,-8.47,-9.00,-0.552
TRACE 309757,-8.59,-9.00,-0.556
TRACE 311589,-8.70,-10.00,-0.466
TRACE 313394,-8.80,-10.00,-0.470
TRACE 315221,-8.91,-10.50,0.493
TRACE 317042,-9.02,-11.00,0.536
TRACE 318841,-9.13,-11.00,0.533
TRACE 320639,-9.24,-11.00,0.530
TRACE 322455,-9.35,-11.00,0.528
TRACE 324251,-9.46,-11.00,0.462
TRACE 326072,-9.56,-11.00,-0.462
TRACE 327884,-9.67,-11.00,-0.497
TRACE 329714,-9.78,-11.00,-0.531
TRACE 331546,-9.89,-11.00,-0.535
TRACE 333371,-10.00,-11.00,-0.538
TRACE 335201,-10.11,-11.00,-0.541
TRACE 337021,-10.22,-11.00,-0.545
TRACE 338859,-10.33,-11.00,-0.548
TRACE 340686,-10.44,-11.00,-0.551
TRACE 342504,-10.55,-11.00,-0.555
TRACE 344327,-10.66,-11.00,-0.558
TRACE 346152,-10.77,-12.00,-0.468
TRACE 347972,-10.88,-12.00,-0.472
TRACE 349792,-10.99,-12.50,0.491
TRACE 351610,-11.10,-13.00,0.535
TRACE 362699,-11.76,-13.00,0.462
TRACE 364500,-11.87,-13.00,-0.461
TRACE 366326,-11.98,-13.00,-0.465
TRACE 368158,-12.09,-13.00,-0.504
TRACE 369985,-12.20,-13.00,-0.508
TRACE 371827,-12.31,-13.00,-0.529
TRACE 373658,-12.42,-13.00,-0.551
TRACE 375518,-12.53,-13.50,-0.508
TRACE 377342,-12.64,-14.00,-0.465
TRACE 379174,-12.75,-14.00,-0.468
TRACE 381018,-12.86,-14.00,-0.472
TRACE 382831,-12.97,-14.50,0.491
TRACE 384672,-13.08,-15.00,0.534
TRACE 386479,-13.19,-15.00,0.531
TRACE 388296,-13.30,-15.00,0.497
TRACE 390109,-13.41,-15.00,0.462
TRACE 391917,-13.52,-15.00,-0.461
TRACE 393769,-13.63,-15.00,-0.464
TRACE 395593,-13.74,-15.00,-0.499
TRACE 397404,-13.84,-15.00,-0.533
TRACE 399276,-13.96,-15.00,-0.537
TRACE 401107,-14.07,-15.00,-0.540
TRACE 402932,-14.18,-15.00,-0.543
TRACE 404763,-14.29,-15.00,-0.547
TRACE 406598,-14.40,-15.00,-0.550
TRACE 408419,-14.51,-16.00,-0.461
TRACE 410255,-14.62,-16.00,-0.464
TRACE 412081,-14.72,-16.00,-0.467
TRACE 413884,-14.83,-16.00,-0.470
TRACE 415703,-14.94,-17.00,0.539
TRACE 417520,-15.05,-17.00,0.536
TRACE 419388,-15.16,-17.00,0.532
TRACE 421193,-15.27,-17.00,0.466
TRACE 423002,-15.38,-17.00,0.463
TRACE 424821,-15.49,-17.00,0.460
TRACE 426626,-15.60,-17.00,-0.463
TRACE 428439,-15.71,-17.00,-0.529
TRACE 430260,-15.82,-17.00,-0.532
TRACE 432081,-15.92,-16.50,-0.582
TRACE 433882,-16.03,-16.50,-0.586
TRACE 435704,-16.14,-16.50,-0.589
TRACE 437542,-16.25,-17.00,-0.546
TRACE 439369,-16.36,-17.00,-0.549
TRACE 441192,-16.47,-17.00,-0.552
TRACE 443037,-16.58,-17.00,-0.555
TRACE 444838,-16.69,-17.50,-0.481
TRACE 446677,-16.80,-18.00,0.482
TRACE 448492,-16.91,-18.00,0.479
TRACE 450298,-17.02,-18.50,0.491
TRACE 452097,-17.13,-19.00,0.534
TRACE 453916,-17.23,-19.00,0.531
TRACE 455727,-17.34,-19.00,0.528
TRACE 457530,-17.45,-19.00,0.493
TRACE 459340,-17.56,-18.50,-0.508
TRACE 461178,-17.67,-18.00,-0.558
TRACE 462994,-17.78,-18.00,-0.593
TRACE 464823,-17.89,-18.00,-0.628
TRACE 466640,-18.00,-18.00,-0.631
TRACE 468478,-18.11,-18.00,-0.634
TRACE 470303,-18.22,-18.50,-0.591
TRACE 472140,-18.33,-19.00,-0.517
TRACE 473972,-18.44,-19.00,-0.489
TRACE 475785,-18.55,-19.00,-0.492
TRACE 477610,-18.66,-20.00,0.517
TRACE 479412,-18.76,-20.00,0.514
TRACE 481209,-18.87,-20.50,0.558
TRACE 483016,-18.98,-21.00,0.570
TRACE 484982,-19.10,-21.00,0.534
TRACE 486762,-19.21,-21.00,0.531
TRACE 488598,-19.32,-20.50,0.481
TRACE 490416,-19.42,-20.00,-0.551
TRACE 492240,-19.53,-20.00,-0.554
TRACE 494059,-19.64,-20.00,-0.588
TRACE 495881,-19.75,-19.50,-0.669
TRACE 497711,-19.86,-19.50,-0.673
TRACE 499556,-19.97,-20.00,-0.630
TRACE 501401,-20.08,-20.00,-0.602
TRACE 503236,-20.19,-20.00,-0.574
TRACE 505052,-20.30,-21.00,-0.485
TRACE 506874,-20.41,-21.00,-0.488
TRACE 508698,-20.52,-21.00,-0.460
TRACE 510499,-20.63,-21.00,-0.463
TRACE 512317,-20.74,-22.00,0.515
TRACE 514178,-20.85,-22.00,0.512
TRACE 515987,-20.96,-23.00,0.601
TRACE 517797,-21.07,-23.00,0.546
TRACE 519658,-21.18,-23.00,0.543
TRACE 521542,-21.29,-23.00,0.540
TRACE 523426,-21.40,-23.00,0.536
TRACE 525293,-21.51,-23.00,0.471
TRACE 527177,-21.62,-23.00,0.469
TRACE 538328,-22.25,-22.00,-0.594
TRACE 540235,-22.36,-22.00,-0.596
TRACE 542152,-22.46,-21.00,-0.664
TRACE 544057,-22.57,-21.00,-0.666
TRACE 545973,-22.67,-21.00,-0.669
TRACE 547863,-22.77,-22.00,-0.605
TRACE 549778,-22.88,-22.00,-0.608
TRACE 551686,-22.98,-22.00,-0.575
TRACE 553588,-23.08,-22.00,-0.577
TRACE 555489,-23.18,-23.00,0.491
TRACE 557352,-23.28,-23.00,0.489
TRACE 559260,-23.37,-23.00,0.487
TRACE 561146,-23.47,-24.00,0.514
TRACE 563028,-23.57,-24.00,0.512
TRACE 564911,-23.66,-24.00,0.510
TRACE 566808,-23.76,-24.00,0.508
TRACE 568693,-23.85,-23.50,-0.520
TRACE 570598,-23.95,-23.00,-0.567
TRACE 572677,-24.05,-23.00,-0.569
TRACE 574577,-24.14,-23.00,-0.631
TRACE 576477,-24.23,-23.00,-0.633
TRACE 578348,-24.32,-23.00,-0.635
TRACE 580242,-24.41,-23.00,-0.637
TRACE 582153,-24.50,-24.00,-0.520
TRACE 584043,-24.59,-24.00,-0.492
TRACE 585931,-24.68,-24.00,-0.493
TRACE 587824,-24.76,-25.00,0.516
TRACE 589721,-24.85,-25.00,0.514
TRACE 591623,-24.94,-25.00,0.511
TRACE 593536,-25.02,-25.50,0.554
TRACE 595408,-25.10,-25.50,0.493
TRACE 597302,-25.19,-25.00,-0.474
TRACE 599202,-25.27,-25.00,-0.476
TRACE 601102,-25.35,-25.00,-0.538
TRACE 602983,-25.43,-25.00,-0.540
TRACE 604877,-25.51,-25.00,-0.542
TRACE 606783,-25.59,-25.00,-0.574
TRACE 608682,-25.67,-25.00,-0.575
TRACE 610578,-25.75,-25.00,-0.547
TRACE 612477,-25.83,-25.00,-0.548
TRACE 614376,-25.91,-25.50,-0.505
TRACE 616293,-25.99,-26.00,-0.462
TRACE 618187,-26.06,-26.00,-0.463
TRACE 620097,-26.14,-26.00,-0.465
TRACE 621994,-26.21,-27.00,0.544
TRACE 623860,-26.28,-27.00,0.543
TRACE 625758,-26.36,-27.00,0.541
TRACE 627660,-26.43,-27.00,0.509
TRACE 629531,-26.50,-27.00,0.478
TRACE 631424,-26.57,-27.00,0.477
TRACE 633303,-26.64,-27.00,0.475
TRACE 635184,-26.71,-27.00,-0.507
TRACE 637080,-26.77,-27.00,-0.508
TRACE 638972,-26.84,-26.00,-0.600
TRACE 640884,-26.91,-26.00,-0.601
TRACE 642780,-26.98,-26.00,-0.602
TRACE 644680,-27.04,-26.50,-0.558
TRACE 646577,-27.11,-27.00,-0.514
TRACE 648472,-27.17,-27.00,-0.516
TRACE 650378,-27.23,-27.00,-0.517
TRACE 652278,-27.30,-27.50,0.507
TRACE 654285,-27.36,-28.00,0.550
TRACE 656218,-27.43,-28.00,0.549
TRACE 658126,-27.49,-28.50,0.562
TRACE 660017,-27.55,-29.00,0.116
TRACE 661857,-27.60,-29.00,0.116
TRACE 663705,-27.66,-29.00,0.115
TRACE 665552,-27.72,-28.50,0.499
TRACE 667466,-27.77,-28.00,-0.497
TRACE 669399,-27.83,-28.00,-0.498
TRACE 671331,-27.89,-28.00,-0.529
TRACE 673246,-27.94,-28.00,-0.560
TRACE 675173,-28.00,-28.00,-0.561
TRACE 677068,-28.05,-28.50,-0.517
TRACE 679034,-28.11,-29.00,0.017
TRACE 680885,-28.16,-29.00,0.046
TRACE 682754,-28.21,-29.00,0.045
TRACE 684603,-28.26,-29.00,0.045
TRACE 686459,-28.30,-29.00,0.045
TRACE 688323,-28.35,-29.00,0.044
TRACE 690184,-28.40,-29.00,0.013
TRACE 692084,-28.45,-29.00,-0.018
TRACE 693952,-28.49,-29.00,-0.019
TRACE 695832,-28.54,-29.00,-0.020
TRACE 707036,-28.80,-30.00,0.042
TRACE 708913,-28.84,-30.00,0.042
TRACE 710789,-28.88,-30.00,0.041
TRACE 712678,-28.92,-30.00,0.041
TRACE 714566,-28.96,-30.00,0.040
TRACE 716449,-29.00,-30.00,0.040
TRACE 718331,-29.03,-30.00,0.039
TRACE 720227,-29.07,-30.00,0.003
TRACE 722122,-29.11,-30.00,0.003
TRACE 724031,-29.14,-30.00,0.002
TRACE 725914,-29.18,-30.00,0.002
TRACE 727785,-29.21,-30.00,0.002
TRACE 729654,-29.24,-30.00,0.001
TRACE 731532,-29.28,-30.00,0.001
TRACE 733410,-29.31,-30.00,0.001
TRACE 735302,-29.34,-30.00,0.001
TRACE 737196,-29.37,-30.00,0.000
TRACE 739074,-29.40,-30.00,0.000
TRACE 740956,-29.43,-30.00,-0.000
TRACE 742873,-29.46,-30.00,-0.000
TRACE 744752,-29.48,-30.00,-0.000
TRACE 746610,-29.51,-30.00,-0.000
TRACE 748480,-29.54,-30.00,-0.001
TRACE 750365,-29.56,-30.00,-0.001
TRACE 752246,-29.58,-30.00,-0.001
TRACE 754118,-29.61,-30.00,-0.001
TRACE 756010,-29.63,-30.00,-0.001
TRACE 757889,-29.65,-30.00,-0.001
TRACE 759777,-29.68,-30.00,-0.001
TRACE 761653,-29.70,-30.00,-0.001
TRACE 763643,-29.72,-30.00,-0.001
TRACE 765530,-29.74,-30.00,-0.001
TRACE 767410,-29.76,-30.00,-0.000
TRACE 769267,-29.78,-30.00,-0.000
TRACE 771154,-29.79,-30.00,-0.000
TRACE 773022,-29.81,-30.00,0.000
TRACE 774888,-29.83,-30.00,0.000
TRACE 776750,-29.84,-30.00,0.000
TRACE 778620,-29.86,-30.00,0.001
TRACE 780484,-29.87,-30.00,0.001
TRACE 782357,-29.88,-30.00,0.001
TRACE 784234,-29.89,-30.00,0.001
TRACE 786090,-29.91,-30.00,0.002
TRACE 787977,-29.92,-30.00,0.002
TRACE 789854,-29.93,-30.00,0.003
TRACE 791712,-29.94,-30.00,0.003
TRACE 793595,-29.95,-30.00,0.003
TRACE 795458,-29.96,-30.00,0.004
TRACE 797347,-29.96,-30.00,0.004
TRACE 799203,-29.97,-30.00,0.005
TRACE 801072,-29.98,-30.00,0.005
TRACE 802963,-29.98,-30.00,0.006
TRACE 804836,-29.99,-30.00,0.006
TRACE 806701,-29.99,-30.00,0.007
TRACE 808550,-29.99,-30.00,0.007
TRACE 810398,-30.00,-30.00,0.008
TRACE 812264,-30.00,-30.00,0.008
TRACE 814130,-30.00,-30.00,0.009
TRACE 816015,-30.00,-30.00,0.010
TRACE 817889,-30.00,-30.00,0.000
TRACE 819566,-30.00,-30.00,0.000
TRACE 821173,-30.00,-30.00,0.000
TRACE 822788,-30.00,-30.00,0.000
TRACE 824393,-30.00,-30.00,0.000
TRACE 826008,-30.00,-30.00,0.000
TRACE 827632,-30.00,-30.00,0.000
TRACE 829338,-30.00,-30.00,0.000
TRACE 830975,-30.00,-30.00,0.000
TRACE 832593,-30.00,-30.00,0.000
TRACE 834213,-30.00,-30.00,0.000
TRACE 835830,-30.00,-30.00,0.000
TRACE 837441,-30.00,-30.00,0.000
TRACE 839039,-30.00,-30.00,0.000
TRACE 840653,-30.00,-30.00,0.000
TRACE 842275,-30.00,-30.00,0.000
TRACE 843876,-30.00,-30.00,0.000
TRACE 845507,-30.00,-30.00,0.000
TRACE 847134,-30.00,-30.00,0.000
TRACE 848760,-30.00,-30.00,0.000
TRACE 850375,-30.00,-30.00,0.000
TRACE 851986,-30.00,-30.00,0.000
TRACE 853614,-30.00,-30.00,0.000
TRACE 855236,-30.00,-30.00,0.000
TRACE 856853,-30.00,-30.00,0.000
TRACE 858455,-30.00,-30.00,0.000
TRACE 860060,-30.00,-30.00,0.000
TRACE 861672,-30.00,-30.00,0.000
TRACE 863292,-30.00,-30.00,0.000
TRACE 864931,-30.00,-30.00,0.000
TRACE 866632,-30.00,-30.00,0.000
TRACE 868273,-30.00,-30.00,0.000
>>> 
HOST arm.nominal = -30
arm.nominal = -30
>>> 
HOST r = arm.move_to(0, "tuning_kfs046")
r = arm.move_to(0, "tuning_kfs046")
RESULT {"loops": 452, "overshoot": 0.0, "t_reach": 0.6098, "type": "move", "t_settle": 0.6999, "target": 0, "state": "done", "q": null, "tag": "tuning_kfs046", "err": 0.0, "err_rest": 0.0, "ok": true, "max_dt_us": 11161, "t_profile": 0.8, "start": -30.0, "max_track_err": 2.62}
>>> 
HOST arm_test.cmd_trace(arm, [])
arm_test.cmd_trace(arm, [])
TRACE t_us,ref_deg,pos_deg,duty
TRACE 979,-30.00,-30.00,0.470
TRACE 2949,-30.00,-30.00,0.471
TRACE 4804,-30.00,-30.00,0.472
TRACE 6602,-30.00,-30.00,0.473
TRACE 8381,-29.99,-30.00,0.473
TRACE 10180,-29.99,-30.00,0.474
TRACE 11985,-29.99,-30.00,0.475
TRACE 13804,-29.98,-29.50,-0.491
TRACE 15615,-29.98,-29.00,-0.537
TRACE 17410,-29.97,-29.00,-0.536
TRACE 19207,-29.96,-29.00,-0.535
TRACE 20981,-29.96,-30.00,0.479
TRACE 22733,-29.95,-30.00,0.480
TRACE 24491,-29.94,-30.00,0.481
TRACE 26287,-29.93,-30.00,0.514
TRACE 28055,-29.92,-30.00,0.547
TRACE 29807,-29.91,-30.00,0.548
TRACE 31578,-29.90,-30.00,0.549
TRACE 33357,-29.89,-30.00,0.485
TRACE 35135,-29.88,-30.00,0.486
TRACE 36905,-29.86,-29.50,-0.480
TRACE 38672,-29.85,-29.00,-0.526
TRACE 40487,-29.84,-29.00,-0.525
TRACE 42282,-29.82,-29.00,-0.524
TRACE 44077,-29.81,-29.00,-0.522
TRACE 45851,-29.79,-29.00,-0.521
TRACE 47625,-29.77,-30.00,0.494
TRACE 49398,-29.76,-30.00,0.527
TRACE 51176,-29.74,-30.00,0.560
TRACE 52947,-29.72,-30.00,0.562
TRACE 54707,-29.70,-30.50,0.610
TRACE 56498,-29.68,-30.00,0.564
TRACE 58248,-29.66,-30.00,0.566
TRACE 60015,-29.64,-30.00,0.502
TRACE 61808,-29.62,-30.00,0.504
TRACE 63594,-29.60,-29.00,-0.509
TRACE 65383,-29.57,-29.00,-0.508
TRACE 67162,-29.55,-29.00,-0.539
TRACE 68938,-29.52,-29.00,-0.505
TRACE 70701,-29.50,-29.00,-0.504
TRACE 72490,-29.47,-29.00,-0.502
TRACE 74270,-29.45,-29.00,-0.501
TRACE 76047,-29.42,-29.00,0.485
TRACE 77810,-29.39,-29.00,0.486
TRACE 79570,-29.37,-29.00,0.488
TRACE 81341,-29.34,-29.00,0.489
TRACE 83114,-29.31,-30.00,0.585
TRACE 84892,-29.28,-29.00,0.492
TRACE 86676,-29.25,-29.00,0.494
TRACE 88441,-29.22,-29.00,0.495
TRACE 90194,-29.19,-29.00,0.497
TRACE 91972,-29.15,-29.00,0.498
TRACE 93757,-29.12,-29.00,0.500
TRACE 95531,-29.09,-29.00,-0.483
TRACE 97310,-29.05,-28.00,-0.511
TRACE 99101,-29.02,-28.00,-0.509
TRACE 100877,-28.98,-28.00,-0.507
TRACE 102662,-28.95,-28.00,-0.506
TRACE 104446,-28.91,-28.00,-0.504
TRACE 106243,-28.87,-28.00,-0.502
TRACE 108043,-28.83,-28.50,0.467
TRACE 109814,-28.79,-29.00,0.580
TRACE 111575,-28.76,-29.00,0.582
TRACE 113337,-28.72,-29.00,0.584
TRACE 115107,-28.68,-29.00,0.585
TRACE 116860,-28.63,-29.00,0.587
TRACE 118631,-28.59,-29.00,0.590
TRACE 120411,-28.55,-28.00,0.465
TRACE 122169,-28.51,-28.00,-0.486
TRACE 123956,-28.46,-28.00,-0.484
TRACE 125727,-28.42,-27.00,-0.576
TRACE 127518,-28.37,-27.00,-0.574
TRACE 129395,-28.33,-27.00,-0.571
TRACE 131200,-28.28,-27.00,-0.568
TRACE 132986,-28.23,-27.00,-0.503
TRACE 134772,-28.18,-28.00,0.513
TRACE 136546,-28.14,-28.00,0.515
TRACE 138319,-28.09,-28.00,0.581
TRACE 140087,-28.04,-28.00,0.583
TRACE 141849,-27.99,-28.00,0.586
TRACE 143605,-27.94,-28.00,0.588
TRACE 145376,-27.89,-28.00,0.590
TRACE 147158,-27.83,-28.00,0.528
TRACE 148918,-27.78,-28.00,0.530
TRACE 150705,-27.73,-28.00,0.532
TRACE 152462,-27.68,-28.00,0.535
TRACE 154227,-27.62,-28.00,0.537
TRACE 155990,-27.57,-27.00,-0.475
TRACE 157776,-27.51,-27.00,-0.473
TRACE 159546,-27.45,-27.00,-0.471
TRACE 161371,-27.40,-27.00,-0.468
TRACE 163151,-27.34,-27.00,-0.466
TRACE 164925,-27.28,-27.00,-0.463
TRACE 166710,-27.22,-27.00,-0.461
TRACE 168490,-27.16,-27.00,0.526
TRACE 170257,-27.10,-27.00,0.528
TRACE 172044,-27.04,-27.00,0.531
TRACE 173810,-26.98,-27.00,0.533
TRACE 184834,-26.58,-26.00,0.482
TRACE 186656,-26.52,-26.00,0.485
TRACE 188416,-26.45,-25.00,-0.499
TRACE 190207,-26.38,-25.00,-0.497
TRACE 191992,-26.31,-25.00,-0.494
TRACE 193772,-26.25,-25.00,-0.491
TRACE 195567,-26.18,-25.00,-0.488
TRACE 197363,-26.10,-25.00,-0.476
TRACE 199164,-26.03,-25.00,-0.473
TRACE 200950,-25.96,-25.00,0.513
TRACE 202733,-25.89,-25.00,0.516
TRACE 204518,-25.82,-25.00,0.519
TRACE 206290,-25.74,-25.00,0.522
TRACE 208063,-25.67,-25.00,0.525
TRACE 209855,-25.60,-25.00,0.528
TRACE 211620,-25.52,-25.00,0.531
TRACE 213405,-25.45,-25.00,0.533
TRACE 215169,-25.37,-25.00,0.536
TRACE 216960,-25.29,-24.00,-0.475
TRACE 218775,-25.21,-24.00,-0.472
TRACE 220547,-25.14,-24.00,-0.469
TRACE 222345,-25.06,-23.00,-0.560
TRACE 224166,-24.97,-23.00,-0.556
TRACE 225954,-24.89,-23.00,-0.553
TRACE 227722,-24.81,-23.00,-0.550
TRACE 229499,-24.73,-23.00,-0.483
TRACE 231279,-24.65,-23.00,-0.480
TRACE 233069,-24.57,-24.00,0.537
TRACE 234831,-24.49,-24.00,0.604
TRACE 236607,-24.40,-24.00,0.607
TRACE 238374,-24.32,-24.00,0.611
TRACE 240142,-24.23,-24.00,0.614
TRACE 241899,-24.15,-23.00,0.523
TRACE 243677,-24.06,-23.00,0.526
TRACE 245500,-23.97,-23.00,0.465
TRACE 247268,-23.89,-23.00,0.468
TRACE 249032,-23.80,-22.50,-0.496
TRACE 250805,-23.71,-22.00,-0.540
TRACE 252599,-23.62,-22.00,-0.536
TRACE 254392,-23.53,-22.00,-0.468
TRACE 256179,-23.44,-21.00,-0.559
TRACE 257969,-23.35,-21.00,-0.556
TRACE 259748,-23.25,-21.50,-0.505
TRACE 261539,-23.16,-22.00,0.497
TRACE 263300,-23.07,-22.00,0.533
TRACE 265062,-22.97,-22.00,0.536
TRACE 266808,-22.88,-22.00,0.540
TRACE 268565,-22.79,-22.00,0.608
TRACE 270328,-22.69,-22.00,0.611
TRACE 272113,-22.60,-21.50,0.535
TRACE 273862,-22.50,-21.00,-0.461
TRACE 275637,-22.40,-21.00,0.462
TRACE 277396,-22.31,-21.00,0.466
TRACE 279190,-22.21,-21.00,0.470
TRACE 280938,-22.11,-21.00,0.473
TRACE 282700,-22.01,-20.00,-0.538
TRACE 284482,-21.91,-20.00,-0.502
TRACE 286257,-21.81,-20.00,-0.466
TRACE 288041,-21.70,-20.00,-0.462
TRACE 289825,-21.60,-20.00,0.462
TRACE 291601,-21.50,-20.00,0.466
TRACE 293359,-21.39,-20.00,0.469
TRACE 295141,-21.29,-20.00,0.538
TRACE 296906,-21.18,-20.00,0.541
TRACE 298671,-21.08,-20.00,0.545
TRACE 300468,-20.97,-20.00,0.539
TRACE 302295,-20.86,-20.00,0.542
TRACE 304118,-20.75,-20.00,0.545
TRACE 305914,-20.65,-19.50,0.502
TRACE 307716,-20.54,-19.00,-0.462
TRACE 309544,-20.43,-19.00,0.462
TRACE 311350,-20.32,-19.00,0.465
TRACE 313183,-20.21,-19.00,0.469
TRACE 314994,-20.10,-19.00,0.472
TRACE 316798,-19.99,-19.00,0.475
TRACE 318606,-19.88,-19.00,0.510
TRACE 320400,-19.78,-18.00,-0.468
TRACE 322220,-19.67,-18.00,-0.465
TRACE 324026,-19.56,-18.00,-0.462
TRACE 325843,-19.45,-18.00,0.461
TRACE 327636,-19.34,-18.00,0.464
TRACE 329462,-19.23,-18.00,0.468
TRACE 331252,-19.12,-18.00,0.471
TRACE 333072,-19.02,-18.00,0.538
TRACE 334886,-18.91,-18.00,0.541
TRACE 336688,-18.80,-18.00,0.544
TRACE 338508,-18.69,-17.00,-0.466
TRACE 340336,-18.58,-17.00,-0.462
TRACE 342233,-18.47,-17.00,0.461
TRACE 344031,-18.36,-17.00,0.465
TRACE 345852,-18.25,-17.00,0.468
TRACE 347646,-18.14,-17.00,0.471
TRACE 349450,-18.03,-16.50,-0.492
TRACE 351284,-17.92,-16.00,-0.472
TRACE 353101,-17.81,-16.00,-0.469
TRACE 354928,-17.70,-16.00,-0.466
TRACE 356765,-17.59,-16.00,-0.463
TRACE 367897,-16.93,-18.00,0.637
TRACE 369709,-16.82,-18.00,0.640
TRACE 371520,-16.71,-18.00,0.661
TRACE 373350,-16.60,-19.00,0.749
TRACE 375175,-16.49,-19.00,0.752
TRACE 376997,-16.38,-19.00,0.755
TRACE 378823,-16.27,-18.50,0.726
TRACE 380642,-16.16,-18.00,0.623
TRACE 382446,-16.05,-18.00,0.626
TRACE 384250,-15.94,-18.00,0.630
TRACE 386078,-15.84,-17.00,0.477
TRACE 387891,-15.73,-17.00,0.480
TRACE 389691,-15.62,-16.50,-0.483
TRACE 391513,-15.51,-16.00,-0.495
TRACE 393326,-15.40,-16.00,-0.460
TRACE 395129,-15.29,-15.00,-0.550
TRACE 396954,-15.18,-15.00,-0.546
TRACE 398787,-15.07,-15.00,-0.480
TRACE 400621,-14.96,-15.00,-0.477
TRACE 402442,-14.85,-15.00,0.478
TRACE 404399,-14.74,-15.00,0.514
TRACE 406203,-14.63,-15.00,0.517
TRACE 408017,-14.52,-15.00,0.582
TRACE 409818,-14.41,-15.00,0.586
TRACE 411632,-14.30,-15.00,0.589
TRACE 413435,-14.19,-15.00,0.592
TRACE 415267,-14.08,-14.50,0.549
TRACE 417087,-13.97,-14.00,0.506
TRACE 418881,-13.87,-14.00,0.509
TRACE 420690,-13.76,-14.00,0.512
TRACE 422498,-13.65,-13.00,-0.498
TRACE 424314,-13.54,-13.00,-0.494
TRACE 426132,-13.43,-13.00,-0.491
TRACE 427993,-13.32,-13.00,0.464
TRACE 429807,-13.21,-13.00,0.499
TRACE 431613,-13.10,-13.00,0.502
TRACE 433429,-12.99,-13.00,0.505
TRACE 435234,-12.89,-12.50,0.525
TRACE 437028,-12.78,-12.00,0.482
TRACE 438850,-12.67,-12.00,0.485
TRACE 440659,-12.56,-12.00,0.488
TRACE 442455,-12.45,-11.00,-0.522
TRACE 444276,-12.34,-11.00,-0.519
TRACE 446094,-12.23,-11.00,-0.515
TRACE 447909,-12.13,-11.00,-0.480
TRACE 449735,-12.02,-11.00,0.475
TRACE 451555,-11.91,-11.00,0.478
TRACE 453372,-11.80,-11.00,0.481
TRACE 455187,-11.69,-11.00,0.547
TRACE 456984,-11.58,-11.00,0.551
TRACE 458786,-11.47,-10.50,0.507
TRACE 460590,-11.36,-10.00,0.464
TRACE 462404,-11.26,-10.00,0.467
TRACE 464220,-11.15,-9.50,-0.496
TRACE 466034,-11.04,-9.00,-0.540
TRACE 467854,-10.93,-9.00,-0.536
TRACE 469684,-10.82,-9.00,-0.533
TRACE 471505,-10.71,-9.00,-0.498
TRACE 473327,-10.60,-9.00,-0.463
TRACE 475155,-10.49,-9.00,0.461
TRACE 476979,-10.38,-9.00,0.495
TRACE 478785,-10.27,-9.00,0.530
TRACE 480590,-10.16,-9.00,0.533
TRACE 482385,-10.06,-8.50,0.490
TRACE 484201,-9.95,-8.00,-0.473
TRACE 486029,-9.84,-8.00,-0.470
TRACE 487852,-9.73,-8.00,-0.467
TRACE 489670,-9.62,-8.00,-0.464
TRACE 491482,-9.51,-8.00,-0.460
TRACE 493342,-9.40,-8.00,0.463
TRACE 495150,-9.29,-8.00,0.498
TRACE 496961,-9.18,-8.50,0.579
TRACE 498762,-9.07,-9.00,0.629
TRACE 500573,-8.97,-9.00,0.622
TRACE 502433,-8.85,-9.00,0.624
TRACE 504298,-8.74,-8.00,0.534
TRACE 506174,-8.63,-8.00,0.537
TRACE 508050,-8.52,-8.00,0.539
TRACE 509935,-8.41,-8.00,0.511
TRACE 511829,-8.30,-7.00,-0.528
TRACE 513723,-8.20,-7.00,-0.524
TRACE 515596,-8.09,-7.00,-0.522
TRACE 517510,-7.98,-6.50,-0.504
TRACE 519417,-7.87,-6.50,-0.501
TRACE 521392,-7.76,-6.50,-0.498
TRACE 523293,-7.66,-7.00,0.470
TRACE 525162,-7.55,-7.00,0.532
TRACE 527026,-7.45,-7.00,0.535
TRACE 528886,-7.35,-7.00,0.537
TRACE 530760,-7.25,-7.00,0.570
TRACE 532634,-7.15,-7.00,0.572
TRACE 534506,-7.05,-7.00,0.575
TRACE 545667,-6.47,-5.00,-0.494
TRACE 547559,-6.37,-5.00,-0.492
TRACE 549456,-6.28,-4.00,-0.555
TRACE 551338,-6.18,-4.00,-0.553
TRACE 553254,-6.09,-4.00,-0.551
TRACE 555149,-6.00,-4.00,-0.548
TRACE 557061,-5.90,-4.00,-0.546
TRACE 558951,-5.81,-4.50,0.467
TRACE 560818,-5.72,-5.00,0.514
TRACE 562710,-5.63,-5.00,0.577
TRACE 564595,-5.54,-5.00,0.579
TRACE 566498,-5.45,-5.00,0.581
TRACE 568401,-5.36,-5.00,0.583
TRACE 570253,-5.28,-5.00,0.585
TRACE 572122,-5.19,-5.00,0.557
TRACE 574002,-5.11,-5.00,0.528
TRACE 575884,-5.02,-4.50,0.485
TRACE 577782,-4.94,-4.00,-0.479
TRACE 579724,-4.85,-4.00,-0.477
TRACE 581662,-4.77,-4.00,-0.475
TRACE 583532,-4.69,-3.50,-0.518
TRACE 585416,-4.60,-3.00,-0.561
TRACE 587290,-4.52,-3.00,-0.560
TRACE 589174,-4.44,-3.00,-0.528
TRACE 591067,-4.37,-3.50,0.469
TRACE 592940,-4.29,-4.00,0.516
TRACE 594818,-4.21,-4.00,0.518
TRACE 596689,-4.13,-4.00,0.550
TRACE 598566,-4.06,-3.00,0.491
TRACE 600415,-3.98,-3.00,0.492
TRACE 602311,-3.91,-3.00,0.494
TRACE 604187,-3.83,-3.00,0.465
TRACE 606043,-3.76,-3.00,-0.484
TRACE 607933,-3.69,-3.00,-0.483
TRACE 609844,-3.62,-2.00,-0.572
TRACE 611768,-3.54,-2.00,-0.509
TRACE 613681,-3.47,-2.00,-0.507
TRACE 615609,-3.40,-2.50,-0.461
TRACE 617498,-3.33,-3.00,0.506
TRACE 619370,-3.26,-3.00,0.507
TRACE 621234,-3.20,-3.00,0.508
TRACE 623107,-3.13,-3.00,0.570
TRACE 624979,-3.06,-3.00,0.572
TRACE 626858,-3.00,-3.00,0.573
TRACE 628712,-2.93,-3.00,0.544
TRACE 630583,-2.87,-3.00,0.515
TRACE 632447,-2.81,-3.00,0.516
TRACE 634294,-2.75,-3.00,0.517
TRACE 636172,-2.68,-3.00,0.518
TRACE 638048,-2.62,-3.00,0.520
TRACE 639924,-2.56,-3.00,0.521
TRACE 641783,-2.50,-2.50,0.476
TRACE 643664,-2.44,-2.00,-0.488
TRACE 645572,-2.38,-2.00,-0.487
TRACE 647495,-2.33,-1.50,-0.531
TRACE 649414,-2.27,-1.00,-0.115
TRACE 651270,-2.21,-1.00,-0.114
TRACE 653122,-2.16,-1.00,-0.113
TRACE 654984,-2.10,-1.00,-0.082
TRACE 656841,-2.05,-1.50,-0.465
TRACE 658804,-1.99,-2.00,0.501
TRACE 660746,-1.94,-2.00,0.532
TRACE 662661,-1.89,-2.00,0.563
TRACE 664581,-1.83,-2.00,0.564
TRACE 666479,-1.78,-2.00,0.564
TRACE 668365,-1.73,-1.50,0.520
TRACE 670287,-1.68,-1.00,-0.014
TRACE 672140,-1.63,-1.00,-0.043
TRACE 673985,-1.59,-1.00,-0.043
TRACE 675841,-1.54,-1.00,-0.042
TRACE 677686,-1.50,-1.00,-0.042
TRACE 679528,-1.45,-1.00,-0.041
TRACE 681386,-1.41,-1.00,-0.010
TRACE 683267,-1.36,-1.00,0.021
TRACE 685127,-1.32,-1.00,0.022
TRACE 686965,-1.28,-0.50,-0.023
TRACE 688823,-1.24,0.00,-0.069
TRACE 690639,-1.20,0.00,-0.068
TRACE 692589,-1.15,0.00,-0.067
TRACE 694398,-1.12,0.00,-0.067
TRACE 696232,-1.08,0.00,-0.067
TRACE 698044,-1.04,0.00,-0.066
TRACE 699877,-1.00,0.00,-0.035
TRACE 701732,-0.97,0.00,-0.004
TRACE 703568,-0.93,0.00,-0.003
TRACE 705418,-0.89,0.00,-0.003
TRACE 716551,-0.70,0.00,-0.001
TRACE 718384,-0.67,0.00,-0.001
TRACE 720230,-0.64,0.00,-0.000
TRACE 722076,-0.61,0.00,-0.000
TRACE 723940,-0.58,0.00,0.000
TRACE 725813,-0.55,0.00,0.000
TRACE 727658,-0.52,0.00,0.000
TRACE 729544,-0.50,0.00,0.000
TRACE 731393,-0.47,0.00,0.001
TRACE 733265,-0.45,0.00,0.001
TRACE 735107,-0.42,0.00,0.001
TRACE 736954,-0.40,0.00,0.001
TRACE 738834,-0.37,0.00,0.001
TRACE 740695,-0.35,0.00,0.001
TRACE 742531,-0.33,0.00,0.001
TRACE 744375,-0.31,0.00,0.001
TRACE 746217,-0.29,0.00,0.001
TRACE 748073,-0.27,0.00,0.001
TRACE 749909,-0.25,0.00,0.001
TRACE 751796,-0.23,0.00,0.000
TRACE 753674,-0.21,0.00,0.000
TRACE 755537,-0.20,0.00,0.000
TRACE 757357,-0.18,0.00,-0.000
TRACE 759211,-0.17,0.00,-0.000
TRACE 761064,-0.15,0.00,-0.001
TRACE 762921,-0.14,0.00,-0.001
TRACE 764765,-0.12,0.00,-0.001
TRACE 766611,-0.11,0.00,-0.001
TRACE 768459,-0.10,0.00,-0.002
TRACE 770300,-0.09,0.00,-0.002
TRACE 772157,-0.08,0.00,-0.002
TRACE 774085,-0.07,0.00,-0.003
TRACE 775932,-0.06,0.00,-0.003
TRACE 777777,-0.05,0.00,-0.003
TRACE 779631,-0.04,0.00,-0.004
TRACE 781486,-0.03,0.00,-0.004
TRACE 783333,-0.03,0.00,-0.005
TRACE 785178,-0.02,0.00,-0.005
TRACE 787038,-0.02,0.00,-0.006
TRACE 788874,-0.01,0.00,-0.006
TRACE 790733,-0.01,0.00,-0.007
TRACE 792593,-0.01,0.00,-0.007
TRACE 794440,-0.00,0.00,-0.008
TRACE 796284,-0.00,0.00,-0.009
TRACE 798119,-0.00,0.00,-0.009
TRACE 799977,-0.00,0.00,-0.010
TRACE 801837,0.00,0.00,0.000
TRACE 803474,0.00,0.00,0.000
TRACE 805066,0.00,0.00,0.000
TRACE 806658,0.00,0.00,0.000
TRACE 808258,0.00,0.00,0.000
TRACE 809847,0.00,0.00,0.000
TRACE 811421,0.00,0.00,0.000
TRACE 813004,0.00,0.00,0.000
TRACE 814588,0.00,0.00,0.000
TRACE 816172,0.00,0.00,0.000
TRACE 817738,0.00,0.00,0.000
TRACE 819324,0.00,0.00,0.000
TRACE 820920,0.00,0.00,0.000
TRACE 822519,0.00,0.00,0.000
TRACE 824107,0.00,0.00,0.000
TRACE 825697,0.00,0.00,0.000
TRACE 827286,0.00,0.00,0.000
TRACE 828867,0.00,0.00,0.000
TRACE 830442,0.00,0.00,0.000
TRACE 832023,0.00,0.00,0.000
TRACE 833622,0.00,0.00,0.000
TRACE 835214,0.00,0.00,0.000
TRACE 836811,0.00,0.00,0.000
TRACE 838394,0.00,0.00,0.000
TRACE 839975,0.00,0.00,0.000
TRACE 841563,0.00,0.00,0.000
TRACE 843144,0.00,0.00,0.000
TRACE 844753,0.00,0.00,0.000
TRACE 846344,0.00,0.00,0.000
TRACE 848021,0.00,0.00,0.000
TRACE 849642,0.00,0.00,0.000
TRACE 851232,0.00,0.00,0.000
TRACE 852829,0.00,0.00,0.000
>>> 
HOST arm.nominal = 0
arm.nominal = 0
>>> 
HOST r = arm.move_to(90, "tuning_kfs046")
r = arm.move_to(90, "tuning_kfs046")
RESULT {"loops": 969, "overshoot": 0.0, "t_reach": 1.6183, "type": "move", "t_settle": 1.6444, "target": 90, "state": "done", "q": null, "tag": "tuning_kfs046", "err": 0.0, "err_rest": 0.0, "ok": true, "max_dt_us": 11167, "t_profile": 1.8, "start": 0.0, "max_track_err": 3.31}
>>> 
HOST arm_test.cmd_trace(arm, [])
arm_test.cmd_trace(arm, [])
TRACE t_us,ref_deg,pos_deg,duty
TRACE 909,0.00,0.00,0.470
TRACE 2896,0.00,0.00,0.471
TRACE 4701,0.00,0.00,0.472
TRACE 6469,0.00,0.00,0.472
TRACE 8243,0.01,0.00,0.473
TRACE 9999,0.01,0.00,0.474
TRACE 11747,0.01,0.00,0.475
TRACE 13507,0.02,0.00,0.475
TRACE 15266,0.02,0.50,-0.491
TRACE 17080,0.03,1.00,-0.538
TRACE 18898,0.04,1.00,-0.536
TRACE 20682,0.04,1.00,-0.536
TRACE 22475,0.05,0.00,0.480
TRACE 24201,0.06,0.00,0.480
TRACE 25999,0.07,0.00,0.481
TRACE 27762,0.08,0.00,0.514
TRACE 29520,0.09,0.00,0.548
TRACE 31262,0.10,0.00,0.549
TRACE 33007,0.11,0.00,0.550
TRACE 34759,0.12,0.00,0.486
TRACE 36503,0.13,0.00,0.487
TRACE 38274,0.15,0.00,0.488
TRACE 40057,0.16,1.00,-0.526
TRACE 41891,0.18,1.00,-0.524
TRACE 43679,0.19,1.00,-0.523
TRACE 45464,0.21,1.00,-0.522
TRACE 47230,0.22,1.00,-0.520
TRACE 49015,0.24,1.00,-0.519
TRACE 50783,0.26,1.00,-0.518
TRACE 52557,0.28,1.00,0.467
TRACE 54329,0.30,0.00,0.563
TRACE 56073,0.31,0.00,0.564
TRACE 57794,0.33,0.00,0.566
TRACE 59547,0.35,0.00,0.567
TRACE 61273,0.38,0.00,0.569
TRACE 63100,0.40,0.00,0.570
TRACE 64836,0.42,0.00,0.571
TRACE 66563,0.44,0.00,0.507
TRACE 68320,0.47,0.00,0.509
TRACE 70053,0.49,1.00,-0.505
TRACE 71823,0.52,1.00,-0.504
TRACE 73620,0.54,1.00,-0.502
TRACE 75408,0.57,1.00,-0.501
TRACE 77193,0.60,1.00,-0.499
TRACE 78984,0.62,1.00,-0.497
TRACE 80777,0.65,1.00,-0.496
TRACE 82542,0.68,1.00,0.490
TRACE 84302,0.71,1.00,0.492
TRACE 86052,0.74,1.00,0.493
TRACE 87830,0.77,1.00,0.495
TRACE 89612,0.80,0.50,0.544
TRACE 91345,0.83,0.50,0.545
TRACE 93107,0.87,1.00,0.500
TRACE 94886,0.90,1.00,0.501
TRACE 96664,0.93,1.00,0.503
TRACE 98434,0.97,1.00,0.505
TRACE 100192,1.00,1.00,0.506
TRACE 101951,1.04,1.00,0.475
TRACE 103730,1.08,1.50,-0.490
TRACE 105525,1.11,2.00,-0.503
TRACE 107309,1.15,2.00,-0.501
TRACE 109081,1.19,2.00,-0.499
TRACE 110882,1.23,2.00,-0.497
TRACE 112663,1.27,2.00,-0.496
TRACE 114463,1.31,2.00,-0.493
TRACE 116241,1.35,2.00,0.460
TRACE 118022,1.39,1.00,0.588
TRACE 119796,1.44,1.00,0.590
TRACE 121560,1.48,1.00,0.592
TRACE 123330,1.52,1.00,0.594
TRACE 125110,1.57,1.00,0.596
TRACE 126877,1.61,1.00,0.598
TRACE 128641,1.65,2.00,0.506
TRACE 130460,1.70,2.00,-0.476
TRACE 132251,1.75,2.00,-0.474
TRACE 134049,1.80,3.00,-0.566
TRACE 135837,1.85,3.00,-0.564
TRACE 137640,1.89,3.00,-0.561
TRACE 139409,1.94,3.00,-0.559
TRACE 141201,1.99,3.00,-0.493
TRACE 142978,2.04,2.50,0.476
TRACE 144733,2.09,2.00,0.525
TRACE 146493,2.15,2.00,0.591
TRACE 148266,2.20,2.00,0.594
TRACE 150038,2.25,2.00,0.596
TRACE 151796,2.30,2.00,0.598
TRACE 153551,2.36,2.00,0.601
TRACE 155330,2.41,2.00,0.571
TRACE 157097,2.47,2.00,0.541
TRACE 158874,2.52,2.00,0.543
TRACE 160683,2.58,2.00,0.545
TRACE 162490,2.64,2.00,0.548
TRACE 164272,2.70,2.50,0.503
TRACE 166042,2.76,3.00,-0.462
TRACE 167809,2.82,3.00,0.461
TRACE 169584,2.88,3.00,0.463
TRACE 171345,2.94,3.00,0.466
TRACE 173114,3.00,4.00,-0.546
TRACE 174890,3.06,4.00,-0.544
TRACE 176685,3.12,4.00,-0.509
TRACE 187783,3.53,3.00,0.553
TRACE 189558,3.59,3.00,0.556
TRACE 191329,3.66,3.00,0.559
TRACE 193103,3.73,3.00,0.561
TRACE 194853,3.80,3.00,0.601
TRACE 196630,3.87,3.00,0.604
TRACE 198417,3.94,3.00,0.606
TRACE 200204,4.01,3.00,0.572
TRACE 201956,4.08,3.00,0.575
TRACE 203723,4.15,4.00,0.483
TRACE 205491,4.22,4.00,0.486
TRACE 207255,4.30,4.00,0.489
TRACE 209034,4.37,5.00,-0.523
TRACE 210847,4.45,5.00,-0.519
TRACE 212664,4.52,5.50,-0.563
TRACE 214446,4.60,6.00,-0.607
TRACE 216240,4.68,6.00,-0.540
TRACE 218016,4.75,6.00,-0.537
TRACE 219827,4.83,6.00,-0.533
TRACE 221606,4.91,5.50,0.500
TRACE 223364,4.99,5.00,0.550
TRACE 225278,5.08,5.00,0.585
TRACE 227053,5.16,5.00,0.620
TRACE 228858,5.24,5.00,0.623
TRACE 230612,5.32,5.00,0.626
TRACE 232373,5.40,5.00,0.629
TRACE 234127,5.48,5.00,0.601
TRACE 235898,5.56,5.00,0.572
TRACE 237661,5.65,5.00,0.575
TRACE 239431,5.73,5.50,0.531
TRACE 241200,5.82,6.00,0.487
TRACE 242961,5.90,6.00,0.490
TRACE 244725,5.99,6.00,0.493
TRACE 246500,6.08,7.00,-0.518
TRACE 248395,6.17,7.00,-0.514
TRACE 250179,6.26,7.00,-0.510
TRACE 251974,6.35,7.00,-0.474
TRACE 253748,6.44,7.00,0.481
TRACE 255520,6.53,7.00,0.484
TRACE 257295,6.62,7.00,0.488
TRACE 259062,6.71,7.00,0.555
TRACE 260863,6.80,7.00,0.558
TRACE 262629,6.90,7.50,0.514
TRACE 264404,6.99,8.00,0.471
TRACE 266172,7.08,8.00,0.474
TRACE 267932,7.18,8.00,0.477
TRACE 269695,7.27,9.00,-0.534
TRACE 271489,7.37,9.00,-0.530
TRACE 273285,7.47,9.00,-0.526
TRACE 275076,7.57,9.00,-0.490
TRACE 276856,7.66,9.00,0.465
TRACE 278605,7.76,9.00,0.469
TRACE 280382,7.86,9.00,0.473
TRACE 282164,7.96,9.00,0.540
TRACE 283925,8.06,9.00,0.544
TRACE 285697,8.16,9.00,0.548
TRACE 287462,8.26,9.00,0.551
TRACE 289242,8.37,10.00,0.461
TRACE 291012,8.47,10.00,0.464
TRACE 292796,8.57,11.00,-0.546
TRACE 294593,8.68,11.00,-0.542
TRACE 296378,8.78,11.00,-0.538
TRACE 298161,8.89,11.00,-0.534
TRACE 299949,9.00,11.00,-0.530
TRACE 301731,9.10,11.00,-0.473
TRACE 303551,9.21,11.00,-0.469
TRACE 305347,9.32,11.00,0.518
TRACE 307181,9.43,11.00,0.521
TRACE 308976,9.54,11.00,0.524
TRACE 310768,9.65,11.00,0.527
TRACE 312573,9.75,11.50,0.484
TRACE 314391,9.86,12.00,-0.479
TRACE 316244,9.97,12.00,-0.476
TRACE 318068,10.08,12.00,-0.472
TRACE 319884,10.19,12.00,-0.469
TRACE 321702,10.30,12.00,-0.466
TRACE 323514,10.41,12.00,-0.462
TRACE 325335,10.52,12.00,0.492
TRACE 327141,10.63,11.00,0.620
TRACE 328949,10.74,11.00,0.623
TRACE 330755,10.85,11.00,0.626
TRACE 332577,10.95,11.00,0.630
TRACE 334368,11.06,11.00,0.633
TRACE 336166,11.17,12.00,0.543
TRACE 337979,11.28,12.00,0.546
TRACE 339798,11.39,12.00,0.486
TRACE 341624,11.50,13.00,-0.523
TRACE 343469,11.61,13.00,-0.520
TRACE 345370,11.72,13.00,-0.515
TRACE 347186,11.83,13.00,-0.512
TRACE 349024,11.94,14.00,-0.538
TRACE 350840,12.05,14.00,-0.535
TRACE 352658,12.16,13.50,-0.486
TRACE 354483,12.27,13.00,0.546
TRACE 356284,12.38,13.00,0.549
TRACE 358096,12.49,13.00,0.553
TRACE 369170,13.15,14.00,0.506
TRACE 370995,13.26,14.00,0.546
TRACE 372839,13.37,14.00,0.549
TRACE 374671,13.48,15.00,0.468
TRACE 376457,13.59,15.00,-0.467
TRACE 378289,13.70,15.00,-0.464
TRACE 380125,13.81,16.00,-0.527
TRACE 381944,13.92,16.00,-0.540
TRACE 383778,14.03,16.00,-0.536
TRACE 385609,14.14,16.00,-0.533
TRACE 387441,14.25,16.00,-0.467
TRACE 389282,14.36,15.50,0.503
TRACE 391106,14.47,15.00,0.552
TRACE 392943,14.58,15.00,0.618
TRACE 394760,14.69,15.00,0.621
TRACE 396574,14.79,15.00,0.624
TRACE 398384,14.90,15.00,0.628
TRACE 400201,15.01,15.00,0.631
TRACE 402010,15.12,15.00,0.603
TRACE 403800,15.23,15.00,0.575
TRACE 405616,15.34,15.00,0.578
TRACE 407460,15.45,16.00,0.488
TRACE 409262,15.56,16.00,0.492
TRACE 411065,15.66,16.00,0.495
TRACE 412873,15.77,17.00,-0.515
TRACE 414682,15.88,17.00,-0.512
TRACE 416493,15.99,17.00,-0.508
TRACE 418322,16.10,17.00,-0.505
TRACE 420143,16.21,17.00,0.481
TRACE 421947,16.32,17.00,0.484
TRACE 423737,16.42,17.00,0.488
TRACE 425535,16.53,17.00,0.554
TRACE 427356,16.64,17.50,0.511
TRACE 429192,16.75,18.00,0.468
TRACE 431007,16.86,18.00,0.471
TRACE 432835,16.97,18.00,0.474
TRACE 434628,17.08,19.00,-0.536
TRACE 436453,17.19,19.00,-0.532
TRACE 438269,17.30,19.00,-0.529
TRACE 440087,17.41,19.00,-0.494
TRACE 441911,17.51,19.00,0.461
TRACE 443719,17.62,19.00,0.464
TRACE 445548,17.73,19.00,0.467
TRACE 447358,17.84,19.00,0.533
TRACE 449167,17.95,19.00,0.537
TRACE 450978,18.06,19.00,0.540
TRACE 452777,18.17,19.00,0.543
TRACE 454577,18.27,19.50,0.500
TRACE 456374,18.38,20.00,-0.464
TRACE 458189,18.49,20.00,-0.461
TRACE 460026,18.60,21.00,-0.550
TRACE 461824,18.71,21.00,-0.547
TRACE 463658,18.82,21.00,-0.544
TRACE 465478,18.93,21.00,-0.540
TRACE 467299,19.04,20.50,0.461
TRACE 469126,19.15,20.00,0.542
TRACE 470932,19.26,20.00,0.546
TRACE 472758,19.37,20.00,0.612
TRACE 474567,19.47,20.00,0.615
TRACE 476368,19.58,20.00,0.618
TRACE 478154,19.69,20.00,0.622
TRACE 479951,19.80,20.00,0.594
TRACE 481747,19.90,20.00,0.565
TRACE 483554,20.01,21.00,0.475
TRACE 485345,20.12,21.00,0.478
TRACE 487165,20.23,21.00,0.481
TRACE 488962,20.34,21.00,0.485
TRACE 490775,20.45,22.00,-0.525
TRACE 492599,20.56,22.00,-0.522
TRACE 494563,20.67,22.00,-0.517
TRACE 496402,20.78,23.00,-0.543
TRACE 498216,20.89,23.00,-0.540
TRACE 500036,21.00,23.00,-0.536
TRACE 501845,21.11,22.50,-0.487
TRACE 503646,21.22,22.00,0.545
TRACE 505457,21.33,22.00,0.548
TRACE 507248,21.43,22.00,0.551
TRACE 509068,21.54,22.00,0.617
TRACE 510867,21.65,21.50,0.667
TRACE 512688,21.76,21.50,0.671
TRACE 514502,21.87,22.00,0.596
TRACE 516303,21.98,22.00,0.567
TRACE 518103,22.09,22.00,0.571
TRACE 519892,22.19,22.00,0.574
TRACE 521700,22.30,22.00,0.577
TRACE 523608,22.42,23.00,-0.464
TRACE 525398,22.52,23.00,-0.461
TRACE 527201,22.63,23.00,0.494
TRACE 529011,22.74,23.50,-0.469
TRACE 530832,22.85,24.00,-0.512
TRACE 532659,22.96,24.00,-0.509
TRACE 534479,23.07,24.00,-0.505
TRACE 536304,23.18,24.00,0.480
TRACE 538117,23.29,24.00,0.484
TRACE 549254,23.96,23.00,0.597
TRACE 551082,24.06,23.50,0.585
TRACE 552889,24.17,24.00,0.573
TRACE 554720,24.28,24.00,0.576
TRACE 556539,24.39,24.00,0.580
TRACE 558376,24.50,24.00,0.583
TRACE 560207,24.61,24.00,0.586
TRACE 562027,24.72,25.00,-0.486
TRACE 563880,24.83,25.00,0.469
TRACE 565679,24.94,25.00,0.504
TRACE 567499,25.05,26.00,-0.506
TRACE 569306,25.16,26.00,-0.503
TRACE 571135,25.27,26.00,-0.499
TRACE 572964,25.38,26.00,-0.496
TRACE 574791,25.49,26.50,-0.476
TRACE 576620,25.60,27.00,-0.520
TRACE 578436,25.71,27.00,-0.516
TRACE 580272,25.82,27.00,0.470
TRACE 582098,25.93,26.50,0.520
TRACE 583908,26.03,26.50,0.523
TRACE 585842,26.15,26.50,0.526
TRACE 587673,26.26,27.00,0.515
TRACE 589475,26.37,27.00,0.549
TRACE 591271,26.48,27.00,0.552
TRACE 593051,26.58,27.00,0.555
TRACE 594873,26.69,27.00,0.527
TRACE 596666,26.80,27.00,0.531
TRACE 598477,26.91,28.00,-0.480
TRACE 600302,27.02,28.00,0.475
TRACE 602094,27.13,28.00,0.478
TRACE 603909,27.23,29.00,-0.532
TRACE 605748,27.34,29.00,-0.528
TRACE 607661,27.46,29.00,-0.523
TRACE 609492,27.57,29.00,-0.520
TRACE 611313,27.68,29.00,0.466
TRACE 613149,27.79,29.00,0.469
TRACE 614965,27.90,29.00,0.473
TRACE 616781,28.01,29.00,0.538
TRACE 618576,28.11,29.00,0.541
TRACE 620407,28.22,29.00,0.545
TRACE 622202,28.33,29.00,0.548
TRACE 624013,28.44,29.50,0.505
TRACE 625818,28.55,30.00,0.461
TRACE 627610,28.66,30.00,0.464
TRACE 629425,28.77,31.00,-0.546
TRACE 631256,28.88,31.00,-0.542
TRACE 633095,28.99,31.00,-0.539
TRACE 634910,29.09,31.00,-0.535
TRACE 636739,29.20,31.00,-0.500
TRACE 638554,29.31,31.50,-0.512
TRACE 640375,29.42,31.50,-0.508
TRACE 642197,29.53,31.50,0.478
TRACE 643997,29.64,31.00,0.527
TRACE 645804,29.75,31.00,0.530
TRACE 647597,29.86,31.50,0.487
TRACE 649387,29.96,32.00,-0.476
TRACE 651195,30.07,32.00,0.479
TRACE 653032,30.18,32.00,0.482
TRACE 654845,30.29,32.00,0.485
TRACE 656647,30.40,32.00,-0.463
TRACE 658463,30.51,32.00,0.460
TRACE 660279,30.62,32.00,0.495
TRACE 662069,30.72,32.00,0.530
TRACE 663888,30.83,32.00,0.533
TRACE 665688,30.94,32.00,0.536
TRACE 667501,31.05,32.00,0.540
TRACE 669299,31.16,32.00,0.543
TRACE 671099,31.27,32.00,0.546
TRACE 672944,31.38,32.00,0.549
TRACE 674779,31.49,32.50,0.506
TRACE 676582,31.59,33.00,0.463
TRACE 678397,31.70,33.00,0.466
TRACE 680207,31.81,33.00,0.469
TRACE 682020,31.92,33.50,-0.494
TRACE 683857,32.03,34.00,-0.536
TRACE 685672,32.14,34.00,-0.533
TRACE 687503,32.25,34.00,-0.499
TRACE 689327,32.36,34.00,-0.464
TRACE 691151,32.47,34.00,-0.461
TRACE 692955,32.58,34.00,0.463
TRACE 694780,32.69,34.00,0.497
TRACE 696591,32.80,34.00,0.532
TRACE 698404,32.90,34.00,0.535
TRACE 700208,33.01,34.00,0.538
TRACE 702026,33.12,34.00,0.542
TRACE 703844,33.23,34.00,0.545
TRACE 705661,33.34,34.00,0.548
TRACE 707462,33.45,34.50,0.505
TRACE 709282,33.56,35.00,0.462
TRACE 711103,33.67,35.00,0.465
TRACE 712894,33.77,35.00,0.468
TRACE 714705,33.88,36.00,-0.542
TRACE 716515,33.99,36.00,-0.539
TRACE 727603,34.66,37.00,-0.532
TRACE 729434,34.77,37.00,-0.510
TRACE 731252,34.88,36.00,0.498
TRACE 733054,34.98,36.00,0.501
TRACE 734866,35.09,36.00,0.504
TRACE 736683,35.20,36.00,0.544
TRACE 738486,35.31,36.00,0.547
TRACE 740311,35.42,36.00,0.614
TRACE 742135,35.53,36.00,0.617
TRACE 743948,35.64,37.00,0.464
TRACE 745769,35.75,37.00,0.467
TRACE 747573,35.85,37.00,0.471
TRACE 749384,35.96,37.50,-0.493
TRACE 751250,36.08,38.00,-0.535
TRACE 753062,36.18,38.00,-0.532
TRACE 754882,36.29,39.00,-0.621
TRACE 756707,36.40,39.00,-0.555
TRACE 758552,36.51,39.00,-0.552
TRACE 760412,36.62,39.00,-0.548
TRACE 762243,36.73,38.50,-0.467
TRACE 764052,36.84,38.00,0.533
TRACE 765893,36.95,38.00,0.537
TRACE 767694,37.06,38.00,0.602
TRACE 769502,37.17,38.00,0.606
TRACE 771319,37.28,38.00,0.609
TRACE 773105,37.39,38.00,0.613
TRACE 774902,37.49,38.00,0.584
TRACE 776713,37.60,39.00,0.463
TRACE 778532,37.71,39.00,0.466
TRACE 780359,37.82,39.00,0.469
TRACE 782164,37.93,39.50,-0.494
TRACE 783992,38.04,40.00,-0.537
TRACE 785810,38.15,40.00,-0.533
TRACE 787651,38.26,41.00,-0.622
TRACE 789487,38.37,41.00,-0.556
TRACE 791322,38.48,41.00,-0.553
TRACE 793153,38.59,41.00,-0.549
TRACE 794977,38.70,40.50,-0.468
TRACE 796812,38.81,40.00,0.532
TRACE 798621,38.92,40.00,0.536
TRACE 800441,39.03,39.50,0.648
TRACE 802235,39.13,39.00,0.698
TRACE 804047,39.24,39.00,0.701
TRACE 805847,39.35,39.50,0.658
TRACE 807654,39.46,40.00,0.583
TRACE 809459,39.57,40.00,0.555
TRACE 811249,39.67,41.00,0.465
TRACE 813054,39.78,41.00,-0.484
TRACE 814885,39.89,41.00,-0.512
TRACE 816717,40.00,41.50,-0.555
TRACE 818533,40.11,42.00,-0.566
TRACE 820353,40.22,42.00,-0.531
TRACE 822154,40.33,42.00,-0.528
TRACE 823979,40.44,42.00,-0.462
TRACE 825815,40.55,42.00,0.462
TRACE 827633,40.66,41.50,0.511
TRACE 829438,40.77,41.00,0.592
TRACE 831255,40.88,41.00,0.627
TRACE 833060,40.98,41.00,0.630
TRACE 834864,41.09,41.50,0.587
TRACE 836669,41.20,42.00,0.544
TRACE 838479,41.31,42.00,0.547
TRACE 840297,41.42,42.00,0.519
TRACE 842099,41.53,42.50,-0.476
TRACE 843914,41.63,43.00,-0.519
TRACE 845739,41.74,43.00,-0.516
TRACE 847570,41.85,43.00,-0.481
TRACE 849398,41.96,43.00,0.474
TRACE 851204,42.07,43.50,-0.489
TRACE 853056,42.18,43.50,-0.486
TRACE 854885,42.29,43.50,0.469
TRACE 856697,42.40,43.00,0.550
TRACE 858518,42.51,43.00,0.553
TRACE 860322,42.62,43.00,0.557
TRACE 862120,42.73,43.00,0.560
TRACE 863927,42.84,43.00,0.595
TRACE 865728,42.94,43.00,0.598
TRACE 867527,43.05,43.50,0.555
TRACE 869337,43.16,44.00,0.480
TRACE 871148,43.27,44.00,0.483
TRACE 872969,43.38,44.00,0.486
TRACE 874784,43.49,44.00,0.489
TRACE 876587,43.60,45.00,-0.521
TRACE 878418,43.71,45.00,-0.517
TRACE 880249,43.81,45.00,-0.482
TRACE 882178,43.93,45.00,0.474
TRACE 883982,44.04,45.00,0.477
TRACE 885792,44.15,45.00,0.480
TRACE 887589,44.26,45.00,0.483
TRACE 889395,44.36,45.50,0.503
TRACE 891191,44.47,45.50,0.506
TRACE 893008,44.58,46.00,0.463
TRACE 894832,44.69,46.00,0.465
TRACE 896642,44.80,46.00,0.469
TRACE 907756,45.47,48.00,-0.537
TRACE 909593,45.58,48.50,-0.567
TRACE 911428,45.69,49.00,-0.579
TRACE 913274,45.80,49.00,-0.575
TRACE 915116,45.91,49.00,-0.553
TRACE 916935,46.02,49.00,-0.550
TRACE 918789,46.13,49.00,-0.547
TRACE 920620,46.24,49.00,-0.497
TRACE 922441,46.35,48.50,0.503
TRACE 924234,46.45,48.00,0.584
TRACE 926040,46.56,48.00,0.588
TRACE 927850,46.67,48.00,0.591
TRACE 929698,46.78,48.00,0.594
TRACE 931511,46.89,48.00,0.598
TRACE 933316,47.00,48.00,0.601
TRACE 935116,47.11,49.00,0.480
TRACE 936912,47.21,49.00,-0.469
TRACE 938753,47.33,49.00,-0.465
TRACE 940585,47.44,49.00,-0.462
TRACE 942389,47.54,49.50,-0.505
TRACE 944347,47.66,50.00,-0.547
TRACE 946176,47.77,50.00,-0.543
TRACE 948012,47.88,50.00,-0.478
TRACE 949826,47.99,50.00,-0.474
TRACE 951636,48.10,50.00,-0.471
TRACE 953454,48.21,50.00,-0.468
TRACE 955300,48.32,50.00,0.487
TRACE 957106,48.43,49.50,0.567
TRACE 958920,48.54,49.50,0.570
TRACE 960716,48.64,50.00,0.527
TRACE 962518,48.75,50.00,0.531
TRACE 964315,48.86,50.00,0.534
TRACE 966145,48.97,50.00,0.537
TRACE 967955,49.08,51.00,-0.473
TRACE 969789,49.19,51.00,-0.501
TRACE 971609,49.30,51.00,-0.498
TRACE 973413,49.40,51.00,-0.463
TRACE 975236,49.51,51.00,0.461
TRACE 977048,49.62,51.00,0.464
TRACE 978877,49.73,51.00,0.467
TRACE 980683,49.84,51.00,0.533
TRACE 982489,49.95,51.50,0.490
TRACE 984279,50.06,52.00,-0.473
TRACE 986082,50.16,52.00,-0.470
TRACE 987921,50.28,52.00,-0.467
TRACE 989726,50.38,52.00,-0.464
TRACE 991541,50.49,52.00,-0.460
TRACE 993373,50.60,52.00,0.463
TRACE 995187,50.71,52.00,0.498
TRACE 996996,50.82,52.00,0.533
TRACE 998817,50.93,51.50,0.582
TRACE 1000616,51.04,51.00,0.632
TRACE 1002416,51.14,51.50,0.589
TRACE 1004224,51.25,52.00,0.546
TRACE 1006050,51.36,52.00,0.549
TRACE 1007861,51.47,52.00,0.552
TRACE 1009683,51.58,52.00,0.555
TRACE 1011498,51.69,53.00,-0.486
TRACE 1013327,51.80,53.00,-0.514
TRACE 1015145,51.91,53.00,-0.479
TRACE 1016967,52.02,53.00,0.476
TRACE 1018783,52.13,53.00,0.479
TRACE 1020594,52.24,53.50,-0.484
TRACE 1022421,52.35,54.00,-0.527
TRACE 1024238,52.45,54.00,-0.461
TRACE 1026064,52.56,53.50,0.509
TRACE 1027875,52.67,53.50,0.512
TRACE 1029690,52.78,53.00,0.561
TRACE 1031630,52.90,53.00,0.565
TRACE 1033419,53.01,53.00,0.599
TRACE 1035230,53.11,53.00,0.634
TRACE 1037051,53.22,53.00,0.637
TRACE 1038838,53.33,53.50,0.563
TRACE 1040631,53.44,54.00,0.520
TRACE 1042431,53.55,54.00,0.492
TRACE 1044239,53.65,54.00,0.494
TRACE 1046040,53.76,54.00,0.497
TRACE 1047838,53.87,55.00,-0.513
TRACE 1049682,53.98,55.00,-0.509
TRACE 1051475,54.09,55.00,-0.474
TRACE 1053292,54.20,55.00,0.481
TRACE 1055106,54.31,55.00,0.484
TRACE 1056910,54.41,55.00,0.487
TRACE 1058721,54.52,55.00,0.491
TRACE 1060589,54.64,55.50,0.511
TRACE 1062403,54.74,56.00,0.467
TRACE 1064218,54.85,56.00,0.471
TRACE 1066031,54.96,56.00,0.474
TRACE 1067851,55.07,56.00,0.477
TRACE 1069651,55.18,57.00,-0.532
TRACE 1071490,55.29,57.00,-0.529
TRACE 1073311,55.40,57.00,-0.494
TRACE 1075137,55.51,57.00,0.460
TRACE 1086239,56.17,56.00,0.573
TRACE 1088052,56.28,56.00,0.576
TRACE 1089867,56.39,56.00,0.580
TRACE 1091653,56.50,56.00,0.619
TRACE 1093462,56.61,56.00,0.623
TRACE 1095290,56.72,56.00,0.626
TRACE 1097083,56.82,57.00,0.563
TRACE 1098888,56.93,57.00,0.503
TRACE 1100699,57.04,57.00,0.506
TRACE 1102511,57.15,58.00,-0.504
TRACE 1104318,57.26,58.00,-0.501
TRACE 1106173,57.37,59.00,-0.590
TRACE 1107998,57.48,59.00,-0.586
TRACE 1109815,57.59,59.00,-0.520
TRACE 1111640,57.70,59.00,-0.517
TRACE 1113462,57.81,59.00,-0.513
TRACE 1115308,57.92,59.00,0.473
TRACE 1117154,58.03,58.00,0.569
TRACE 1118965,58.14,58.00,0.635
TRACE 1120761,58.25,58.00,0.638
TRACE 1122640,58.36,58.00,0.641
TRACE 1124464,58.47,58.00,0.644
TRACE 1126241,58.57,58.00,0.648
TRACE 1128036,58.68,59.00,0.558
TRACE 1129854,58.79,59.00,0.499
TRACE 1131658,58.90,59.00,0.502
TRACE 1133468,59.01,59.00,0.505
TRACE 1135282,59.12,60.00,-0.505
TRACE 1137106,59.23,60.00,-0.502
TRACE 1138936,59.34,61.00,-0.591
TRACE 1140755,59.45,61.00,-0.524
TRACE 1142592,59.56,61.00,-0.521
TRACE 1144468,59.67,61.00,-0.517
TRACE 1146296,59.78,61.00,-0.513
TRACE 1148121,59.89,61.00,0.472
TRACE 1149947,60.00,60.00,0.568
TRACE 1151730,60.10,60.00,0.634
TRACE 1153540,60.21,60.00,0.637
TRACE 1155350,60.32,60.00,0.640
TRACE 1157135,60.43,60.00,0.644
TRACE 1158934,60.54,60.00,0.647
TRACE 1160748,60.64,60.00,0.651
TRACE 1162571,60.75,60.00,0.591
TRACE 1164370,60.86,61.00,0.501
TRACE 1166180,60.97,61.00,0.504
TRACE 1167990,61.08,61.00,0.507
TRACE 1169796,61.19,61.00,0.510
TRACE 1171589,61.30,62.00,-0.500
TRACE 1173410,61.40,62.00,-0.496
TRACE 1175219,61.51,63.00,-0.586
TRACE 1177033,61.62,63.00,-0.520
TRACE 1178863,61.73,63.00,-0.516
TRACE 1180674,61.84,63.00,-0.513
TRACE 1182509,61.95,63.00,-0.509
TRACE 1184338,62.06,63.00,0.477
TRACE 1186137,62.17,63.00,0.480
TRACE 1187948,62.28,63.00,0.546
TRACE 1189761,62.39,63.00,0.550
TRACE 1191555,62.49,63.00,0.553
TRACE 1193364,62.60,63.00,0.556
TRACE 1195189,62.71,63.50,0.513
TRACE 1197013,62.82,64.00,0.470
TRACE 1198819,62.93,64.00,0.473
TRACE 1200622,63.04,64.00,0.476
TRACE 1202431,63.15,65.00,-0.534
TRACE 1204257,63.26,65.00,-0.530
TRACE 1206040,63.36,65.00,-0.527
TRACE 1207866,63.47,66.00,-0.586
TRACE 1209680,63.58,66.00,-0.551
TRACE 1211534,63.69,66.00,-0.547
TRACE 1213358,63.80,65.50,-0.497
TRACE 1215179,63.91,65.00,0.535
TRACE 1216995,64.02,65.00,0.539
TRACE 1218796,64.13,65.00,0.542
TRACE 1220606,64.24,65.00,0.608
TRACE 1222416,64.34,65.00,0.611
TRACE 1224224,64.45,65.00,0.615
TRACE 1226035,64.56,65.00,0.586
TRACE 1227843,64.67,65.00,0.558
TRACE 1229651,64.78,65.00,0.561
TRACE 1231480,64.89,66.00,0.472
TRACE 1233276,65.00,66.00,0.475
TRACE 1235097,65.11,66.00,0.478
TRACE 1236896,65.21,67.00,-0.532
TRACE 1238716,65.32,67.00,-0.528
TRACE 1240644,65.44,67.00,-0.524
TRACE 1242480,65.55,67.00,-0.520
TRACE 1244313,65.66,67.50,-0.501
TRACE 1246124,65.77,67.50,-0.497
TRACE 1247942,65.88,67.00,0.472
TRACE 1249757,65.99,67.00,0.538
TRACE 1251580,66.09,67.00,0.541
TRACE 1253391,66.20,67.00,0.544
TRACE 1255191,66.31,67.00,0.547
TRACE 1266291,66.98,67.00,0.586
TRACE 1268100,67.09,67.00,0.589
TRACE 1269901,67.19,67.50,0.541
TRACE 1271702,67.30,68.00,0.511
TRACE 1273517,67.41,68.00,0.514
TRACE 1275342,67.52,69.00,-0.469
TRACE 1277182,67.63,69.00,-0.466
TRACE 1279023,67.74,69.00,-0.515
TRACE 1280834,67.85,69.00,-0.512
TRACE 1282675,67.96,69.50,-0.523
TRACE 1284518,68.07,69.50,-0.489
TRACE 1286337,68.18,70.00,-0.531
TRACE 1288184,68.29,70.00,-0.466
TRACE 1290014,68.40,70.00,-0.462
TRACE 1291876,68.51,69.50,0.507
TRACE 1293699,68.62,69.50,0.511
TRACE 1295521,68.73,69.50,0.545
TRACE 1297335,68.84,70.00,0.502
TRACE 1299146,68.95,70.00,0.536
TRACE 1300948,69.06,70.00,0.540
TRACE 1302876,69.17,70.00,0.543
TRACE 1304682,69.28,71.00,-0.497
TRACE 1306523,69.39,71.00,-0.494
TRACE 1308317,69.50,71.00,-0.491
TRACE 1310156,69.61,71.00,0.464
TRACE 1311958,69.72,71.00,0.467
TRACE 1313769,69.83,71.00,0.470
TRACE 1315592,69.94,71.50,-0.493
TRACE 1317424,70.05,72.00,-0.473
TRACE 1319239,70.15,72.00,-0.470
TRACE 1321069,70.26,72.00,-0.467
TRACE 1322883,70.37,72.00,-0.464
TRACE 1324746,70.48,72.00,-0.460
TRACE 1326560,70.59,71.50,0.510
TRACE 1328362,70.70,71.00,0.590
TRACE 1330177,70.81,71.00,0.625
TRACE 1331975,70.92,71.00,0.628
TRACE 1333812,71.03,71.00,0.632
TRACE 1335612,71.14,71.50,0.589
TRACE 1337402,71.24,72.00,0.545
TRACE 1339227,71.35,72.00,0.517
TRACE 1341040,71.46,72.00,0.489
TRACE 1342863,71.57,73.00,-0.521
TRACE 1344690,71.68,73.00,-0.517
TRACE 1346488,71.79,73.00,-0.515
TRACE 1348301,71.90,73.50,-0.526
TRACE 1350136,72.01,74.00,-0.537
TRACE 1351969,72.12,74.00,-0.534
TRACE 1353791,72.23,74.00,-0.531
TRACE 1355597,72.34,73.00,0.548
TRACE 1357410,72.44,73.00,0.551
TRACE 1359212,72.55,73.00,0.555
TRACE 1361013,72.66,73.00,0.589
TRACE 1362813,72.77,73.00,0.624
TRACE 1364632,72.88,73.00,0.628
TRACE 1366419,72.99,73.00,0.631
TRACE 1368240,73.09,73.50,0.524
TRACE 1370058,73.20,74.00,0.481
TRACE 1371858,73.31,74.00,0.484
TRACE 1373672,73.42,74.00,0.487
TRACE 1375469,73.53,75.00,-0.523
TRACE 1377293,73.64,75.00,-0.519
TRACE 1379108,73.75,75.00,-0.516
TRACE 1380925,73.86,76.00,-0.574
TRACE 1382746,73.96,76.00,-0.539
TRACE 1384549,74.07,76.00,-0.536
TRACE 1386375,74.18,75.50,-0.486
TRACE 1388212,74.29,75.00,0.547
TRACE 1390110,74.41,75.00,0.550
TRACE 1391917,74.52,75.00,0.553
TRACE 1393717,74.62,75.00,0.619
TRACE 1395529,74.73,75.00,0.623
TRACE 1397334,74.84,75.00,0.626
TRACE 1399144,74.95,75.00,0.598
TRACE 1400938,75.06,75.00,0.570
TRACE 1402735,75.16,75.00,0.573
TRACE 1404529,75.27,76.00,0.483
TRACE 1406372,75.38,76.00,0.486
TRACE 1408181,75.49,76.00,0.489
TRACE 1409991,75.60,77.00,-0.520
TRACE 1411816,75.71,77.00,-0.517
TRACE 1413638,75.82,77.00,-0.513
TRACE 1415469,75.93,78.00,-0.603
TRACE 1417274,76.04,78.00,-0.536
TRACE 1419195,76.15,78.00,-0.532
TRACE 1421011,76.26,78.00,-0.529
TRACE 1422837,76.37,77.50,0.503
TRACE 1424673,76.48,77.00,0.552
TRACE 1426469,76.59,77.00,0.556
TRACE 1428271,76.70,77.00,0.621
TRACE 1430094,76.81,77.00,0.625
TRACE 1431902,76.91,77.00,0.628
TRACE 1433729,77.02,77.00,0.632
TRACE 1444818,77.69,79.00,0.474
TRACE 1446645,77.80,79.00,-0.461
TRACE 1448465,77.91,80.00,-0.524
TRACE 1450300,78.02,80.00,-0.520
TRACE 1452134,78.13,81.00,-0.583
TRACE 1453961,78.24,81.00,-0.580
TRACE 1455787,78.35,81.00,-0.577
TRACE 1457627,78.46,81.00,-0.553
TRACE 1459458,78.57,81.00,-0.550
TRACE 1461272,78.68,80.50,0.482
TRACE 1463079,78.78,80.00,0.532
TRACE 1464900,78.89,80.00,0.597
TRACE 1466701,79.00,80.00,0.601
TRACE 1468522,79.11,80.00,0.604
TRACE 1470339,79.22,80.00,0.608
TRACE 1472149,79.33,80.00,0.611
TRACE 1473941,79.44,80.00,0.583
TRACE 1475774,79.55,80.00,0.554
TRACE 1477570,79.65,81.00,0.464
TRACE 1479358,79.76,81.00,0.468
TRACE 1481304,79.88,81.00,0.472
TRACE 1483137,79.99,81.50,-0.491
TRACE 1484951,80.10,82.00,-0.534
TRACE 1486787,80.21,82.00,-0.530
TRACE 1488619,80.32,82.50,-0.573
TRACE 1490440,80.43,83.00,-0.554
TRACE 1492247,80.53,82.50,-0.504
TRACE 1494081,80.64,82.00,0.465
TRACE 1495875,80.75,82.00,0.499
TRACE 1497681,80.86,82.00,0.534
TRACE 1499491,80.97,82.00,0.537
TRACE 1501323,81.08,82.00,0.561
TRACE 1503308,81.20,82.00,0.595
TRACE 1505186,81.31,82.00,0.566
TRACE 1507083,81.42,82.00,0.538
TRACE 1508940,81.53,82.00,0.541
TRACE 1510818,81.64,82.00,0.543
TRACE 1512709,81.75,82.00,0.546
TRACE 1514602,81.85,82.00,0.548
TRACE 1516466,81.96,83.00,0.460
TRACE 1518355,82.07,83.00,0.463
TRACE 1520243,82.17,83.00,0.465
TRACE 1522104,82.28,83.00,0.468
TRACE 1523971,82.38,84.00,-0.541
TRACE 1525876,82.49,84.00,-0.538
TRACE 1527760,82.59,84.50,-0.581
TRACE 1529652,82.69,85.00,-0.563
TRACE 1531533,82.79,85.00,-0.561
TRACE 1533428,82.89,85.00,-0.559
TRACE 1535314,82.99,85.00,-0.556
TRACE 1537202,83.09,85.00,-0.493
TRACE 1539097,83.19,85.00,-0.491
TRACE 1540991,83.29,85.00,0.462
TRACE 1542878,83.39,85.00,0.494
TRACE 1544753,83.48,85.00,0.496
TRACE 1546616,83.58,85.00,0.499
TRACE 1548493,83.67,85.00,0.501
TRACE 1550361,83.77,85.00,0.503
TRACE 1552243,83.86,85.00,0.505
TRACE 1554132,83.95,85.50,0.462
TRACE 1555984,84.05,86.00,-0.502
TRACE 1557888,84.14,86.00,-0.500
TRACE 1559784,84.23,86.00,-0.497
TRACE 1561669,84.32,87.00,-0.586
TRACE 1563550,84.41,87.00,-0.584
TRACE 1565530,84.50,87.00,-0.581
TRACE 1567412,84.59,87.00,-0.549
TRACE 1569297,84.68,87.00,-0.517
TRACE 1571201,84.77,86.50,-0.470
TRACE 1573084,84.85,86.00,0.497
TRACE 1574961,84.94,86.00,0.559
TRACE 1576836,85.02,86.00,0.561
TRACE 1578718,85.10,86.00,0.563
TRACE 1580578,85.19,86.00,0.565
TRACE 1582447,85.27,87.00,0.476
TRACE 1584316,85.35,87.00,-0.472
TRACE 1586210,85.43,87.00,-0.501
TRACE 1588125,85.51,87.00,-0.499
TRACE 1590017,85.59,87.00,-0.497
TRACE 1591908,85.67,87.00,-0.496
TRACE 1593921,85.75,87.00,-0.493
TRACE 1595837,85.83,87.00,0.488
TRACE 1597726,85.91,87.00,0.490
TRACE 1599594,85.98,87.00,0.492
TRACE 1601470,86.06,86.00,0.583
TRACE 1603337,86.13,86.00,0.585
TRACE 1605213,86.21,86.50,0.541
TRACE 1607085,86.28,87.00,0.498
TRACE 1618252,86.70,88.00,-0.479
TRACE 1620211,86.77,89.00,-0.083
TRACE 1622075,86.83,89.00,-0.082
TRACE 1623949,86.90,89.00,-0.116
TRACE 1625802,86.97,89.00,-0.115
TRACE 1627660,87.03,89.00,-0.096
TRACE 1629530,87.09,89.00,-0.077
TRACE 1631409,87.16,89.50,-0.111
TRACE 1633264,87.22,90.00,-0.095
TRACE 1635130,87.28,90.00,-0.093
TRACE 1636990,87.34,90.00,-0.092
TRACE 1638848,87.40,90.00,-0.091
TRACE 1640707,87.46,90.00,-0.090
TRACE 1642555,87.52,90.00,-0.089
TRACE 1644424,87.58,90.00,-0.057
TRACE 1646305,87.64,90.00,-0.026
TRACE 1648179,87.70,90.00,-0.024
TRACE 1650050,87.75,90.00,-0.023
TRACE 1651915,87.81,90.00,-0.022
TRACE 1653824,87.86,90.00,-0.021
TRACE 1655674,87.92,90.00,-0.021
TRACE 1657555,87.97,90.00,-0.020
TRACE 1659389,88.02,90.00,-0.019
TRACE 1661253,88.07,90.00,-0.018
TRACE 1663116,88.13,90.00,-0.017
TRACE 1664990,88.18,90.00,-0.016
TRACE 1666873,88.23,90.00,-0.015
TRACE 1668761,88.28,90.00,-0.014
TRACE 1670630,88.33,90.00,-0.014
TRACE 1672498,88.37,90.00,-0.013
TRACE 1674402,88.42,90.00,-0.012
TRACE 1676263,88.47,90.00,-0.011
TRACE 1678163,88.52,90.00,-0.011
TRACE 1680056,88.56,90.00,-0.010
TRACE 1681939,88.61,90.00,-0.009
TRACE 1683821,88.65,90.00,-0.009
TRACE 1685706,88.69,90.00,-0.008
TRACE 1687604,88.74,90.00,-0.007
TRACE 1689484,88.78,90.00,-0.007
TRACE 1691370,88.82,90.00,-0.006
TRACE 1693248,88.86,90.00,-0.006
TRACE 1695117,88.90,90.00,-0.005
TRACE 1696998,88.94,90.00,-0.005
TRACE 1698869,88.98,90.00,-0.004
TRACE 1700744,89.01,90.00,-0.004
TRACE 1702627,89.05,90.00,-0.003
TRACE 1704493,89.09,90.00,-0.003
TRACE 1706382,89.12,90.00,-0.003
TRACE 1708260,89.16,90.00,-0.002
TRACE 1710139,89.19,90.00,-0.002
TRACE 1712022,89.23,90.00,-0.002
TRACE 1713888,89.26,90.00,-0.001
TRACE 1715760,89.29,90.00,-0.001
TRACE 1717641,89.32,90.00,-0.001
TRACE 1719536,89.35,90.00,-0.000
TRACE 1721402,89.38,90.00,-0.000
TRACE 1723286,89.41,90.00,-0.000
TRACE 1725159,89.44,90.00,0.000
TRACE 1727028,89.47,90.00,0.000
TRACE 1728882,89.49,90.00,0.000
TRACE 1730734,89.52,90.00,0.001
TRACE 1732618,89.55,90.00,0.001
TRACE 1734494,89.57,90.00,0.001
TRACE 1736483,89.60,90.00,0.001
TRACE 1738343,89.62,90.00,0.001
TRACE 1740193,89.64,90.00,0.001
TRACE 1742070,89.66,90.00,0.001
TRACE 1743939,89.69,90.00,0.001
TRACE 1745820,89.71,90.00,0.001
TRACE 1747693,89.73,90.00,0.001
TRACE 1749579,89.75,90.00,0.001
TRACE 1751445,89.76,90.00,0.000
TRACE 1753315,89.78,90.00,0.000
TRACE 1755194,89.80,90.00,0.000
TRACE 1757050,89.82,90.00,-0.000
TRACE 1758929,89.83,90.00,-0.000
TRACE 1760796,89.85,90.00,-0.000
TRACE 1762675,89.86,90.00,-0.001
TRACE 1764629,89.87,90.00,-0.001
TRACE 1766513,89.89,90.00,-0.001
TRACE 1768404,89.90,90.00,-0.002
TRACE 1770306,89.91,90.00,-0.002
TRACE 1772173,89.92,90.00,-0.002
TRACE 1774045,89.93,90.00,-0.003
TRACE 1775923,89.94,90.00,-0.003
TRACE 1777815,89.95,90.00,-0.003
TRACE 1788950,89.99,90.00,-0.006
TRACE 1790843,89.99,90.00,-0.007
TRACE 1792734,89.99,90.00,-0.008
TRACE 1794635,90.00,90.00,-0.008
TRACE 1796519,90.00,90.00,-0.009
TRACE 1798411,90.00,90.00,-0.009
TRACE 1800302,90.00,90.00,0.000
TRACE 1801984,90.00,90.00,0.000
TRACE 1803615,90.00,90.00,0.000
TRACE 1805244,90.00,90.00,0.000
TRACE 1806876,90.00,90.00,0.000
TRACE 1808527,90.00,90.00,0.000
TRACE 1810177,90.00,90.00,0.000
TRACE 1811803,90.00,90.00,0.000
TRACE 1813438,90.00,90.00,0.000
TRACE 1815082,90.00,90.00,0.000
TRACE 1816716,90.00,90.00,0.000
TRACE 1818317,90.00,90.00,0.000
TRACE 1819959,90.00,90.00,0.000
TRACE 1821593,90.00,90.00,0.000
TRACE 1823209,90.00,90.00,0.000
TRACE 1824839,90.00,90.00,0.000
TRACE 1826455,90.00,90.00,0.000
TRACE 1828086,90.00,90.00,0.000
TRACE 1829714,90.00,90.00,0.000
TRACE 1831567,90.00,90.00,0.000
TRACE 1833238,90.00,90.00,0.000
TRACE 1834867,90.00,90.00,0.000
TRACE 1836477,90.00,90.00,0.000
TRACE 1838075,90.00,90.00,0.000
TRACE 1839693,90.00,90.00,0.000
TRACE 1841311,90.00,90.00,0.000
TRACE 1842936,90.00,90.00,0.000
TRACE 1844550,90.00,90.00,0.000
TRACE 1846187,90.00,90.00,0.000
TRACE 1847833,90.00,90.00,0.000
TRACE 1849447,90.00,90.00,0.000
TRACE 1851046,90.00,90.00,0.000
>>> 
HOST arm.nominal = 90
arm.nominal = 90
>>> 
HOST r = arm.move_to(0, "tuning_kfs046")
r = arm.move_to(0, "tuning_kfs046")
RESULT {"loops": 1055, "overshoot": 0.0, "t_reach": 1.6205, "type": "move", "t_settle": 1.9412, "target": 0, "state": "done", "q": null, "tag": "tuning_kfs046", "err": -1.0, "err_rest": -1.0, "ok": true, "max_dt_us": 11163, "t_profile": 1.8, "start": 90.0, "max_track_err": 3.0}
>>> 
HOST arm_test.cmd_trace(arm, [])
arm_test.cmd_trace(arm, [])
TRACE t_us,ref_deg,pos_deg,duty
TRACE 927,90.00,90.00,-0.470
TRACE 2908,90.00,90.00,-0.471
TRACE 4781,90.00,90.00,-0.472
TRACE 6603,90.00,90.00,-0.473
TRACE 8404,89.99,90.00,-0.473
TRACE 10237,89.99,90.00,-0.474
TRACE 12067,89.99,90.00,-0.475
TRACE 13894,89.98,89.50,0.490
TRACE 15689,89.98,89.50,0.490
TRACE 17444,89.97,89.50,0.489
TRACE 19240,89.96,90.00,-0.478
TRACE 21029,89.96,90.00,-0.479
TRACE 22812,89.95,90.00,-0.480
TRACE 24631,89.94,90.00,-0.481
TRACE 26434,89.93,90.00,-0.514
TRACE 28242,89.92,90.00,-0.514
TRACE 30043,89.91,90.00,-0.515
TRACE 31839,89.90,90.00,-0.485
TRACE 33642,89.89,90.00,-0.486
TRACE 35443,89.87,89.50,0.480
TRACE 37191,89.86,89.00,0.526
TRACE 39008,89.85,89.00,0.525
TRACE 40767,89.83,89.00,0.524
TRACE 42537,89.82,89.50,0.476
TRACE 44325,89.80,90.00,-0.492
TRACE 46116,89.79,90.00,-0.493
TRACE 47913,89.77,90.00,-0.526
TRACE 49699,89.75,90.00,-0.559
TRACE 51492,89.73,90.00,-0.561
TRACE 53281,89.72,90.00,-0.562
TRACE 55089,89.70,90.00,-0.531
TRACE 56870,89.68,90.00,-0.500
TRACE 58658,89.66,89.50,0.465
TRACE 60468,89.63,89.00,0.511
TRACE 62251,89.61,89.00,0.510
TRACE 64030,89.59,89.00,0.508
TRACE 65805,89.57,89.00,0.507
TRACE 67579,89.54,89.00,0.506
TRACE 69357,89.52,90.00,-0.509
TRACE 71149,89.49,90.00,-0.543
TRACE 72930,89.47,90.00,-0.576
TRACE 74709,89.44,90.00,-0.578
TRACE 76493,89.41,90.00,-0.579
TRACE 78289,89.39,90.00,-0.581
TRACE 80073,89.36,90.00,-0.582
TRACE 81860,89.33,90.00,-0.520
TRACE 83636,89.30,90.00,-0.521
TRACE 85438,89.27,89.00,0.491
TRACE 87217,89.24,89.00,0.490
TRACE 88989,89.21,89.00,0.488
TRACE 90748,89.18,89.00,0.487
TRACE 92521,89.14,89.00,0.485
TRACE 94301,89.11,89.00,0.484
TRACE 96059,89.08,89.00,0.482
TRACE 97844,89.04,89.00,-0.504
TRACE 99625,89.01,89.50,-0.553
TRACE 101427,88.97,90.00,-0.602
TRACE 103225,88.93,90.00,-0.603
TRACE 105032,88.90,90.00,-0.605
TRACE 106838,88.86,90.00,-0.607
TRACE 108647,88.82,90.00,-0.608
TRACE 110436,88.78,90.00,-0.610
TRACE 112225,88.74,90.00,-0.580
TRACE 114011,88.70,89.50,-0.503
TRACE 115785,88.66,89.00,0.462
TRACE 117549,88.62,89.00,0.460
TRACE 119331,88.58,89.00,-0.462
TRACE 121113,88.53,89.00,-0.463
TRACE 122922,88.49,89.00,-0.466
TRACE 124748,88.44,89.00,-0.468
TRACE 126582,88.40,89.00,-0.502
TRACE 128398,88.35,89.00,-0.536
TRACE 130182,88.31,88.00,0.476
TRACE 131970,88.26,88.00,0.474
TRACE 133744,88.21,88.00,0.472
TRACE 135519,88.16,88.00,0.470
TRACE 137286,88.12,88.00,0.468
TRACE 139070,88.07,88.00,0.466
TRACE 140839,88.02,88.00,0.464
TRACE 142640,87.97,88.50,-0.569
TRACE 144430,87.91,89.00,-0.619
TRACE 146227,87.86,89.00,-0.621
TRACE 148042,87.81,89.00,-0.623
TRACE 149841,87.75,89.00,-0.625
TRACE 151651,87.70,89.00,-0.627
TRACE 153443,87.65,88.50,-0.583
TRACE 155321,87.59,88.00,-0.507
TRACE 157122,87.53,88.00,-0.478
TRACE 158920,87.47,87.00,0.533
TRACE 160689,87.42,87.00,0.531
TRACE 162454,87.36,87.00,0.529
TRACE 164223,87.30,87.00,0.527
TRACE 165981,87.25,87.00,0.493
TRACE 167750,87.19,86.50,0.507
TRACE 169519,87.13,87.00,-0.463
TRACE 180549,86.74,86.50,-0.509
TRACE 182371,86.67,86.00,-0.479
TRACE 184177,86.61,86.00,-0.481
TRACE 185978,86.54,86.00,-0.484
TRACE 187761,86.47,86.00,-0.487
TRACE 189549,86.41,86.00,-0.508
TRACE 191345,86.34,86.00,-0.492
TRACE 193161,86.27,86.00,-0.500
TRACE 194960,86.20,86.00,-0.534
TRACE 196764,86.13,85.50,-0.490
TRACE 198583,86.06,85.00,0.474
TRACE 200358,85.99,85.00,0.471
TRACE 202150,85.91,85.00,0.468
TRACE 203945,85.84,85.00,0.465
TRACE 205741,85.77,85.00,0.463
TRACE 207493,85.69,85.00,-0.460
TRACE 209265,85.62,85.00,-0.495
TRACE 211059,85.55,85.00,-0.530
TRACE 212852,85.47,85.00,-0.533
TRACE 214658,85.39,85.00,-0.536
TRACE 216449,85.31,85.00,-0.538
TRACE 218368,85.23,85.00,-0.542
TRACE 220157,85.15,85.00,-0.545
TRACE 221949,85.07,85.00,-0.548
TRACE 223730,84.99,84.00,0.462
TRACE 225514,84.91,84.00,-0.461
TRACE 227311,84.83,84.00,-0.464
TRACE 229088,84.75,84.00,-0.467
TRACE 230885,84.67,84.00,-0.469
TRACE 232655,84.59,84.00,-0.472
TRACE 234442,84.50,84.00,-0.475
TRACE 236247,84.42,83.50,-0.496
TRACE 238051,84.33,83.00,0.468
TRACE 239930,84.24,83.00,0.464
TRACE 241695,84.16,83.00,0.461
TRACE 243482,84.07,83.00,-0.462
TRACE 245270,83.98,83.00,-0.465
TRACE 247063,83.90,83.00,-0.469
TRACE 248841,83.81,83.00,-0.504
TRACE 250647,83.72,83.00,-0.539
TRACE 252436,83.63,83.00,-0.542
TRACE 254234,83.54,83.00,-0.545
TRACE 256014,83.45,83.00,-0.549
TRACE 257802,83.35,83.00,-0.552
TRACE 259576,83.26,83.00,-0.556
TRACE 261349,83.17,83.00,-0.559
TRACE 263101,83.08,82.50,-0.515
TRACE 264889,82.98,82.00,-0.472
TRACE 266678,82.89,82.00,-0.475
TRACE 268466,82.79,82.00,-0.479
TRACE 270244,82.70,81.00,0.532
TRACE 272017,82.60,81.00,0.529
TRACE 273782,82.50,81.00,0.525
TRACE 275549,82.41,81.00,0.489
TRACE 277314,82.31,81.00,-0.466
TRACE 279106,82.21,81.00,-0.470
TRACE 280893,82.11,81.00,-0.473
TRACE 282662,82.01,81.00,-0.541
TRACE 284449,81.91,81.00,-0.545
TRACE 286227,81.81,81.00,-0.549
TRACE 288006,81.71,80.50,-0.505
TRACE 289788,81.60,80.00,-0.462
TRACE 291576,81.50,80.00,-0.466
TRACE 293368,81.39,79.50,0.497
TRACE 295159,81.29,79.00,0.540
TRACE 296930,81.18,79.00,0.537
TRACE 298688,81.08,79.00,0.533
TRACE 300442,80.97,79.00,0.508
TRACE 302268,80.86,79.00,0.472
TRACE 304083,80.76,79.00,0.469
TRACE 306005,80.64,80.00,-0.580
TRACE 307822,80.53,80.00,-0.615
TRACE 309656,80.42,80.00,-0.618
TRACE 311488,80.31,80.50,-0.667
TRACE 313311,80.20,80.50,-0.670
TRACE 315139,80.09,80.00,-0.627
TRACE 316993,79.98,80.00,-0.631
TRACE 318821,79.87,80.00,-0.572
TRACE 320660,79.76,79.50,-0.529
TRACE 322485,79.65,79.00,-0.486
TRACE 324321,79.54,79.00,0.462
TRACE 326127,79.43,79.00,-0.461
TRACE 327980,79.32,78.00,0.516
TRACE 329803,79.21,78.00,0.513
TRACE 331610,79.10,78.00,0.510
TRACE 333403,79.00,78.00,0.476
TRACE 335316,78.88,78.00,-0.479
TRACE 337130,78.77,78.00,-0.482
TRACE 338946,78.66,78.00,-0.486
TRACE 340780,78.55,78.00,-0.551
TRACE 342609,78.44,78.00,-0.555
TRACE 344437,78.33,78.00,-0.558
TRACE 346264,78.22,78.00,-0.561
TRACE 348083,78.12,78.00,-0.565
TRACE 359132,77.45,77.00,-0.518
TRACE 360995,77.34,77.00,-0.522
TRACE 362845,77.23,77.00,-0.525
TRACE 364661,77.12,76.00,-0.462
TRACE 366479,77.01,76.00,-0.465
TRACE 368330,76.90,75.50,0.485
TRACE 370140,76.79,75.00,0.515
TRACE 371953,76.68,75.00,0.527
TRACE 373782,76.57,75.00,0.524
TRACE 375591,76.46,75.00,0.521
TRACE 377410,76.36,75.00,-0.465
TRACE 379247,76.25,75.00,-0.468
TRACE 381086,76.13,75.00,-0.503
TRACE 382932,76.02,75.00,-0.537
TRACE 384752,75.91,75.00,-0.541
TRACE 386578,75.81,75.00,-0.544
TRACE 388412,75.70,75.00,-0.547
TRACE 390243,75.59,75.00,-0.550
TRACE 392093,75.47,75.00,-0.554
TRACE 393928,75.36,74.50,-0.511
TRACE 395837,75.25,74.00,-0.469
TRACE 397652,75.14,74.00,-0.472
TRACE 399479,75.03,74.00,-0.475
TRACE 401313,74.92,74.00,-0.478
TRACE 403129,74.81,73.00,0.531
TRACE 404942,74.70,73.00,0.528
TRACE 406773,74.59,73.00,0.493
TRACE 408569,74.49,73.00,-0.461
TRACE 410384,74.38,73.00,-0.464
TRACE 412206,74.27,73.00,-0.467
TRACE 414036,74.16,73.00,-0.470
TRACE 415863,74.05,73.00,-0.537
TRACE 417812,73.93,73.00,-0.540
TRACE 419638,73.82,73.00,-0.543
TRACE 421470,73.71,72.00,0.465
TRACE 423300,73.60,72.00,0.462
TRACE 425110,73.49,72.00,-0.461
TRACE 426926,73.38,72.00,-0.464
TRACE 428763,73.27,72.00,-0.468
TRACE 430602,73.16,72.00,-0.471
TRACE 432419,73.05,72.00,-0.474
TRACE 434255,72.94,71.50,-0.493
TRACE 436088,72.83,71.00,0.470
TRACE 437876,72.73,71.00,0.466
TRACE 439685,72.62,71.00,0.463
TRACE 441495,72.51,71.00,0.460
TRACE 443309,72.40,71.00,-0.463
TRACE 445125,72.29,71.00,-0.466
TRACE 446966,72.18,71.00,-0.501
TRACE 448793,72.07,71.00,-0.536
TRACE 450610,71.96,71.00,-0.539
TRACE 452421,71.85,71.00,-0.542
TRACE 454259,71.74,71.00,-0.546
TRACE 456096,71.63,71.00,-0.549
TRACE 457953,71.52,71.00,-0.552
TRACE 459783,71.41,71.00,-0.556
TRACE 461602,71.30,71.00,-0.559
TRACE 463408,71.20,71.00,-0.562
TRACE 465219,71.09,70.00,-0.473
TRACE 467032,70.98,70.00,-0.476
TRACE 468846,70.87,70.00,-0.479
TRACE 470658,70.76,69.00,0.531
TRACE 472475,70.65,69.00,0.528
TRACE 474283,70.54,69.00,0.524
TRACE 476085,70.43,69.00,0.521
TRACE 477872,70.33,69.00,-0.465
TRACE 479705,70.22,69.00,-0.468
TRACE 481620,70.10,69.00,-0.472
TRACE 483450,69.99,69.00,-0.538
TRACE 485271,69.88,68.00,0.471
TRACE 487060,69.78,68.00,0.468
TRACE 488854,69.67,68.00,0.465
TRACE 490677,69.56,68.00,0.461
TRACE 492492,69.45,68.00,-0.462
TRACE 494321,69.34,68.00,-0.465
TRACE 496153,69.23,68.50,-0.515
TRACE 497954,69.12,68.50,-0.581
TRACE 499766,69.01,68.50,-0.584
TRACE 501593,68.90,68.00,-0.541
TRACE 503439,68.79,68.00,-0.544
TRACE 505274,68.68,68.00,-0.547
TRACE 507104,68.57,68.00,-0.551
TRACE 508919,68.46,68.00,-0.523
TRACE 510819,68.35,67.00,0.486
TRACE 512614,68.24,67.00,0.483
TRACE 514419,68.13,67.00,-0.472
TRACE 516256,68.02,67.00,-0.475
TRACE 518088,67.91,67.00,-0.478
TRACE 519930,67.80,66.00,0.531
TRACE 521750,67.70,66.00,0.528
TRACE 523560,67.59,66.00,0.462
TRACE 525390,67.48,66.00,-0.461
TRACE 536536,66.81,67.00,-0.574
TRACE 538374,66.70,68.00,-0.643
TRACE 540212,66.59,68.00,-0.647
TRACE 542056,66.48,68.00,-0.686
TRACE 543892,66.37,68.00,-0.689
TRACE 545722,66.26,68.00,-0.692
TRACE 547569,66.15,67.50,-0.663
TRACE 549412,66.04,67.00,-0.597
TRACE 551219,65.93,67.00,-0.538
TRACE 553065,65.82,67.00,-0.541
TRACE 554892,65.71,66.00,0.468
TRACE 556696,65.60,66.00,0.465
TRACE 558516,65.49,66.00,0.462
TRACE 560348,65.38,65.50,0.474
TRACE 562159,65.27,65.00,0.486
TRACE 563975,65.16,65.00,0.482
TRACE 565797,65.05,65.00,0.479
TRACE 567623,64.94,65.00,-0.507
TRACE 569465,64.83,65.50,-0.557
TRACE 571298,64.72,65.50,-0.560
TRACE 573186,64.61,65.00,-0.549
TRACE 575030,64.50,65.00,-0.583
TRACE 576859,64.39,65.00,-0.586
TRACE 578689,64.28,65.00,-0.590
TRACE 580526,64.17,65.00,-0.593
TRACE 582351,64.06,64.00,-0.473
TRACE 584185,63.95,64.00,-0.476
TRACE 586027,63.84,64.00,-0.511
TRACE 587843,63.73,63.00,0.499
TRACE 589650,63.62,63.00,0.496
TRACE 591460,63.51,63.00,0.493
TRACE 593432,63.39,63.00,0.488
TRACE 595225,63.29,62.00,0.515
TRACE 597038,63.18,63.00,-0.500
TRACE 598866,63.07,63.00,-0.504
TRACE 600689,62.96,63.00,-0.569
TRACE 602526,62.85,63.00,-0.573
TRACE 604367,62.74,63.00,-0.576
TRACE 606182,62.63,63.00,-0.579
TRACE 608012,62.52,63.00,-0.645
TRACE 609830,62.41,63.00,-0.586
TRACE 611657,62.30,62.50,-0.543
TRACE 613476,62.19,62.00,-0.500
TRACE 615315,62.08,62.00,-0.503
TRACE 617152,61.97,62.00,-0.506
TRACE 618997,61.86,61.00,0.503
TRACE 620808,61.75,61.00,0.500
TRACE 622613,61.64,61.00,0.496
TRACE 624438,61.53,61.00,0.462
TRACE 626238,61.43,61.00,-0.493
TRACE 628074,61.32,61.00,-0.496
TRACE 629898,61.21,61.00,-0.499
TRACE 631723,61.10,60.50,-0.519
TRACE 633551,60.99,60.00,-0.476
TRACE 635385,60.88,60.00,-0.479
TRACE 637209,60.77,60.00,-0.482
TRACE 639054,60.66,59.50,0.480
TRACE 640882,60.55,59.00,0.523
TRACE 642685,60.44,59.00,0.520
TRACE 644490,60.33,59.00,0.486
TRACE 646311,60.22,59.00,-0.469
TRACE 648130,60.11,59.00,-0.472
TRACE 649943,60.00,60.00,-0.568
TRACE 651785,59.89,60.00,-0.603
TRACE 653613,59.78,60.00,-0.637
TRACE 655437,59.67,60.00,-0.641
TRACE 657334,59.56,60.00,-0.643
TRACE 659160,59.45,60.00,-0.647
TRACE 660967,59.34,59.50,-0.604
TRACE 662790,59.23,59.00,-0.499
TRACE 664622,59.12,59.00,-0.502
TRACE 666463,59.01,59.00,-0.505
TRACE 668285,58.90,59.00,-0.509
TRACE 670131,58.79,59.00,-0.512
TRACE 671975,58.68,58.50,-0.469
TRACE 673806,58.57,58.00,0.463
TRACE 675625,58.46,58.00,-0.492
TRACE 677474,58.35,57.00,0.517
TRACE 679282,58.24,57.00,0.514
TRACE 681098,58.13,57.00,0.511
TRACE 682906,58.03,57.00,0.508
TRACE 684720,57.92,57.00,0.474
TRACE 686619,57.80,57.00,-0.481
TRACE 688456,57.69,57.00,-0.485
TRACE 690287,57.58,57.00,-0.551
TRACE 692098,57.47,57.00,-0.554
TRACE 693921,57.36,57.00,-0.557
TRACE 695738,57.26,57.00,-0.560
TRACE 697560,57.15,56.00,-0.471
TRACE 699381,57.04,56.00,-0.474
TRACE 701193,56.93,56.00,-0.477
TRACE 712344,56.26,54.00,0.529
TRACE 714180,56.15,54.00,0.525
TRACE 716001,56.04,54.00,0.522
TRACE 717818,55.93,53.00,0.585
TRACE 719648,55.82,53.00,0.545
TRACE 721456,55.71,53.00,0.542
TRACE 723291,55.60,53.00,0.539
TRACE 725128,55.49,53.00,0.489
TRACE 726958,55.38,53.00,0.486
TRACE 728801,55.27,53.50,-0.484
TRACE 730607,55.16,54.00,-0.596
TRACE 732423,55.05,54.00,-0.599
TRACE 734271,54.94,54.00,-0.602
TRACE 736124,54.83,53.50,-0.559
TRACE 737951,54.72,53.00,-0.516
TRACE 739772,54.61,53.00,-0.520
TRACE 741593,54.50,53.00,-0.492
TRACE 743424,54.39,53.00,-0.464
TRACE 745236,54.29,52.00,0.545
TRACE 747052,54.18,52.00,0.542
TRACE 748918,54.06,52.00,0.508
TRACE 750744,53.96,51.50,0.519
TRACE 752587,53.84,51.00,0.562
TRACE 754394,53.74,51.50,0.513
TRACE 756218,53.63,51.50,0.510
TRACE 758022,53.52,52.00,-0.522
TRACE 759852,53.41,52.00,-0.526
TRACE 761675,53.30,52.00,-0.529
TRACE 763517,53.19,52.00,-0.564
TRACE 765351,53.08,52.00,-0.598
TRACE 767178,52.97,52.00,-0.570
TRACE 769105,52.85,51.50,-0.527
TRACE 770932,52.74,51.00,0.466
TRACE 772750,52.63,51.00,0.463
TRACE 774563,52.53,51.00,-0.460
TRACE 776372,52.42,51.00,-0.463
TRACE 778198,52.31,51.00,-0.466
TRACE 780019,52.20,51.00,-0.470
TRACE 781857,52.09,51.00,-0.504
TRACE 783697,51.98,50.50,-0.492
TRACE 785528,51.87,50.00,0.471
TRACE 787337,51.76,50.00,0.467
TRACE 789134,51.65,50.00,0.464
TRACE 790963,51.54,49.50,0.507
TRACE 792770,51.43,49.50,0.504
TRACE 794578,51.33,49.50,0.501
TRACE 796389,51.22,50.00,-0.500
TRACE 798209,51.11,50.00,-0.535
TRACE 800016,51.00,50.00,-0.538
TRACE 801861,50.89,50.00,-0.541
TRACE 803672,50.78,50.00,-0.576
TRACE 805495,50.67,50.00,-0.579
TRACE 807311,50.56,50.00,-0.583
TRACE 809150,50.45,50.00,-0.554
TRACE 810966,50.34,49.50,-0.511
TRACE 812784,50.23,49.00,-0.468
TRACE 814603,50.12,49.00,-0.472
TRACE 816438,50.01,49.00,-0.475
TRACE 818269,49.90,49.00,-0.478
TRACE 820102,49.79,48.00,0.531
TRACE 821905,49.69,48.00,0.528
TRACE 823708,49.58,48.00,0.494
TRACE 825515,49.47,47.50,0.505
TRACE 827321,49.36,47.50,0.502
TRACE 829131,49.25,48.00,-0.467
TRACE 830961,49.14,48.00,-0.471
TRACE 832799,49.03,48.00,-0.537
TRACE 834652,48.92,48.00,-0.540
TRACE 836476,48.81,48.00,-0.544
TRACE 838288,48.70,48.00,-0.578
TRACE 840122,48.59,48.00,-0.581
TRACE 841936,48.48,48.00,-0.553
TRACE 843740,48.38,48.00,-0.557
TRACE 845573,48.27,48.00,-0.560
TRACE 847388,48.16,48.00,-0.563
TRACE 849189,48.05,47.50,-0.520
TRACE 851015,47.94,47.00,-0.477
TRACE 852841,47.83,47.00,-0.480
TRACE 854671,47.72,47.00,-0.484
TRACE 856494,47.61,47.00,-0.487
TRACE 858326,47.50,46.00,0.522
TRACE 860145,47.39,46.00,0.519
TRACE 861964,47.28,46.00,0.484
TRACE 863811,47.17,45.50,0.496
TRACE 865616,47.06,45.00,0.539
TRACE 867410,46.96,45.00,0.536
TRACE 869216,46.85,45.50,0.487
TRACE 871028,46.74,45.50,-0.499
TRACE 872863,46.63,46.00,-0.549
TRACE 874682,46.52,46.00,-0.552
TRACE 876508,46.41,46.00,-0.587
TRACE 887622,45.74,45.00,-0.546
TRACE 889471,45.63,44.00,-0.483
TRACE 891323,45.52,44.00,-0.468
TRACE 893151,45.41,43.50,0.482
TRACE 894967,45.30,43.00,0.530
TRACE 896784,45.19,43.00,0.526
TRACE 898576,45.09,43.00,0.523
TRACE 900405,44.98,43.00,0.536
TRACE 902218,44.87,43.00,0.471
TRACE 904022,44.76,43.00,0.468
TRACE 905824,44.65,43.00,-0.487
TRACE 907663,44.54,43.00,-0.522
TRACE 909506,44.43,43.50,-0.572
TRACE 911364,44.32,44.00,-0.621
TRACE 913205,44.21,44.00,-0.624
TRACE 915028,44.10,43.50,-0.581
TRACE 916867,43.99,43.00,-0.538
TRACE 918733,43.88,43.00,-0.542
TRACE 920583,43.77,43.00,-0.545
TRACE 922407,43.66,43.00,-0.517
TRACE 924361,43.54,42.00,0.521
TRACE 926174,43.43,42.00,0.518
TRACE 927983,43.32,42.00,0.484
TRACE 929768,43.21,41.50,0.496
TRACE 931588,43.10,41.00,0.540
TRACE 933411,43.00,41.00,0.537
TRACE 935207,42.89,41.50,0.487
TRACE 937032,42.78,42.00,-0.545
TRACE 938873,42.67,42.00,-0.548
TRACE 940684,42.56,42.00,-0.551
TRACE 942515,42.45,42.00,-0.586
TRACE 944327,42.34,42.00,-0.621
TRACE 946175,42.23,42.00,-0.624
TRACE 947998,42.12,41.50,-0.549
TRACE 949813,42.01,41.00,-0.475
TRACE 951653,41.90,41.00,-0.478
TRACE 953481,41.79,41.00,-0.482
TRACE 955306,41.68,41.00,-0.485
TRACE 957130,41.57,40.00,0.524
TRACE 958943,41.46,40.00,0.521
TRACE 960762,41.35,40.00,0.487
TRACE 962577,41.25,39.50,0.498
TRACE 964364,41.14,39.00,0.542
TRACE 966155,41.03,39.50,0.493
TRACE 967968,40.92,40.00,-0.477
TRACE 969789,40.81,40.00,-0.544
TRACE 971619,40.70,40.00,-0.547
TRACE 973442,40.59,40.00,-0.550
TRACE 975262,40.48,40.00,-0.585
TRACE 977079,40.38,40.00,-0.620
TRACE 978919,40.26,40.00,-0.591
TRACE 980737,40.16,40.00,-0.563
TRACE 982554,40.05,39.50,-0.520
TRACE 984388,39.94,39.00,-0.477
TRACE 986217,39.83,39.00,-0.481
TRACE 988055,39.72,39.00,-0.484
TRACE 989857,39.61,38.50,0.479
TRACE 991658,39.50,38.00,0.523
TRACE 993485,39.39,38.00,0.519
TRACE 995285,39.28,38.00,0.485
TRACE 997121,39.17,37.50,0.496
TRACE 998934,39.06,38.00,-0.473
TRACE 1000741,38.96,38.00,-0.476
TRACE 1002565,38.85,38.00,-0.511
TRACE 1004383,38.74,38.00,-0.546
TRACE 1006209,38.63,38.00,-0.549
TRACE 1008055,38.52,38.00,-0.552
TRACE 1009955,38.40,38.00,-0.587
TRACE 1011783,38.29,38.00,-0.559
TRACE 1013616,38.18,38.00,-0.563
TRACE 1015444,38.07,38.00,-0.566
TRACE 1017276,37.96,38.00,-0.569
TRACE 1019106,37.85,38.00,-0.572
TRACE 1020928,37.74,37.50,-0.530
TRACE 1022723,37.64,37.00,-0.486
TRACE 1024534,37.53,37.00,-0.489
TRACE 1026354,37.42,37.00,-0.493
TRACE 1028165,37.31,36.50,0.471
TRACE 1029967,37.20,36.00,0.514
TRACE 1031781,37.09,36.00,0.511
TRACE 1033579,36.99,36.00,0.476
TRACE 1035366,36.88,36.00,-0.478
TRACE 1037172,36.77,36.00,-0.482
TRACE 1039071,36.66,36.00,-0.485
TRACE 1040896,36.55,36.00,-0.520
TRACE 1042751,36.43,36.00,-0.555
TRACE 1044581,36.33,36.00,-0.558
TRACE 1046407,36.22,35.50,-0.515
TRACE 1048227,36.11,35.00,-0.473
TRACE 1050042,36.00,35.00,-0.476
TRACE 1051874,35.89,35.00,-0.479
TRACE 1062922,35.22,33.00,0.528
TRACE 1064771,35.11,32.50,0.558
TRACE 1066598,35.00,32.00,0.587
TRACE 1068413,34.90,32.00,0.566
TRACE 1070231,34.79,32.00,0.545
TRACE 1072072,34.68,32.00,0.541
TRACE 1073887,34.57,32.00,0.538
TRACE 1075717,34.46,32.00,0.488
TRACE 1077538,34.35,32.00,-0.466
TRACE 1079365,34.24,32.00,-0.501
TRACE 1081190,34.13,32.00,-0.504
TRACE 1083024,34.02,32.00,-0.507
TRACE 1084850,33.91,32.00,-0.511
TRACE 1086687,33.80,31.50,-0.468
TRACE 1088514,33.69,31.00,0.495
TRACE 1090305,33.58,31.00,0.492
TRACE 1092120,33.47,31.00,0.489
TRACE 1093945,33.36,31.00,0.486
TRACE 1095769,33.25,31.00,0.482
TRACE 1097581,33.15,31.00,0.479
TRACE 1099399,33.04,31.50,-0.522
TRACE 1101282,32.92,32.00,-0.603
TRACE 1103109,32.81,32.00,-0.606
TRACE 1104938,32.70,32.00,-0.609
TRACE 1106776,32.59,32.00,-0.613
TRACE 1108598,32.48,32.00,-0.616
TRACE 1110410,32.38,32.00,-0.619
TRACE 1112261,32.26,31.00,-0.499
TRACE 1114085,32.15,31.00,-0.471
TRACE 1115914,32.05,31.00,-0.474
TRACE 1117712,31.94,30.50,0.489
TRACE 1119507,31.83,30.00,0.533
TRACE 1121404,31.72,30.00,0.528
TRACE 1123228,31.61,30.00,0.525
TRACE 1125053,31.50,29.50,0.506
TRACE 1126857,31.39,30.00,-0.464
TRACE 1128680,31.28,30.00,-0.467
TRACE 1130510,31.17,30.00,-0.502
TRACE 1132340,31.06,30.00,-0.536
TRACE 1134141,30.95,30.00,-0.539
TRACE 1135961,30.84,30.00,-0.543
TRACE 1137790,30.73,30.00,-0.577
TRACE 1139608,30.62,30.00,-0.549
TRACE 1141421,30.51,30.00,-0.553
TRACE 1143249,30.41,29.50,-0.509
TRACE 1145069,30.30,29.00,-0.466
TRACE 1146898,30.19,29.00,-0.470
TRACE 1148735,30.08,29.00,-0.473
TRACE 1150575,29.97,29.00,-0.476
TRACE 1152388,29.86,29.00,-0.480
TRACE 1154210,29.75,28.50,0.483
TRACE 1156030,29.64,28.00,0.495
TRACE 1157855,29.53,28.00,0.460
TRACE 1159668,29.42,28.00,-0.463
TRACE 1161510,29.31,28.00,-0.466
TRACE 1163334,29.20,28.00,-0.469
TRACE 1165163,29.09,28.00,-0.473
TRACE 1167004,28.98,28.00,-0.507
TRACE 1168823,28.87,27.50,-0.496
TRACE 1170649,28.76,27.00,0.467
TRACE 1172465,28.65,27.00,0.464
TRACE 1174270,28.54,27.00,0.461
TRACE 1176075,28.44,27.00,-0.462
TRACE 1177883,28.33,27.00,-0.465
TRACE 1179717,28.22,27.00,-0.469
TRACE 1181544,28.11,27.00,-0.503
TRACE 1183367,28.00,27.00,-0.538
TRACE 1185231,27.89,27.00,-0.541
TRACE 1187087,27.77,26.00,0.468
TRACE 1188892,27.67,26.00,0.464
TRACE 1190713,27.56,26.00,0.461
TRACE 1192523,27.45,26.00,-0.462
TRACE 1194344,27.34,26.00,-0.465
TRACE 1196189,27.23,26.00,-0.469
TRACE 1198022,27.12,26.00,-0.472
TRACE 1199831,27.01,26.00,-0.538
TRACE 1201673,26.90,26.00,-0.541
TRACE 1203507,26.79,26.00,-0.544
TRACE 1205329,26.68,26.00,-0.548
TRACE 1207158,26.57,26.00,-0.551
TRACE 1208980,26.46,26.00,-0.554
TRACE 1210819,26.35,25.00,-0.465
TRACE 1212647,26.24,25.00,-0.468
TRACE 1214498,26.13,25.00,-0.472
TRACE 1216372,26.02,24.00,0.537
TRACE 1218188,25.91,24.00,0.534
TRACE 1220001,25.80,24.00,0.531
TRACE 1221829,25.69,24.00,0.527
TRACE 1223626,25.58,24.00,0.462
TRACE 1225440,25.47,24.00,-0.461
TRACE 1227280,25.36,24.00,-0.465
TRACE 1229104,25.25,24.00,-0.530
TRACE 1240185,24.59,23.00,-0.484
TRACE 1242041,24.48,23.00,-0.487
TRACE 1243868,24.37,22.00,0.496
TRACE 1245684,24.26,22.00,0.492
TRACE 1247501,24.15,22.00,0.489
TRACE 1249350,24.04,21.50,0.519
TRACE 1251175,23.93,21.00,0.549
TRACE 1252989,23.82,21.00,0.562
TRACE 1254784,23.71,21.50,0.513
TRACE 1256610,23.60,22.00,-0.520
TRACE 1258424,23.49,22.00,-0.523
TRACE 1260253,23.38,22.00,-0.526
TRACE 1262109,23.27,22.00,-0.561
TRACE 1263917,23.16,22.00,-0.596
TRACE 1265741,23.06,22.00,-0.599
TRACE 1267574,22.95,21.50,-0.525
TRACE 1269386,22.84,21.00,0.470
TRACE 1271196,22.73,21.00,0.466
TRACE 1273007,22.62,21.00,0.463
TRACE 1274818,22.51,21.00,0.460
TRACE 1276760,22.39,21.00,-0.464
TRACE 1278593,22.28,21.00,-0.467
TRACE 1280426,22.17,21.00,-0.502
TRACE 1282258,22.06,21.00,-0.536
TRACE 1284085,21.95,21.00,-0.539
TRACE 1285908,21.85,21.00,-0.543
TRACE 1287722,21.74,20.00,0.466
TRACE 1289561,21.63,20.00,0.463
TRACE 1291382,21.52,20.00,0.460
TRACE 1293186,21.41,19.50,0.503
TRACE 1294994,21.30,19.50,0.500
TRACE 1296845,21.19,20.00,-0.470
TRACE 1298718,21.08,20.00,-0.473
TRACE 1300528,20.97,20.00,-0.539
TRACE 1302354,20.86,20.00,-0.542
TRACE 1304175,20.75,20.00,-0.546
TRACE 1305993,20.64,20.00,-0.580
TRACE 1307817,20.53,20.00,-0.583
TRACE 1309653,20.42,20.00,-0.555
TRACE 1311494,20.31,19.50,-0.512
TRACE 1313300,20.20,19.00,-0.469
TRACE 1315130,20.09,19.00,-0.473
TRACE 1316992,19.98,19.00,-0.476
TRACE 1318815,19.87,19.00,-0.479
TRACE 1320646,19.76,19.00,-0.483
TRACE 1322475,19.65,18.50,0.480
TRACE 1324290,19.54,18.00,0.492
TRACE 1326104,19.43,18.00,-0.463
TRACE 1327927,19.32,18.00,-0.466
TRACE 1329740,19.22,17.50,0.498
TRACE 1331546,19.11,17.50,0.494
TRACE 1333348,19.00,17.00,0.538
TRACE 1335182,18.89,17.00,0.503
TRACE 1336983,18.78,17.50,-0.498
TRACE 1338810,18.67,18.00,-0.548
TRACE 1340648,18.56,18.00,-0.551
TRACE 1342473,18.45,18.00,-0.586
TRACE 1344289,18.34,18.00,-0.589
TRACE 1346102,18.23,18.00,-0.624
TRACE 1347935,18.12,18.00,-0.627
TRACE 1349749,18.02,17.00,-0.506
TRACE 1351566,17.91,17.00,-0.478
TRACE 1353414,17.80,17.00,-0.481
TRACE 1355254,17.68,17.00,-0.485
TRACE 1357065,17.58,16.00,0.525
TRACE 1358888,17.47,16.00,0.521
TRACE 1360687,17.36,16.00,0.518
TRACE 1362520,17.25,15.50,0.498
TRACE 1364341,17.14,15.50,0.495
TRACE 1366162,17.03,15.50,0.492
TRACE 1367986,16.92,16.00,-0.478
TRACE 1369803,16.81,16.00,-0.544
TRACE 1371644,16.70,16.00,-0.547
TRACE 1373457,16.59,16.00,-0.550
TRACE 1375274,16.48,16.00,-0.585
TRACE 1377112,16.37,16.00,-0.588
TRACE 1378935,16.26,15.00,-0.499
TRACE 1380743,16.16,15.00,-0.471
TRACE 1382586,16.04,15.00,-0.474
TRACE 1384415,15.94,15.00,-0.477
TRACE 1386249,15.83,14.00,0.532
TRACE 1388072,15.72,14.00,0.528
TRACE 1389895,15.61,14.00,0.525
TRACE 1391811,15.49,13.50,0.505
TRACE 1393629,15.38,13.00,0.548
TRACE 1395443,15.27,13.00,0.545
TRACE 1397248,15.17,13.00,0.542
TRACE 1399057,15.06,13.00,0.476
TRACE 1400872,14.95,13.50,-0.493
TRACE 1402697,14.84,13.50,-0.497
TRACE 1404512,14.73,14.00,-0.578
TRACE 1415589,14.06,13.00,-0.536
TRACE 1417443,13.95,12.00,-0.473
TRACE 1419278,13.84,12.00,-0.476
TRACE 1421110,13.73,11.50,0.473
TRACE 1422921,13.62,11.00,0.521
TRACE 1424725,13.52,11.00,0.518
TRACE 1426550,13.41,11.00,0.533
TRACE 1428354,13.30,11.00,0.546
TRACE 1430148,13.19,11.00,0.481
TRACE 1431944,13.08,11.00,0.478
TRACE 1433768,12.97,11.00,-0.477
TRACE 1435606,12.86,11.00,-0.512
TRACE 1437417,12.75,11.50,-0.562
TRACE 1439268,12.64,12.00,-0.612
TRACE 1441110,12.53,12.00,-0.615
TRACE 1442936,12.42,12.00,-0.618
TRACE 1444742,12.32,12.00,-0.621
TRACE 1446579,12.21,11.50,-0.578
TRACE 1448413,12.10,11.00,-0.535
TRACE 1450226,11.99,11.00,-0.507
TRACE 1452149,11.87,11.00,-0.480
TRACE 1453964,11.76,11.00,-0.483
TRACE 1455787,11.65,10.00,0.526
TRACE 1457601,11.54,10.00,0.523
TRACE 1459414,11.44,10.00,0.489
TRACE 1461214,11.33,9.50,0.501
TRACE 1463024,11.22,9.00,0.544
TRACE 1464843,11.11,9.50,0.495
TRACE 1466655,11.00,10.00,-0.475
TRACE 1468501,10.89,10.00,-0.541
TRACE 1470326,10.78,10.00,-0.545
TRACE 1472140,10.67,10.00,-0.548
TRACE 1474097,10.55,10.00,-0.582
TRACE 1475913,10.45,10.00,-0.617
TRACE 1477740,10.34,10.00,-0.589
TRACE 1479576,10.23,10.00,-0.561
TRACE 1481411,10.12,9.50,-0.519
TRACE 1483252,10.00,9.00,-0.476
TRACE 1485076,9.90,9.00,-0.479
TRACE 1486891,9.79,9.00,-0.482
TRACE 1488732,9.68,8.50,0.481
TRACE 1490553,9.57,8.00,0.524
TRACE 1492353,9.46,8.00,0.521
TRACE 1494162,9.35,8.00,0.487
TRACE 1495978,9.24,8.00,-0.468
TRACE 1497797,9.13,8.00,-0.471
TRACE 1499623,9.02,8.00,-0.474
TRACE 1501450,8.91,8.00,-0.499
TRACE 1503334,8.80,8.00,-0.533
TRACE 1505215,8.69,8.00,-0.535
TRACE 1507108,8.58,8.00,-0.538
TRACE 1509013,8.47,8.00,-0.541
TRACE 1510905,8.36,8.00,-0.543
TRACE 1512807,8.25,8.00,-0.546
TRACE 1514691,8.14,7.50,-0.503
TRACE 1516601,8.03,7.00,-0.461
TRACE 1518500,7.92,7.00,-0.463
TRACE 1520396,7.82,7.00,-0.466
TRACE 1522286,7.71,6.50,0.497
TRACE 1524167,7.61,6.00,0.540
TRACE 1526040,7.51,6.00,0.537
TRACE 1527932,7.40,6.00,0.505
TRACE 1529819,7.30,6.00,0.472
TRACE 1531697,7.20,6.00,0.470
TRACE 1533588,7.10,6.00,0.468
TRACE 1535481,7.00,6.00,-0.485
TRACE 1537395,6.90,7.00,-0.608
TRACE 1539291,6.80,7.00,-0.610
TRACE 1541191,6.70,7.00,-0.613
TRACE 1543072,6.60,7.00,-0.615
TRACE 1544981,6.50,7.00,-0.617
TRACE 1546878,6.41,7.00,-0.619
TRACE 1548745,6.31,6.50,-0.576
TRACE 1550632,6.22,6.00,-0.473
TRACE 1552554,6.12,6.00,-0.475
TRACE 1554432,6.03,5.50,0.488
TRACE 1556319,5.94,5.00,0.531
TRACE 1558192,5.85,5.00,0.529
TRACE 1560067,5.76,5.00,0.528
TRACE 1561943,5.67,5.00,0.495
TRACE 1563823,5.58,5.00,0.463
TRACE 1565724,5.49,5.00,0.461
TRACE 1567588,5.40,5.00,-0.491
TRACE 1569479,5.31,5.00,-0.524
TRACE 1571394,5.23,5.00,-0.526
TRACE 1573279,5.14,5.00,-0.527
TRACE 1575206,5.05,5.00,-0.529
TRACE 1577083,4.97,5.00,-0.531
TRACE 1588246,4.48,3.50,0.477
TRACE 1590124,4.40,3.00,0.508
TRACE 1592010,4.33,3.00,0.506
TRACE 1593898,4.25,3.00,0.504
TRACE 1595769,4.17,3.00,0.503
TRACE 1597675,4.09,3.00,0.501
TRACE 1599575,4.02,3.00,0.499
TRACE 1601464,3.94,3.00,-0.463
TRACE 1603358,3.87,3.00,-0.495
TRACE 1605284,3.79,4.00,-0.587
TRACE 1607198,3.72,4.00,-0.588
TRACE 1609089,3.64,4.00,-0.589
TRACE 1610999,3.57,4.00,-0.591
TRACE 1612906,3.50,3.00,-0.502
TRACE 1614789,3.43,3.00,-0.504
TRACE 1616686,3.36,3.00,-0.505
TRACE 1618584,3.29,3.00,0.474
TRACE 1620466,3.22,2.00,0.563
TRACE 1622379,3.15,2.00,0.561
TRACE 1624339,3.09,2.00,0.559
TRACE 1626252,3.02,2.00,0.498
TRACE 1628157,2.95,2.00,0.497
TRACE 1630062,2.89,2.00,0.495
TRACE 1631965,2.82,2.00,0.494
TRACE 1633872,2.76,2.00,-0.487
TRACE 1635810,2.70,2.00,-0.488
TRACE 1637746,2.63,2.00,-0.489
TRACE 1639683,2.57,2.00,-0.491
TRACE 1641625,2.51,2.00,-0.492
TRACE 1643666,2.44,1.50,0.471
TRACE 1645604,2.38,1.00,0.055
TRACE 1647470,2.33,1.00,0.054
TRACE 1649322,2.27,1.00,0.053
TRACE 1651188,2.21,1.00,0.052
TRACE 1653031,2.16,1.00,0.052
TRACE 1654874,2.11,1.00,0.051
TRACE 1656732,2.05,1.00,0.021
TRACE 1658612,2.00,1.00,-0.011
TRACE 1660487,1.95,1.50,-0.518
TRACE 1662413,1.89,2.00,-0.564
TRACE 1664351,1.84,2.00,-0.564
TRACE 1666278,1.79,2.00,-0.565
TRACE 1668190,1.74,2.00,-0.565
TRACE 1670104,1.69,1.00,-0.016
TRACE 1671980,1.64,1.00,-0.017
TRACE 1673854,1.59,1.00,0.012
TRACE 1675740,1.54,1.00,0.042
TRACE 1677595,1.50,1.00,0.041
TRACE 1679459,1.45,1.00,0.041
TRACE 1681301,1.41,1.00,0.041
TRACE 1683137,1.37,1.00,-0.021
TRACE 1685024,1.32,1.00,-0.022
TRACE 1686915,1.28,1.00,-0.022
TRACE 1688781,1.24,1.00,-0.023
TRACE 1690644,1.20,1.50,-0.529
TRACE 1692586,1.15,2.00,-0.575
TRACE 1694514,1.11,2.00,-0.575
TRACE 1696455,1.07,2.00,-0.575
TRACE 1698371,1.03,1.50,-0.531
TRACE 1700321,0.99,1.00,-0.026
TRACE 1702189,0.96,1.00,-0.027
TRACE 1704063,0.92,1.00,0.003
TRACE 1706017,0.88,1.00,0.032
TRACE 1707881,0.85,1.00,0.032
TRACE 1709759,0.81,1.00,0.032
TRACE 1711636,0.78,1.00,0.002
TRACE 1713505,0.75,1.00,-0.029
TRACE 1715376,0.72,1.00,-0.029
TRACE 1717243,0.68,1.00,-0.029
TRACE 1719124,0.65,1.00,-0.029
TRACE 1720983,0.62,1.00,-0.030
TRACE 1722856,0.60,1.00,-0.030
TRACE 1724740,0.57,1.50,-0.536
TRACE 1726669,0.54,2.00,-0.581
TRACE 1728587,0.51,2.00,-0.581
TRACE 1730493,0.48,2.00,-0.581
TRACE 1732420,0.46,1.50,-0.536
TRACE 1734396,0.43,1.00,-0.031
TRACE 1736270,0.41,1.00,-0.031
TRACE 1738149,0.38,1.00,-0.001
TRACE 1740033,0.36,1.00,0.029
TRACE 1741918,0.34,1.00,0.029
TRACE 1743774,0.32,1.00,0.029
TRACE 1745625,0.30,1.00,-0.000
TRACE 1756746,0.19,1.50,-0.523
TRACE 1758707,0.17,2.00,-0.555
TRACE 1760654,0.15,2.00,-0.555
TRACE 1762580,0.14,2.00,-0.555
TRACE 1764517,0.13,1.50,-0.522
TRACE 1766456,0.11,1.00,-0.029
TRACE 1768343,0.10,1.00,-0.028
TRACE 1770247,0.09,1.00,0.002
TRACE 1772155,0.08,1.00,0.032
TRACE 1774022,0.07,1.00,0.033
TRACE 1775869,0.06,1.00,0.033
TRACE 1777723,0.05,1.00,0.004
TRACE 1779617,0.04,1.00,-0.026
TRACE 1781470,0.03,1.00,-0.026
TRACE 1783332,0.03,1.00,-0.025
TRACE 1785224,0.02,1.00,-0.025
TRACE 1787104,0.02,1.50,-0.530
TRACE 1789056,0.01,2.00,-0.574
TRACE 1791009,0.01,2.00,-0.573
TRACE 1792968,0.00,2.00,-0.572
TRACE 1794905,0.00,1.50,-0.527
TRACE 1796846,0.00,1.00,-0.021
TRACE 1798732,0.00,1.00,-0.020
TRACE 1800599,0.00,1.00,-0.000
TRACE 1802252,0.00,1.00,0.031
TRACE 1803882,0.00,1.00,0.032
TRACE 1805513,0.00,1.00,0.034
TRACE 1807159,0.00,1.00,0.003
TRACE 1808828,0.00,1.00,-0.030
TRACE 1810472,0.00,1.00,-0.030
TRACE 1812126,0.00,1.00,-0.030
TRACE 1813875,0.00,1.00,-0.030
TRACE 1815571,0.00,1.00,-0.030
TRACE 1817222,0.00,1.50,-0.539
TRACE 1818928,0.00,2.00,-0.588
TRACE 1820648,0.00,2.00,-0.588
TRACE 1822372,0.00,2.00,-0.587
TRACE 1824069,0.00,1.50,-0.538
TRACE 1825800,0.00,1.00,-0.030
TRACE 1827467,0.00,1.00,-0.030
TRACE 1829105,0.00,1.00,0.004
TRACE 1830766,0.00,1.00,0.038
TRACE 1832391,0.00,1.00,0.038
TRACE 1834024,0.00,1.00,0.039
TRACE 1835659,0.00,1.00,0.005
TRACE 1837327,0.00,1.00,-0.030
TRACE 1838984,0.00,1.00,-0.030
TRACE 1840630,0.00,1.00,-0.030
TRACE 1842302,0.00,1.00,-0.030
TRACE 1843972,0.00,1.00,-0.030
TRACE 1845613,0.00,1.50,-0.540
TRACE 1847346,0.00,2.00,-0.588
TRACE 1849031,0.00,2.00,-0.588
TRACE 1850723,0.00,2.00,-0.588
TRACE 1852429,0.00,1.50,-0.539
TRACE 1854136,0.00,1.00,-0.030
TRACE 1855782,0.00,1.00,-0.030
TRACE 1857428,0.00,1.00,0.004
TRACE 1859090,0.00,1.00,0.038
TRACE 1860729,0.00,1.00,0.038
TRACE 1862379,0.00,1.00,0.039
TRACE 1864013,0.00,1.00,0.005
TRACE 1865694,0.00,1.00,-0.030
TRACE 1867368,0.00,1.00,-0.030
TRACE 1869025,0.00,1.00,-0.030
TRACE 1870666,0.00,1.00,-0.030
TRACE 1872303,0.00,1.50,-0.540
TRACE 1874018,0.00,2.00,-0.589
TRACE 1875724,0.00,2.00,-0.588
TRACE 1877441,0.00,2.00,-0.588
TRACE 1879147,0.00,1.50,-0.539
TRACE 1880876,0.00,1.00,-0.030
TRACE 1882529,0.00,1.00,-0.030
TRACE 1884187,0.00,1.00,0.004
TRACE 1885861,0.00,1.00,0.038
TRACE 1887501,0.00,1.00,0.038
TRACE 1889236,0.00,1.00,0.038
TRACE 1890915,0.00,1.00,0.004
TRACE 1892591,0.00,1.00,-0.030
TRACE 1894264,0.00,1.00,-0.030
TRACE 1895925,0.00,1.00,-0.030
TRACE 1897586,0.00,1.50,-0.539
TRACE 1899316,0.00,2.00,-0.588
TRACE 1901007,0.00,2.00,-0.588
TRACE 1902712,0.00,2.00,-0.588
TRACE 1904412,0.00,1.50,-0.539
TRACE 1906156,0.00,1.00,-0.030
TRACE 1907819,0.00,1.00,-0.030
TRACE 1909483,0.00,1.00,0.004
TRACE 1911139,0.00,1.00,0.038
TRACE 1912768,0.00,1.00,0.038
TRACE 1914400,0.00,1.00,0.038
TRACE 1916028,0.00,1.00,0.004
TRACE 1917699,0.00,1.00,-0.030
TRACE 1919345,0.00,1.00,-0.030
TRACE 1920997,0.00,1.00,-0.030
TRACE 1922656,0.00,1.50,-0.540
TRACE 1924457,0.00,2.00,-0.588
TRACE 1926172,0.00,2.00,-0.588
TRACE 1927867,0.00,2.00,-0.588
TRACE 1929568,0.00,1.50,-0.539
TRACE 1931302,0.00,1.00,-0.030
TRACE 1932959,0.00,1.00,-0.030
TRACE 1934606,0.00,1.00,0.003
TRACE 1936263,0.00,1.00,0.038
TRACE 1937899,0.00,1.00,0.038
TRACE 1939539,0.00,1.00,0.039
TRACE 1941163,0.00,1.00,0.004
TRACE 1952101,0.00,2.00,-0.558
TRACE 1953833,0.00,2.00,-0.558
TRACE 1955556,0.00,2.00,-0.558
TRACE 1957301,0.00,2.00,-0.558
TRACE 1959035,0.00,1.50,-0.524
TRACE 1960752,0.00,1.00,-0.030
TRACE 1962422,0.00,1.00,-0.030
TRACE 1964093,0.00,1.00,0.037
TRACE 1965744,0.00,1.00,0.037
TRACE 1967394,0.00,1.00,0.038
TRACE 1969044,0.00,1.00,0.038
TRACE 1970676,0.00,1.00,0.004
TRACE 1972324,0.00,1.00,-0.030
TRACE 1973965,0.00,1.00,-0.030
TRACE 1975596,0.00,1.00,-0.030
TRACE 1977225,0.00,1.00,-0.030
TRACE 1978894,0.00,1.00,-0.030
TRACE 1980536,0.00,1.00,-0.030
TRACE 1982174,0.00,1.00,-0.030
TRACE 1983817,0.00,1.00,-0.030
TRACE 1985469,0.00,1.00,-0.030
TRACE 1987117,0.00,1.00,-0.030
TRACE 1988747,0.00,1.00,-0.030
TRACE 1990375,0.00,1.00,-0.030
TRACE 1991990,0.00,1.00,-0.030
TRACE 1993616,0.00,1.00,-0.030
TRACE 1995310,0.00,1.00,-0.030
TRACE 1996967,0.00,1.00,-0.030
TRACE 1998615,0.00,1.00,-0.030
TRACE 2000263,0.00,1.00,-0.030
TRACE 2001886,0.00,1.00,-0.030
TRACE 2003545,0.00,1.00,-0.030
TRACE 2005183,0.00,1.00,-0.030
TRACE 2006835,0.00,1.00,-0.030
TRACE 2008488,0.00,1.00,-0.030
TRACE 2010123,0.00,1.00,-0.030
TRACE 2011764,0.00,1.00,-0.030
TRACE 2013404,0.00,1.00,-0.030
>>> 
HOST arm.nominal = 0
arm.nominal = 0
>>> 
HOST r = arm.move_to(-90, "tuning_kfs046")
r = arm.move_to(-90, "tuning_kfs046")
RESULT {"loops": 1031, "overshoot": 1.0, "t_reach": 1.6312, "type": "move", "t_settle": 1.9022, "target": -90, "state": "done", "q": null, "tag": "tuning_kfs046", "err": 0.0, "err_rest": 0.0, "ok": true, "max_dt_us": 11203, "t_profile": 1.8167, "start": 1.0, "max_track_err": 3.63}
>>> 
HOST arm_test.cmd_trace(arm, [])
arm_test.cmd_trace(arm, [])
TRACE t_us,ref_deg,pos_deg,duty
TRACE 942,1.00,1.00,-0.470
TRACE 2931,1.00,1.00,-0.471
TRACE 4799,1.00,1.00,-0.472
TRACE 6602,1.00,1.00,-0.473
TRACE 8402,0.99,1.00,-0.473
TRACE 10203,0.99,1.00,-0.474
TRACE 11987,0.99,0.00,0.548
TRACE 13772,0.98,0.00,0.537
TRACE 15528,0.98,0.00,0.537
TRACE 17272,0.97,0.00,0.537
TRACE 19038,0.96,0.00,0.536
TRACE 20806,0.96,0.00,0.536
TRACE 22542,0.95,0.00,0.535
TRACE 24318,0.94,0.00,0.469
TRACE 26077,0.93,0.00,0.469
TRACE 27819,0.92,1.00,-0.547
TRACE 29597,0.91,1.00,-0.548
TRACE 31391,0.90,1.00,-0.549
TRACE 33194,0.89,1.00,-0.550
TRACE 34982,0.88,1.00,-0.551
TRACE 36774,0.86,1.00,-0.552
TRACE 38701,0.85,0.50,-0.505
TRACE 40452,0.84,0.00,0.524
TRACE 42192,0.82,0.00,0.523
TRACE 43933,0.81,0.00,0.522
TRACE 45655,0.79,-0.50,0.569
TRACE 47402,0.78,-1.00,0.615
TRACE 49179,0.76,-0.50,0.567
TRACE 50941,0.74,0.00,0.487
TRACE 52700,0.72,0.00,-0.467
TRACE 54439,0.70,0.00,-0.468
TRACE 56194,0.68,0.50,-0.517
TRACE 57970,0.66,1.00,-0.598
TRACE 59768,0.64,1.00,-0.632
TRACE 61640,0.62,0.50,-0.553
TRACE 63416,0.60,0.00,-0.475
TRACE 65175,0.58,0.00,-0.476
TRACE 66933,0.55,0.00,-0.478
TRACE 68702,0.53,-1.00,0.567
TRACE 70473,0.50,-1.00,0.598
TRACE 72234,0.48,-1.00,0.597
TRACE 74015,0.45,-1.00,0.564
TRACE 75788,0.43,-1.00,0.530
TRACE 77570,0.40,-1.00,0.529
TRACE 79351,0.37,-1.00,0.527
TRACE 81118,0.34,-1.00,0.461
TRACE 82882,0.31,-1.00,-0.460
TRACE 84673,0.28,-0.50,-0.509
TRACE 86445,0.25,0.00,-0.558
TRACE 88211,0.22,0.00,-0.559
TRACE 89968,0.19,0.00,-0.561
TRACE 91724,0.16,0.00,-0.563
TRACE 93492,0.13,0.00,-0.565
TRACE 95248,0.09,0.00,-0.566
TRACE 97004,0.06,0.00,-0.536
TRACE 98756,0.02,0.00,-0.505
TRACE 100508,-0.01,-1.00,0.509
TRACE 102274,-0.05,-1.00,0.507
TRACE 104056,-0.08,-1.00,0.505
TRACE 105831,-0.12,-1.00,0.503
TRACE 107596,-0.16,-1.00,0.501
TRACE 109367,-0.20,-1.00,0.499
TRACE 111139,-0.24,-0.50,-0.470
TRACE 112918,-0.28,0.00,-0.583
TRACE 114679,-0.32,0.00,-0.585
TRACE 116450,-0.36,0.00,-0.587
TRACE 118204,-0.40,0.00,-0.589
TRACE 119964,-0.44,0.00,-0.591
TRACE 121730,-0.48,0.00,-0.593
TRACE 123487,-0.52,0.00,-0.563
TRACE 125258,-0.57,0.00,-0.532
TRACE 127125,-0.62,-1.00,0.480
TRACE 128893,-0.66,-1.00,0.478
TRACE 130672,-0.71,-1.00,0.476
TRACE 132446,-0.75,-1.00,0.474
TRACE 134228,-0.80,-1.00,0.472
TRACE 135993,-0.85,-1.00,0.470
TRACE 137776,-0.90,-1.00,0.467
TRACE 139560,-0.95,-1.00,-0.519
TRACE 141346,-1.00,-1.00,-0.521
TRACE 143136,-1.05,0.00,-0.617
TRACE 144912,-1.10,0.00,-0.619
TRACE 146678,-1.15,0.00,-0.622
TRACE 148428,-1.20,0.00,-0.624
TRACE 150187,-1.26,0.00,-0.626
TRACE 151949,-1.31,0.00,-0.629
TRACE 153714,-1.36,0.00,-0.631
TRACE 155468,-1.42,-0.50,-0.521
TRACE 157285,-1.47,-1.00,-0.476
TRACE 159112,-1.53,-1.00,-0.479
TRACE 160908,-1.59,-1.00,-0.481
TRACE 162708,-1.65,-1.00,-0.484
TRACE 164487,-1.71,-1.00,-0.487
TRACE 166264,-1.76,-1.50,0.478
TRACE 168026,-1.82,-2.00,0.490
TRACE 169796,-1.88,-2.00,-0.464
TRACE 171566,-1.94,-2.00,-0.466
TRACE 182635,-2.34,-3.00,0.478
TRACE 184439,-2.40,-4.00,0.542
TRACE 186227,-2.47,-4.00,0.539
TRACE 188004,-2.53,-4.00,0.518
TRACE 189775,-2.60,-4.00,0.497
TRACE 191551,-2.67,-4.00,0.495
TRACE 193366,-2.74,-4.00,0.492
TRACE 195155,-2.81,-3.00,-0.535
TRACE 196964,-2.88,-3.00,-0.601
TRACE 198764,-2.95,-3.00,-0.604
TRACE 200571,-3.02,-3.00,-0.607
TRACE 202369,-3.10,-3.00,-0.609
TRACE 204175,-3.17,-3.00,-0.612
TRACE 205991,-3.24,-3.00,-0.615
TRACE 207805,-3.32,-3.50,-0.508
TRACE 209578,-3.39,-4.00,-0.464
TRACE 211371,-3.47,-4.00,-0.467
TRACE 213153,-3.54,-4.50,0.497
TRACE 214944,-3.62,-5.00,0.541
TRACE 216709,-3.70,-5.00,0.539
TRACE 218471,-3.77,-5.00,0.536
TRACE 220387,-3.86,-5.50,0.547
TRACE 222145,-3.93,-5.00,0.466
TRACE 223932,-4.01,-5.00,0.463
TRACE 225704,-4.09,-5.00,-0.492
TRACE 227483,-4.17,-5.00,-0.527
TRACE 229293,-4.26,-5.00,-0.530
TRACE 231096,-4.34,-5.00,-0.533
TRACE 232881,-4.42,-5.00,-0.569
TRACE 234650,-4.51,-5.00,-0.540
TRACE 236436,-4.59,-5.00,-0.543
TRACE 238224,-4.68,-5.00,-0.546
TRACE 240011,-4.76,-5.00,-0.549
TRACE 241818,-4.85,-6.00,0.461
TRACE 243639,-4.94,-6.00,-0.462
TRACE 245410,-5.02,-6.00,-0.465
TRACE 247183,-5.11,-6.50,0.498
TRACE 248954,-5.20,-7.00,0.542
TRACE 250739,-5.29,-7.00,0.539
TRACE 252509,-5.38,-7.00,0.536
TRACE 254273,-5.47,-7.00,0.469
TRACE 256047,-5.56,-7.00,0.466
TRACE 257833,-5.65,-7.00,0.462
TRACE 259595,-5.74,-7.00,-0.493
TRACE 261388,-5.83,-6.50,-0.576
TRACE 263170,-5.93,-6.00,-0.627
TRACE 264966,-6.02,-6.00,-0.630
TRACE 266759,-6.12,-6.00,-0.634
TRACE 268545,-6.21,-6.50,-0.590
TRACE 270353,-6.31,-7.00,-0.547
TRACE 272144,-6.41,-7.00,-0.550
TRACE 273934,-6.50,-7.00,-0.522
TRACE 275717,-6.60,-7.50,0.473
TRACE 277484,-6.70,-8.00,0.517
TRACE 279250,-6.80,-8.00,0.514
TRACE 281015,-6.90,-8.50,0.525
TRACE 282786,-7.00,-8.50,0.490
TRACE 284556,-7.10,-9.00,0.534
TRACE 286336,-7.20,-8.50,0.483
TRACE 288100,-7.30,-8.00,-0.520
TRACE 289898,-7.40,-8.00,-0.556
TRACE 291667,-7.51,-8.00,-0.560
TRACE 293455,-7.61,-8.00,-0.596
TRACE 295233,-7.72,-8.00,-0.600
TRACE 297016,-7.82,-8.00,-0.636
TRACE 298796,-7.93,-9.00,-0.513
TRACE 300592,-8.04,-9.00,-0.475
TRACE 302403,-8.14,-9.00,-0.478
TRACE 304229,-8.25,-9.00,-0.482
TRACE 306062,-8.36,-9.50,0.481
TRACE 307944,-8.48,-10.00,0.524
TRACE 309767,-8.59,-10.00,0.520
TRACE 311570,-8.69,-10.50,0.500
TRACE 313378,-8.80,-10.50,0.497
TRACE 315168,-8.91,-10.50,0.494
TRACE 316979,-9.02,-10.00,-0.476
TRACE 318804,-9.13,-10.00,-0.510
TRACE 320630,-9.24,-10.00,-0.545
TRACE 322468,-9.35,-10.00,-0.548
TRACE 324279,-9.46,-10.00,-0.583
TRACE 326095,-9.57,-10.00,-0.586
TRACE 327919,-9.68,-10.00,-0.590
TRACE 329756,-9.79,-10.00,-0.562
TRACE 331580,-9.89,-10.50,-0.519
TRACE 333396,-10.00,-11.00,-0.475
TRACE 335221,-10.11,-11.00,-0.479
TRACE 337080,-10.22,-11.00,-0.482
TRACE 338895,-10.33,-11.00,-0.486
TRACE 340705,-10.44,-12.00,0.524
TRACE 342535,-10.55,-12.00,0.521
TRACE 344341,-10.66,-12.50,0.533
TRACE 346137,-10.77,-13.00,0.545
TRACE 347951,-10.88,-13.00,0.541
TRACE 349753,-10.99,-12.50,0.492
TRACE 351570,-11.09,-12.00,-0.478
TRACE 362668,-11.76,-11.00,-0.627
TRACE 364506,-11.87,-10.00,-0.697
TRACE 366338,-11.98,-10.00,-0.718
TRACE 368166,-12.09,-10.00,-0.740
TRACE 370017,-12.20,-10.00,-0.743
TRACE 371878,-12.31,-10.00,-0.728
TRACE 373712,-12.42,-10.00,-0.713
TRACE 375567,-12.53,-10.00,-0.706
TRACE 377402,-12.64,-11.00,-0.555
TRACE 379219,-12.75,-11.00,-0.558
TRACE 381051,-12.86,-11.00,-0.562
TRACE 382872,-12.97,-11.00,-0.565
TRACE 384742,-13.08,-12.00,-0.476
TRACE 386584,-13.20,-12.00,-0.480
TRACE 388411,-13.30,-13.00,0.530
TRACE 390229,-13.41,-13.00,0.464
TRACE 392060,-13.52,-13.50,0.507
TRACE 393895,-13.63,-14.00,0.550
TRACE 395700,-13.74,-14.00,0.547
TRACE 397485,-13.85,-14.00,0.482
TRACE 399355,-13.96,-14.00,0.478
TRACE 401159,-14.07,-14.00,-0.507
TRACE 402983,-14.18,-13.50,-0.557
TRACE 404813,-14.29,-13.00,-0.638
TRACE 406639,-14.40,-13.00,-0.673
TRACE 408461,-14.51,-13.00,-0.676
TRACE 410269,-14.62,-13.00,-0.679
TRACE 412117,-14.73,-13.00,-0.682
TRACE 413937,-14.84,-13.50,-0.639
TRACE 415766,-14.95,-14.00,-0.565
TRACE 417614,-15.06,-14.00,-0.537
TRACE 419557,-15.17,-14.00,-0.541
TRACE 421378,-15.28,-15.00,0.467
TRACE 423223,-15.39,-15.00,0.464
TRACE 425055,-15.50,-15.00,0.461
TRACE 426848,-15.61,-15.50,0.473
TRACE 428652,-15.72,-16.00,0.485
TRACE 430482,-15.83,-16.00,0.481
TRACE 432297,-15.94,-15.50,-0.487
TRACE 434124,-16.05,-15.00,-0.599
TRACE 435949,-16.16,-15.00,-0.603
TRACE 437764,-16.27,-15.00,-0.606
TRACE 439568,-16.37,-15.00,-0.641
TRACE 441398,-16.48,-15.00,-0.675
TRACE 443238,-16.59,-15.00,-0.679
TRACE 445067,-16.70,-15.00,-0.650
TRACE 446889,-16.81,-15.00,-0.622
TRACE 448723,-16.92,-15.50,-0.579
TRACE 450548,-17.03,-16.00,-0.536
TRACE 452369,-17.14,-16.00,-0.540
TRACE 454205,-17.25,-16.50,-0.497
TRACE 456044,-17.36,-17.00,0.466
TRACE 457851,-17.47,-17.00,0.463
TRACE 459670,-17.58,-17.50,0.506
TRACE 461493,-17.69,-18.00,0.518
TRACE 463304,-17.80,-18.00,0.483
TRACE 465127,-17.91,-18.00,0.480
TRACE 466956,-18.02,-18.00,-0.474
TRACE 468767,-18.13,-18.00,-0.509
TRACE 470597,-18.24,-18.00,-0.512
TRACE 472433,-18.35,-18.00,-0.547
TRACE 474276,-18.46,-18.00,-0.582
TRACE 476092,-18.57,-18.00,-0.585
TRACE 477929,-18.68,-18.00,-0.588
TRACE 479758,-18.79,-19.00,-0.499
TRACE 481582,-18.89,-19.00,-0.502
TRACE 483515,-19.01,-19.00,-0.506
TRACE 485355,-19.12,-20.00,0.502
TRACE 487158,-19.23,-20.00,0.499
TRACE 488968,-19.34,-20.50,0.542
TRACE 490798,-19.45,-21.00,0.585
TRACE 492608,-19.56,-21.00,0.520
TRACE 494431,-19.67,-21.00,0.517
TRACE 496231,-19.77,-21.00,0.515
TRACE 498044,-19.88,-20.00,-0.564
TRACE 499871,-19.99,-20.00,-0.568
TRACE 501711,-20.10,-20.00,-0.602
TRACE 503540,-20.21,-20.00,-0.637
TRACE 505362,-20.32,-20.00,-0.640
TRACE 507198,-20.43,-20.00,-0.644
TRACE 509035,-20.54,-20.00,-0.647
TRACE 510862,-20.65,-20.00,-0.588
TRACE 512758,-20.77,-21.00,-0.499
TRACE 514575,-20.87,-21.00,-0.502
TRACE 516404,-20.98,-21.00,-0.505
TRACE 518238,-21.09,-21.00,-0.509
TRACE 520074,-21.20,-22.00,0.500
TRACE 521897,-21.31,-22.00,0.497
TRACE 523697,-21.42,-23.00,0.586
TRACE 525513,-21.53,-23.00,0.522
TRACE 527334,-21.64,-23.00,0.518
TRACE 538440,-22.31,-23.00,-0.475
TRACE 540268,-22.42,-23.00,-0.478
TRACE 542099,-22.53,-23.00,-0.517
TRACE 543931,-22.64,-23.00,-0.521
TRACE 545752,-22.75,-23.00,-0.560
TRACE 547580,-22.85,-23.00,-0.564
TRACE 549412,-22.96,-24.00,-0.501
TRACE 551247,-23.07,-24.00,-0.478
TRACE 553075,-23.18,-24.00,-0.481
TRACE 554930,-23.30,-24.50,0.482
TRACE 556747,-23.40,-25.00,0.525
TRACE 558578,-23.51,-25.00,0.521
TRACE 560431,-23.63,-25.00,0.518
TRACE 562248,-23.73,-25.00,-0.468
TRACE 564060,-23.84,-25.00,-0.471
TRACE 565895,-23.95,-25.00,-0.474
TRACE 567754,-24.07,-25.00,-0.509
TRACE 569598,-24.18,-25.00,-0.543
TRACE 571430,-24.29,-25.00,-0.547
TRACE 573308,-24.40,-25.00,-0.550
TRACE 575169,-24.51,-25.00,-0.553
TRACE 577011,-24.62,-25.50,-0.511
TRACE 578850,-24.73,-25.50,-0.514
TRACE 580679,-24.84,-26.00,-0.471
TRACE 582496,-24.95,-26.00,-0.474
TRACE 584309,-25.06,-26.00,-0.478
TRACE 586139,-25.17,-26.50,0.485
TRACE 587951,-25.28,-27.00,0.529
TRACE 589772,-25.39,-27.00,0.494
TRACE 591594,-25.50,-27.00,0.491
TRACE 593420,-25.61,-27.00,-0.463
TRACE 595323,-25.72,-27.00,-0.467
TRACE 597135,-25.83,-27.00,-0.470
TRACE 598957,-25.94,-27.00,-0.505
TRACE 600773,-26.05,-27.00,-0.539
TRACE 602583,-26.15,-27.00,-0.543
TRACE 604408,-26.26,-27.00,-0.546
TRACE 606217,-26.37,-27.00,-0.549
TRACE 608051,-26.48,-27.00,-0.552
TRACE 609875,-26.59,-27.00,-0.556
TRACE 611705,-26.70,-27.00,-0.559
TRACE 613523,-26.81,-27.00,-0.562
TRACE 615351,-26.92,-27.50,-0.519
TRACE 617181,-27.03,-28.00,-0.476
TRACE 618992,-27.14,-28.00,-0.480
TRACE 620818,-27.25,-28.00,-0.483
TRACE 622632,-27.36,-29.00,0.527
TRACE 624421,-27.47,-29.00,0.524
TRACE 626228,-27.57,-29.00,0.521
TRACE 628058,-27.68,-29.00,0.486
TRACE 629887,-27.79,-29.50,0.498
TRACE 631684,-27.90,-30.00,0.541
TRACE 633495,-28.01,-30.00,0.538
TRACE 635308,-28.12,-30.00,0.472
TRACE 637102,-28.23,-29.50,-0.498
TRACE 638935,-28.34,-29.00,-0.548
TRACE 640754,-28.45,-29.00,-0.551
TRACE 642585,-28.56,-29.50,-0.540
TRACE 644412,-28.66,-30.00,-0.528
TRACE 646227,-28.77,-30.00,-0.531
TRACE 648080,-28.88,-30.00,-0.535
TRACE 649890,-28.99,-31.00,0.506
TRACE 651703,-29.10,-31.00,0.534
TRACE 653514,-29.21,-31.00,0.531
TRACE 655306,-29.32,-31.00,0.497
TRACE 657105,-29.43,-31.00,0.462
TRACE 658965,-29.54,-31.00,-0.461
TRACE 660788,-29.65,-31.00,-0.464
TRACE 662621,-29.76,-31.00,-0.531
TRACE 664437,-29.87,-31.00,-0.534
TRACE 666262,-29.98,-31.00,-0.537
TRACE 668083,-30.08,-31.50,-0.494
TRACE 669902,-30.19,-32.00,0.469
TRACE 671709,-30.30,-32.00,0.466
TRACE 673506,-30.41,-32.50,0.509
TRACE 675311,-30.52,-33.00,0.553
TRACE 677124,-30.63,-33.00,0.549
TRACE 678940,-30.74,-33.00,0.546
TRACE 680757,-30.85,-32.00,-0.502
TRACE 682573,-30.95,-32.00,-0.537
TRACE 684399,-31.06,-32.00,-0.540
TRACE 686202,-31.17,-32.00,-0.575
TRACE 688032,-31.28,-32.00,-0.609
TRACE 689879,-31.39,-32.00,-0.613
TRACE 691687,-31.50,-32.00,-0.616
TRACE 693515,-31.61,-32.00,-0.556
TRACE 695346,-31.72,-32.00,-0.560
TRACE 697196,-31.83,-32.00,-0.563
TRACE 699036,-31.94,-32.50,-0.520
TRACE 700892,-32.05,-33.00,-0.477
TRACE 702736,-32.16,-33.00,-0.481
TRACE 713817,-32.83,-35.00,0.526
TRACE 715625,-32.94,-36.00,0.589
TRACE 717443,-33.05,-36.00,0.585
TRACE 719243,-33.15,-36.00,0.583
TRACE 721063,-33.26,-36.50,0.594
TRACE 722893,-33.37,-37.00,0.606
TRACE 724716,-33.48,-37.00,0.603
TRACE 726543,-33.59,-37.00,0.580
TRACE 728359,-33.70,-36.50,0.467
TRACE 730180,-33.81,-36.50,0.464
TRACE 732013,-33.92,-36.00,-0.506
TRACE 733844,-34.03,-36.00,-0.540
TRACE 735661,-34.14,-36.00,-0.575
TRACE 737491,-34.25,-36.00,-0.578
TRACE 739326,-34.36,-36.00,-0.581
TRACE 741152,-34.47,-37.00,-0.461
TRACE 742983,-34.58,-37.00,-0.464
TRACE 744859,-34.69,-37.00,0.484
TRACE 746672,-34.80,-37.00,0.480
TRACE 748475,-34.91,-38.00,0.570
TRACE 750497,-35.03,-38.00,0.564
TRACE 752305,-35.14,-38.00,0.561
TRACE 754102,-35.25,-38.00,0.496
TRACE 755910,-35.35,-38.00,0.493
TRACE 757715,-35.46,-37.00,-0.522
TRACE 759559,-35.57,-37.00,-0.525
TRACE 761397,-35.68,-37.00,-0.590
TRACE 763206,-35.79,-37.00,-0.595
TRACE 765029,-35.90,-37.00,-0.598
TRACE 766845,-36.01,-37.00,-0.601
TRACE 768649,-36.12,-37.00,-0.604
TRACE 770471,-36.23,-37.00,-0.545
TRACE 772325,-36.34,-37.00,-0.548
TRACE 774146,-36.45,-37.00,-0.551
TRACE 775985,-36.56,-37.00,-0.555
TRACE 777806,-36.67,-38.00,-0.465
TRACE 779632,-36.78,-38.00,-0.469
TRACE 781441,-36.89,-38.00,-0.472
TRACE 783256,-37.00,-39.00,0.537
TRACE 785077,-37.10,-39.00,0.534
TRACE 786896,-37.21,-39.00,0.531
TRACE 788703,-37.32,-39.00,0.528
TRACE 790520,-37.43,-39.00,0.462
TRACE 792329,-37.54,-39.00,-0.461
TRACE 794187,-37.65,-39.00,-0.465
TRACE 796035,-37.76,-39.00,-0.531
TRACE 797853,-37.87,-39.00,-0.534
TRACE 799678,-37.98,-40.00,0.475
TRACE 801490,-38.09,-40.00,0.472
TRACE 803297,-38.20,-40.00,0.469
TRACE 805094,-38.31,-40.00,0.466
TRACE 806898,-38.41,-40.00,0.463
TRACE 808708,-38.52,-40.00,-0.461
TRACE 810533,-38.63,-40.00,-0.464
TRACE 812364,-38.74,-40.00,-0.530
TRACE 814200,-38.85,-40.00,-0.534
TRACE 816029,-38.96,-40.00,-0.537
TRACE 817842,-39.07,-40.00,-0.540
TRACE 819677,-39.18,-40.00,-0.543
TRACE 821505,-39.29,-40.00,-0.547
TRACE 823320,-39.40,-41.00,0.463
TRACE 825142,-39.51,-41.00,-0.461
TRACE 826962,-39.62,-41.00,-0.464
TRACE 828780,-39.73,-41.00,-0.467
TRACE 830587,-39.84,-41.00,-0.470
TRACE 832416,-39.94,-41.00,-0.474
TRACE 834232,-40.05,-41.00,-0.477
TRACE 836222,-40.17,-41.00,-0.543
TRACE 838052,-40.28,-42.00,0.465
TRACE 839875,-40.39,-42.00,0.462
TRACE 841674,-40.50,-42.00,-0.461
TRACE 843498,-40.61,-42.50,0.502
TRACE 845302,-40.72,-42.50,0.499
TRACE 847107,-40.83,-43.00,0.541
TRACE 848903,-40.93,-43.00,0.540
TRACE 850696,-41.04,-42.50,-0.493
TRACE 852508,-41.15,-42.00,-0.543
TRACE 854335,-41.26,-42.00,-0.546
TRACE 856153,-41.37,-42.00,-0.581
TRACE 857972,-41.48,-42.00,-0.584
TRACE 859780,-41.59,-42.00,-0.619
TRACE 861611,-41.70,-42.00,-0.622
TRACE 863428,-41.81,-42.00,-0.594
TRACE 865370,-41.92,-42.00,-0.566
TRACE 867190,-42.03,-42.50,-0.523
TRACE 869017,-42.14,-43.00,-0.480
TRACE 870835,-42.25,-43.00,-0.483
TRACE 872637,-42.36,-43.00,-0.487
TRACE 874479,-42.47,-43.50,0.476
TRACE 876286,-42.58,-44.00,0.519
TRACE 878070,-42.68,-44.00,0.517
TRACE 889095,-43.35,-44.00,-0.494
TRACE 890966,-43.46,-44.00,-0.515
TRACE 892794,-43.57,-43.00,-0.585
TRACE 894646,-43.68,-43.00,-0.588
TRACE 896477,-43.79,-43.00,-0.610
TRACE 898317,-43.90,-43.00,-0.631
TRACE 900156,-44.01,-43.00,-0.635
TRACE 902002,-44.12,-43.50,-0.618
TRACE 903852,-44.23,-44.00,-0.575
TRACE 905677,-44.34,-44.00,-0.516
TRACE 907495,-44.45,-44.00,-0.519
TRACE 909332,-44.56,-44.50,-0.476
TRACE 911156,-44.67,-45.00,0.487
TRACE 912979,-44.78,-45.00,0.483
TRACE 914798,-44.89,-45.00,-0.471
TRACE 916631,-45.00,-46.00,0.507
TRACE 918449,-45.11,-46.00,0.504
TRACE 920297,-45.22,-46.00,0.500
TRACE 922112,-45.33,-46.00,0.466
TRACE 923924,-45.44,-46.00,-0.488
TRACE 925879,-45.55,-46.00,-0.493
TRACE 927695,-45.66,-46.00,-0.496
TRACE 929515,-45.77,-45.50,-0.607
TRACE 931348,-45.88,-45.50,-0.610
TRACE 933162,-45.99,-46.00,-0.568
TRACE 934974,-46.10,-46.00,-0.571
TRACE 936806,-46.21,-46.00,-0.574
TRACE 938642,-46.32,-46.00,-0.578
TRACE 940465,-46.43,-46.50,-0.535
TRACE 942285,-46.54,-47.00,-0.460
TRACE 944113,-46.65,-47.00,-0.463
TRACE 945940,-46.76,-47.00,-0.498
TRACE 947874,-46.87,-48.00,0.510
TRACE 949673,-46.98,-48.00,0.507
TRACE 951505,-47.09,-49.00,0.596
TRACE 953312,-47.20,-49.00,0.562
TRACE 955133,-47.31,-49.00,0.527
TRACE 956971,-47.42,-49.00,0.524
TRACE 958798,-47.53,-49.00,0.521
TRACE 960623,-47.64,-49.00,-0.464
TRACE 962448,-47.75,-48.00,-0.560
TRACE 964261,-47.86,-48.00,-0.626
TRACE 966073,-47.96,-48.00,-0.630
TRACE 967885,-48.07,-48.00,-0.633
TRACE 969715,-48.18,-48.00,-0.636
TRACE 971548,-48.29,-48.00,-0.640
TRACE 973358,-48.40,-49.00,-0.550
TRACE 975201,-48.51,-49.00,-0.491
TRACE 977024,-48.62,-49.00,-0.494
TRACE 978853,-48.73,-49.50,0.469
TRACE 980687,-48.84,-50.00,0.512
TRACE 982484,-48.95,-50.00,0.509
TRACE 984304,-49.06,-50.50,0.552
TRACE 986113,-49.17,-51.00,0.532
TRACE 987935,-49.28,-51.00,0.529
TRACE 989764,-49.39,-50.50,0.480
TRACE 991585,-49.50,-50.00,-0.521
TRACE 993423,-49.61,-50.00,-0.556
TRACE 995252,-49.72,-50.00,-0.559
TRACE 997079,-49.82,-50.00,-0.594
TRACE 998918,-49.94,-50.00,-0.629
TRACE 1000723,-50.04,-50.00,-0.632
TRACE 1002535,-50.15,-50.00,-0.604
TRACE 1004364,-50.26,-50.00,-0.576
TRACE 1006200,-50.37,-51.00,-0.487
TRACE 1008017,-50.48,-51.00,-0.490
TRACE 1009852,-50.59,-51.00,-0.493
TRACE 1011798,-50.71,-51.00,-0.497
TRACE 1013642,-50.82,-52.00,0.511
TRACE 1015466,-50.93,-52.00,0.508
TRACE 1017270,-51.04,-53.00,0.597
TRACE 1019081,-51.14,-53.00,0.532
TRACE 1020887,-51.25,-53.00,0.529
TRACE 1022707,-51.36,-53.00,0.526
TRACE 1024514,-51.47,-53.00,0.524
TRACE 1026331,-51.58,-53.00,-0.462
TRACE 1028149,-51.69,-52.50,-0.512
TRACE 1029966,-51.80,-52.00,-0.625
TRACE 1031796,-51.91,-52.00,-0.628
TRACE 1033623,-52.02,-52.00,-0.631
TRACE 1035460,-52.13,-52.50,-0.588
TRACE 1037278,-52.24,-53.00,-0.545
TRACE 1039105,-52.35,-53.00,-0.548
TRACE 1041013,-52.46,-53.00,-0.521
TRACE 1042856,-52.57,-53.00,-0.493
TRACE 1044687,-52.68,-54.00,0.516
TRACE 1046499,-52.79,-54.00,0.513
TRACE 1048325,-52.90,-54.50,0.524
TRACE 1050125,-53.01,-55.00,0.536
TRACE 1051920,-53.12,-55.00,0.533
TRACE 1053737,-53.22,-55.00,0.531
TRACE 1055567,-53.33,-55.00,0.528
TRACE 1066692,-54.00,-54.50,-0.535
TRACE 1068522,-54.11,-54.00,-0.571
TRACE 1070355,-54.22,-54.00,-0.593
TRACE 1072182,-54.33,-54.00,-0.614
TRACE 1074030,-54.44,-54.00,-0.617
TRACE 1075876,-54.55,-54.00,-0.621
TRACE 1077709,-54.66,-55.00,-0.558
TRACE 1079545,-54.77,-55.00,-0.530
TRACE 1081377,-54.88,-55.00,-0.502
TRACE 1083230,-54.99,-55.50,0.460
TRACE 1085042,-55.10,-56.00,0.503
TRACE 1086852,-55.21,-56.00,0.500
TRACE 1088690,-55.32,-56.50,0.543
TRACE 1090492,-55.43,-57.00,0.524
TRACE 1092287,-55.54,-57.00,0.521
TRACE 1094093,-55.65,-57.00,0.518
TRACE 1095905,-55.75,-57.00,0.484
TRACE 1097726,-55.86,-57.00,-0.471
TRACE 1099562,-55.97,-57.00,-0.474
TRACE 1101397,-56.08,-56.50,-0.556
TRACE 1103256,-56.20,-57.00,-0.544
TRACE 1105071,-56.30,-57.00,-0.547
TRACE 1106894,-56.41,-57.00,-0.550
TRACE 1108718,-56.52,-57.00,-0.554
TRACE 1110530,-56.63,-57.00,-0.557
TRACE 1112368,-56.74,-57.00,-0.560
TRACE 1114187,-56.85,-57.50,-0.486
TRACE 1116002,-56.96,-58.00,-0.474
TRACE 1117842,-57.07,-58.00,-0.477
TRACE 1119673,-57.18,-58.50,0.485
TRACE 1121473,-57.29,-59.00,0.529
TRACE 1123347,-57.40,-59.00,0.525
TRACE 1125169,-57.51,-59.00,0.522
TRACE 1126995,-57.62,-59.00,0.487
TRACE 1128805,-57.73,-59.00,-0.467
TRACE 1130629,-57.84,-59.00,-0.471
TRACE 1132444,-57.95,-59.00,-0.505
TRACE 1134241,-58.05,-59.00,-0.540
TRACE 1136080,-58.16,-59.00,-0.543
TRACE 1137898,-58.27,-60.00,0.467
TRACE 1139710,-58.38,-60.00,0.463
TRACE 1141520,-58.49,-60.00,0.460
TRACE 1143338,-58.60,-60.00,-0.463
TRACE 1145171,-58.71,-60.50,0.500
TRACE 1146984,-58.82,-60.50,0.497
TRACE 1148806,-58.93,-60.00,-0.473
TRACE 1150633,-59.04,-60.00,-0.539
TRACE 1152464,-59.15,-60.00,-0.542
TRACE 1154277,-59.26,-60.00,-0.546
TRACE 1156099,-59.37,-60.00,-0.549
TRACE 1157923,-59.48,-60.00,-0.584
TRACE 1159756,-59.59,-60.00,-0.587
TRACE 1161584,-59.70,-60.00,-0.559
TRACE 1163405,-59.80,-60.50,-0.516
TRACE 1165216,-59.91,-61.00,-0.473
TRACE 1167052,-60.02,-61.00,-0.476
TRACE 1168874,-60.13,-61.00,-0.479
TRACE 1170689,-60.24,-61.00,-0.483
TRACE 1172493,-60.35,-61.00,-0.486
TRACE 1174319,-60.46,-62.00,0.524
TRACE 1176123,-60.57,-62.00,0.489
TRACE 1177936,-60.68,-62.00,-0.465
TRACE 1179790,-60.79,-62.50,0.498
TRACE 1181623,-60.90,-63.00,0.541
TRACE 1183439,-61.01,-63.00,0.537
TRACE 1185275,-61.12,-63.00,0.534
TRACE 1187091,-61.23,-63.00,0.468
TRACE 1188916,-61.33,-62.50,-0.502
TRACE 1190745,-61.44,-62.00,-0.551
TRACE 1192592,-61.56,-62.00,-0.586
TRACE 1194423,-61.67,-62.00,-0.620
TRACE 1196252,-61.78,-62.00,-0.624
TRACE 1198098,-61.89,-62.00,-0.627
TRACE 1199909,-61.99,-62.00,-0.630
TRACE 1201718,-62.10,-62.00,-0.602
TRACE 1203555,-62.21,-62.00,-0.574
TRACE 1205381,-62.32,-62.50,-0.531
TRACE 1207209,-62.43,-63.00,-0.488
TRACE 1209035,-62.54,-63.00,-0.492
TRACE 1210871,-62.65,-63.00,-0.495
TRACE 1212685,-62.76,-63.50,0.468
TRACE 1214504,-62.87,-64.00,0.511
TRACE 1216324,-62.98,-64.00,0.508
TRACE 1218157,-63.09,-64.50,0.520
TRACE 1219960,-63.20,-65.00,0.532
TRACE 1221779,-63.31,-65.00,0.528
TRACE 1223585,-63.42,-65.00,0.525
TRACE 1225390,-63.52,-64.50,-0.476
TRACE 1227219,-63.63,-64.00,-0.557
TRACE 1229057,-63.74,-64.00,-0.560
TRACE 1230880,-63.85,-64.00,-0.595
TRACE 1241945,-64.52,-66.00,-0.487
TRACE 1243797,-64.63,-66.00,-0.491
TRACE 1245640,-64.74,-67.00,0.492
TRACE 1247459,-64.85,-67.00,0.507
TRACE 1249277,-64.96,-67.00,0.522
TRACE 1251118,-65.07,-68.00,0.585
TRACE 1252923,-65.18,-68.00,0.582
TRACE 1254765,-65.29,-68.00,0.558
TRACE 1256584,-65.40,-68.00,0.555
TRACE 1258400,-65.50,-68.00,0.490
TRACE 1260236,-65.61,-67.50,-0.480
TRACE 1262058,-65.72,-67.00,-0.530
TRACE 1263877,-65.83,-67.00,-0.596
TRACE 1265711,-65.94,-67.00,-0.599
TRACE 1267544,-66.05,-67.00,-0.602
TRACE 1269371,-66.16,-67.00,-0.605
TRACE 1271185,-66.27,-67.00,-0.609
TRACE 1273039,-66.38,-67.00,-0.581
TRACE 1274856,-66.49,-67.00,-0.553
TRACE 1276671,-66.60,-67.50,-0.510
TRACE 1278630,-66.72,-68.00,-0.468
TRACE 1280450,-66.83,-68.00,-0.471
TRACE 1282281,-66.94,-68.50,0.492
TRACE 1284086,-67.05,-69.00,0.535
TRACE 1285915,-67.15,-69.00,0.532
TRACE 1287719,-67.26,-69.00,0.528
TRACE 1289526,-67.37,-69.00,0.494
TRACE 1291341,-67.48,-69.00,0.461
TRACE 1293151,-67.59,-69.00,-0.463
TRACE 1295005,-67.70,-69.00,-0.498
TRACE 1296834,-67.81,-69.00,-0.532
TRACE 1298665,-67.92,-69.00,-0.536
TRACE 1300630,-68.04,-69.00,-0.539
TRACE 1302444,-68.15,-69.00,-0.542
TRACE 1304311,-68.26,-69.00,-0.546
TRACE 1306136,-68.37,-69.00,-0.549
TRACE 1307943,-68.48,-69.50,-0.506
TRACE 1309780,-68.59,-70.00,-0.464
TRACE 1311609,-68.70,-70.00,-0.467
TRACE 1313430,-68.81,-71.00,0.543
TRACE 1315216,-68.91,-71.00,0.540
TRACE 1317041,-69.02,-71.00,0.537
TRACE 1318840,-69.13,-71.00,0.534
TRACE 1320645,-69.24,-71.00,0.499
TRACE 1322484,-69.35,-71.50,0.511
TRACE 1324301,-69.46,-71.50,0.508
TRACE 1326124,-69.57,-71.50,-0.479
TRACE 1327949,-69.68,-71.00,-0.528
TRACE 1329778,-69.79,-71.00,-0.532
TRACE 1331604,-69.90,-71.50,-0.489
TRACE 1333417,-70.01,-72.00,0.474
TRACE 1335241,-70.11,-72.00,-0.480
TRACE 1337070,-70.22,-72.00,-0.483
TRACE 1338886,-70.33,-72.00,-0.487
TRACE 1340729,-70.44,-72.00,0.461
TRACE 1342535,-70.55,-72.00,-0.462
TRACE 1344362,-70.66,-72.00,-0.496
TRACE 1346178,-70.77,-72.00,-0.531
TRACE 1347995,-70.88,-72.00,-0.534
TRACE 1349824,-70.99,-72.00,-0.538
TRACE 1351665,-71.10,-72.50,-0.495
TRACE 1353482,-71.21,-73.00,0.468
TRACE 1355302,-71.32,-73.00,0.465
TRACE 1357107,-71.43,-73.00,0.462
TRACE 1358918,-71.54,-73.00,-0.461
TRACE 1360735,-71.64,-73.00,-0.465
TRACE 1362574,-71.75,-73.50,0.498
TRACE 1364477,-71.87,-74.00,0.510
TRACE 1366305,-71.98,-74.00,0.475
TRACE 1368116,-72.09,-74.00,0.472
TRACE 1369925,-72.20,-73.50,-0.498
TRACE 1371746,-72.30,-73.00,-0.547
TRACE 1373575,-72.41,-73.00,-0.550
TRACE 1375397,-72.52,-73.00,-0.585
TRACE 1377217,-72.63,-73.00,-0.620
TRACE 1379039,-72.74,-73.00,-0.623
TRACE 1380850,-72.85,-73.50,-0.580
TRACE 1382702,-72.96,-74.00,-0.506
TRACE 1384533,-73.07,-74.00,-0.478
TRACE 1386347,-73.18,-74.00,-0.481
TRACE 1388167,-73.29,-74.50,0.482
TRACE 1389986,-73.40,-75.00,0.525
TRACE 1391793,-73.51,-75.00,0.522
TRACE 1393680,-73.62,-75.00,0.487
TRACE 1395490,-73.73,-75.00,-0.467
TRACE 1397330,-73.84,-75.00,-0.471
TRACE 1399140,-73.95,-75.00,-0.474
TRACE 1400960,-74.06,-75.00,-0.508
TRACE 1402774,-74.17,-75.00,-0.543
TRACE 1404585,-74.28,-75.00,-0.546
TRACE 1406418,-74.39,-75.00,-0.550
TRACE 1408245,-74.49,-75.00,-0.553
TRACE 1419403,-75.16,-76.50,-0.474
TRACE 1421220,-75.27,-77.00,0.476
TRACE 1423060,-75.38,-77.00,0.473
TRACE 1424877,-75.49,-77.00,0.470
TRACE 1426701,-75.60,-77.50,0.499
TRACE 1428520,-75.71,-78.00,0.529
TRACE 1430345,-75.82,-77.50,0.493
TRACE 1432164,-75.93,-77.00,-0.505
TRACE 1434011,-76.04,-77.00,-0.539
TRACE 1435847,-76.15,-77.00,-0.543
TRACE 1437679,-76.26,-77.00,-0.546
TRACE 1439508,-76.37,-77.00,-0.580
TRACE 1441358,-76.48,-77.00,-0.615
TRACE 1443187,-76.59,-77.00,-0.587
TRACE 1444998,-76.70,-77.00,-0.559
TRACE 1446832,-76.81,-77.00,-0.562
TRACE 1448655,-76.92,-77.00,-0.566
TRACE 1450467,-77.03,-77.00,-0.569
TRACE 1452289,-77.14,-78.00,-0.480
TRACE 1454112,-77.25,-78.00,-0.483
TRACE 1455984,-77.36,-78.00,-0.486
TRACE 1457804,-77.47,-79.00,0.523
TRACE 1459612,-77.58,-79.00,0.520
TRACE 1461417,-77.69,-79.00,0.517
TRACE 1463225,-77.79,-79.00,0.514
TRACE 1465042,-77.90,-80.00,0.540
TRACE 1466856,-78.01,-80.00,0.537
TRACE 1468662,-78.12,-80.00,0.535
TRACE 1470479,-78.23,-80.00,0.468
TRACE 1472298,-78.34,-80.00,0.465
TRACE 1474112,-78.45,-79.50,-0.505
TRACE 1475977,-78.56,-79.00,-0.555
TRACE 1477851,-78.67,-79.00,-0.621
TRACE 1479668,-78.78,-79.00,-0.624
TRACE 1481485,-78.89,-80.00,-0.535
TRACE 1483312,-79.00,-80.00,-0.538
TRACE 1485145,-79.11,-80.00,-0.541
TRACE 1486955,-79.22,-81.00,0.499
TRACE 1488758,-79.33,-81.00,0.527
TRACE 1490580,-79.43,-81.00,0.525
TRACE 1492385,-79.54,-81.00,0.522
TRACE 1494179,-79.65,-81.00,-0.465
TRACE 1495999,-79.76,-81.00,-0.468
TRACE 1497823,-79.87,-81.00,-0.471
TRACE 1499653,-79.98,-81.00,-0.537
TRACE 1501470,-80.09,-82.00,0.472
TRACE 1503284,-80.20,-82.00,0.469
TRACE 1505105,-80.31,-82.00,0.466
TRACE 1506909,-80.41,-82.00,0.462
TRACE 1508722,-80.52,-82.00,-0.461
TRACE 1510545,-80.63,-82.00,-0.464
TRACE 1512388,-80.74,-82.00,-0.467
TRACE 1514203,-80.85,-82.00,-0.534
TRACE 1516008,-80.96,-82.00,-0.537
TRACE 1517824,-81.07,-82.00,-0.530
TRACE 1519698,-81.18,-82.00,-0.532
TRACE 1521585,-81.29,-82.00,-0.535
TRACE 1523472,-81.40,-82.00,-0.538
TRACE 1525369,-81.51,-82.00,-0.540
TRACE 1527270,-81.62,-82.50,-0.497
TRACE 1529139,-81.73,-83.00,0.465
TRACE 1531016,-81.84,-83.00,0.463
TRACE 1532903,-81.95,-83.00,-0.460
TRACE 1534811,-82.06,-83.00,-0.463
TRACE 1536697,-82.16,-84.00,0.545
TRACE 1538572,-82.27,-84.00,0.543
TRACE 1540474,-82.37,-84.00,0.510
TRACE 1542344,-82.47,-84.00,0.478
TRACE 1544232,-82.58,-84.00,0.475
TRACE 1546118,-82.68,-84.00,0.473
TRACE 1547997,-82.78,-83.00,-0.540
TRACE 1549891,-82.88,-83.00,-0.603
TRACE 1551796,-82.98,-83.00,-0.605
TRACE 1553687,-83.08,-83.00,-0.608
TRACE 1555583,-83.18,-83.00,-0.610
TRACE 1557479,-83.28,-83.00,-0.612
TRACE 1559390,-83.38,-83.00,-0.614
TRACE 1561280,-83.48,-84.00,-0.466
TRACE 1563180,-83.57,-84.00,-0.468
TRACE 1565069,-83.67,-84.50,0.495
TRACE 1566952,-83.76,-85.00,0.538
TRACE 1568861,-83.86,-85.00,0.536
TRACE 1570759,-83.95,-85.00,0.533
TRACE 1572615,-84.04,-85.00,0.532
TRACE 1574501,-84.14,-85.00,0.469
TRACE 1576390,-84.23,-85.00,0.467
TRACE 1578276,-84.32,-85.00,-0.485
TRACE 1580153,-84.41,-85.00,-0.517
TRACE 1591279,-84.92,-85.00,-0.529
TRACE 1593206,-85.01,-85.00,-0.531
TRACE 1595097,-85.09,-86.00,-0.467
TRACE 1596990,-85.17,-86.00,-0.469
TRACE 1598892,-85.26,-86.50,0.482
TRACE 1600795,-85.34,-87.00,0.513
TRACE 1602707,-85.42,-87.00,0.511
TRACE 1604600,-85.50,-87.00,0.559
TRACE 1606487,-85.58,-87.00,0.557
TRACE 1608389,-85.66,-87.00,0.495
TRACE 1610275,-85.74,-87.00,0.494
TRACE 1612134,-85.82,-87.00,0.462
TRACE 1614042,-85.89,-87.00,-0.490
TRACE 1615941,-85.97,-86.00,-0.582
TRACE 1617853,-86.05,-86.00,-0.583
TRACE 1619766,-86.12,-86.00,-0.585
TRACE 1621655,-86.20,-86.00,-0.586
TRACE 1623553,-86.27,-86.00,-0.588
TRACE 1625450,-86.34,-86.50,-0.544
TRACE 1627412,-86.42,-87.00,-0.501
TRACE 1629288,-86.49,-87.00,0.478
TRACE 1631173,-86.56,-88.00,0.567
TRACE 1633096,-86.63,-88.00,0.565
TRACE 1635011,-86.70,-88.00,0.563
TRACE 1636903,-86.77,-88.00,0.562
TRACE 1638836,-86.84,-88.00,0.530
TRACE 1640725,-86.90,-88.00,0.500
TRACE 1642621,-86.97,-88.00,0.498
TRACE 1644554,-87.04,-88.00,-0.483
TRACE 1646530,-87.11,-88.00,-0.484
TRACE 1648480,-87.17,-88.00,-0.486
TRACE 1650421,-87.24,-88.00,-0.487
TRACE 1652345,-87.30,-88.00,-0.488
TRACE 1654270,-87.36,-88.50,0.475
TRACE 1656198,-87.42,-89.00,0.058
TRACE 1658043,-87.48,-89.00,0.058
TRACE 1659873,-87.54,-89.00,0.057
TRACE 1661726,-87.60,-89.00,0.057
TRACE 1663572,-87.66,-89.00,0.056
TRACE 1665418,-87.71,-89.00,0.055
TRACE 1667267,-87.77,-89.00,0.024
TRACE 1669150,-87.82,-89.00,-0.008
TRACE 1671022,-87.88,-89.00,-0.009
TRACE 1672891,-87.93,-89.00,-0.010
TRACE 1674754,-87.99,-88.50,-0.516
TRACE 1676662,-88.04,-88.00,-0.563
TRACE 1678583,-88.09,-88.00,-0.563
TRACE 1680501,-88.15,-88.00,-0.564
TRACE 1682404,-88.20,-88.50,-0.519
TRACE 1684348,-88.25,-89.00,-0.015
TRACE 1686210,-88.30,-89.00,-0.016
TRACE 1688072,-88.35,-89.00,0.013
TRACE 1689935,-88.39,-89.00,0.043
TRACE 1691799,-88.44,-89.00,0.042
TRACE 1693659,-88.49,-89.00,0.042
TRACE 1695504,-88.53,-89.00,0.011
TRACE 1697375,-88.58,-89.00,-0.020
TRACE 1699242,-88.62,-89.00,-0.021
TRACE 1701093,-88.66,-89.00,-0.022
TRACE 1702953,-88.71,-89.00,-0.022
TRACE 1704835,-88.75,-89.00,-0.023
TRACE 1706697,-88.79,-88.50,-0.529
TRACE 1708707,-88.83,-88.50,-0.529
TRACE 1710629,-88.88,-88.00,-0.575
TRACE 1712560,-88.92,-88.50,-0.530
TRACE 1714507,-88.96,-89.00,-0.025
TRACE 1716380,-88.99,-89.00,-0.026
TRACE 1718251,-89.03,-89.00,-0.026
TRACE 1720125,-89.07,-89.00,0.003
TRACE 1722009,-89.10,-89.00,0.003
TRACE 1723877,-89.14,-89.00,0.033
TRACE 1725735,-89.17,-89.00,0.002
TRACE 1727607,-89.21,-89.00,-0.028
TRACE 1729471,-89.24,-89.00,-0.029
TRACE 1731330,-89.27,-88.50,-0.534
TRACE 1733293,-89.30,-88.00,-0.580
TRACE 1735208,-89.34,-88.00,-0.580
TRACE 1737217,-89.37,-88.50,-0.535
TRACE 1739169,-89.40,-89.00,-0.030
TRACE 1741046,-89.43,-89.00,-0.030
TRACE 1742901,-89.46,-89.00,-0.030
TRACE 1744771,-89.48,-89.00,-0.001
TRACE 1746649,-89.51,-89.00,0.029
TRACE 1748513,-89.54,-89.00,0.030
TRACE 1750371,-89.56,-89.00,-0.000
TRACE 1761574,-89.70,-88.00,-0.556
TRACE 1763513,-89.72,-88.00,-0.556
TRACE 1765448,-89.74,-88.00,-0.556
TRACE 1767382,-89.76,-88.00,-0.556
TRACE 1769323,-89.78,-89.00,-0.030
TRACE 1771210,-89.79,-89.00,-0.030
TRACE 1773104,-89.81,-89.00,-0.030
TRACE 1774987,-89.83,-89.00,0.030
TRACE 1776839,-89.84,-89.00,0.030
TRACE 1778704,-89.86,-89.00,0.031
TRACE 1780548,-89.87,-89.00,0.032
TRACE 1782447,-89.88,-89.00,-0.029
TRACE 1784341,-89.90,-89.00,-0.029
TRACE 1786210,-89.91,-89.00,-0.028
TRACE 1788065,-89.92,-89.00,-0.028
TRACE 1789954,-89.93,-89.00,-0.027
TRACE 1791830,-89.94,-89.00,-0.027
TRACE 1793707,-89.95,-89.00,-0.027
TRACE 1795799,-89.96,-89.00,-0.026
TRACE 1797665,-89.96,-88.50,-0.531
TRACE 1799580,-89.97,-88.00,-0.575
TRACE 1801506,-89.98,-88.00,-0.574
TRACE 1803438,-89.98,-88.50,-0.529
TRACE 1805384,-89.99,-89.00,-0.024
TRACE 1807269,-89.99,-89.00,-0.023
TRACE 1809150,-89.99,-89.00,-0.023
TRACE 1811022,-90.00,-89.00,0.008
TRACE 1812899,-90.00,-89.00,0.039
TRACE 1814751,-90.00,-89.00,0.040
TRACE 1816640,-90.00,-89.00,0.010
TRACE 1818517,-90.00,-89.00,-0.030
TRACE 1820162,-90.00,-89.00,-0.030
TRACE 1821813,-90.00,-89.00,-0.030
TRACE 1823469,-90.00,-89.00,-0.030
TRACE 1825126,-90.00,-88.50,-0.538
TRACE 1826841,-90.00,-88.00,-0.586
TRACE 1828565,-90.00,-88.00,-0.587
TRACE 1830286,-90.00,-88.50,-0.539
TRACE 1832021,-90.00,-88.50,-0.539
TRACE 1833764,-90.00,-89.00,-0.030
TRACE 1835423,-90.00,-89.00,-0.030
TRACE 1837081,-90.00,-89.00,0.003
TRACE 1838745,-90.00,-89.00,0.037
TRACE 1840387,-90.00,-89.00,0.038
TRACE 1842038,-90.00,-89.00,0.004
TRACE 1843704,-90.00,-89.00,0.004
TRACE 1845359,-90.00,-89.00,-0.030
TRACE 1847007,-90.00,-89.00,-0.030
TRACE 1848656,-90.00,-89.00,-0.030
TRACE 1850304,-90.00,-89.00,-0.030
TRACE 1851955,-90.00,-89.00,-0.030
TRACE 1853577,-90.00,-89.00,-0.030
TRACE 1855248,-90.00,-89.00,-0.030
TRACE 1856914,-90.00,-88.50,-0.540
TRACE 1858630,-90.00,-88.50,-0.539
TRACE 1860358,-90.00,-88.00,-0.588
TRACE 1862051,-90.00,-88.50,-0.539
TRACE 1863788,-90.00,-88.50,-0.539
TRACE 1865519,-90.00,-89.00,-0.030
TRACE 1867183,-90.00,-89.00,-0.030
TRACE 1868856,-90.00,-89.00,0.003
TRACE 1870525,-90.00,-89.00,0.004
TRACE 1872165,-90.00,-89.00,0.038
TRACE 1873796,-90.00,-89.00,0.004
TRACE 1875440,-90.00,-89.00,0.004
TRACE 1877093,-90.00,-89.00,-0.030
TRACE 1878741,-90.00,-89.00,-0.030
TRACE 1880399,-90.00,-89.00,-0.030
TRACE 1882057,-90.00,-89.00,-0.030
TRACE 1883732,-90.00,-89.00,-0.030
TRACE 1885402,-90.00,-88.50,-0.539
TRACE 1887121,-90.00,-88.50,-0.539
TRACE 1888837,-90.00,-88.00,-0.588
TRACE 1890567,-90.00,-88.50,-0.539
TRACE 1892287,-90.00,-88.50,-0.539
TRACE 1894004,-90.00,-89.00,-0.030
TRACE 1895641,-90.00,-89.00,-0.030
TRACE 1897302,-90.00,-89.00,0.004
TRACE 1898973,-90.00,-89.00,0.004
TRACE 1900611,-90.00,-89.00,0.038
TRACE 1902243,-90.00,-89.00,0.004
TRACE 1903887,-90.00,-89.00,0.004
TRACE 1905541,-90.00,-89.00,-0.030
TRACE 1907194,-90.00,-89.00,-0.030
TRACE 1908861,-90.00,-89.00,-0.030
TRACE 1910520,-90.00,-88.50,-0.540
TRACE 1912219,-90.00,-88.50,-0.539
TRACE 1913942,-90.00,-88.50,-0.539
TRACE 1915656,-90.00,-88.50,-0.539
TRACE 1917383,-90.00,-88.50,-0.539
TRACE 1919114,-90.00,-89.00,-0.030
TRACE 1920791,-90.00,-89.00,-0.030
TRACE 1922455,-90.00,-89.00,0.004
TRACE 1924229,-90.00,-89.00,0.003
TRACE 1925908,-90.00,-89.00,0.003
TRACE 1927532,-90.00,-89.00,0.004
TRACE 1929156,-90.00,-89.00,0.004
TRACE 1930782,-90.00,-89.00,-0.030
TRACE 1932414,-90.00,-89.00,-0.030
TRACE 1934062,-90.00,-89.00,-0.030
TRACE 1935719,-90.00,-89.00,-0.030
TRACE 1937352,-90.00,-88.50,-0.540
TRACE 1939061,-90.00,-88.00,-0.589
TRACE 1940756,-90.00,-88.00,-0.589
TRACE 1951720,-90.00,-89.00,-0.030
TRACE 1953384,-90.00,-89.00,-0.030
TRACE 1955048,-90.00,-90.00,0.038
TRACE 1956681,-90.00,-90.00,0.038
TRACE 1958334,-90.00,-90.00,0.057
TRACE 1959956,-90.00,-90.00,0.077
TRACE 1961588,-90.00,-90.50,0.111
TRACE 1963225,-90.00,-91.00,0.169
TRACE 1964873,-90.00,-91.00,0.169
TRACE 1966503,-90.00,-90.50,0.050
TRACE 1968137,-90.00,-90.50,0.050
TRACE 1969758,-90.00,-90.00,0.000
TRACE 1971390,-90.00,-90.00,0.000
TRACE 1973015,-90.00,-90.00,-0.035
>>> 
HOST arm.nominal = -90
arm.nominal = -90
>>> 
HOST r = arm.move_to(0, "tuning_kfs046")
r = arm.move_to(0, "tuning_kfs046")
RESULT {"loops": 972, "overshoot": 0.0, "t_reach": 1.62, "type": "move", "t_settle": 1.6648, "target": 0, "state": "done", "q": null, "tag": "tuning_kfs046", "err": 0.0, "err_rest": 0.0, "ok": true, "max_dt_us": 11149, "t_profile": 1.8, "start": -90.0, "max_track_err": 2.87}
>>> 
HOST arm_test.cmd_trace(arm, [])
arm_test.cmd_trace(arm, [])
TRACE t_us,ref_deg,pos_deg,duty
TRACE 919,-90.00,-90.00,0.470
TRACE 2856,-90.00,-90.00,0.471
TRACE 4690,-90.00,-90.00,0.472
TRACE 6486,-90.00,-90.00,0.472
TRACE 8279,-89.99,-90.00,0.473
TRACE 10081,-89.99,-90.00,0.474
TRACE 11874,-89.99,-90.00,0.475
TRACE 13672,-89.98,-90.00,0.475
TRACE 15476,-89.98,-89.50,-0.490
TRACE 17295,-89.97,-89.00,-0.536
TRACE 19093,-89.96,-89.00,-0.535
TRACE 20858,-89.96,-89.50,-0.488
TRACE 22627,-89.95,-90.00,0.480
TRACE 24425,-89.94,-90.00,0.481
TRACE 26223,-89.93,-90.00,0.482
TRACE 27985,-89.92,-90.00,0.514
TRACE 29756,-89.91,-90.00,0.548
TRACE 31530,-89.90,-90.00,0.549
TRACE 33305,-89.89,-90.00,0.517
TRACE 35065,-89.88,-90.00,0.486
TRACE 36833,-89.86,-90.00,0.487
TRACE 38648,-89.85,-89.00,-0.526
TRACE 40480,-89.84,-89.00,-0.525
TRACE 42272,-89.82,-89.00,-0.523
TRACE 44069,-89.81,-89.00,-0.522
TRACE 45845,-89.79,-89.00,-0.521
TRACE 47633,-89.77,-89.00,-0.520
TRACE 49413,-89.76,-90.00,0.495
TRACE 51182,-89.74,-90.00,0.560
TRACE 52950,-89.72,-90.00,0.562
TRACE 54722,-89.70,-90.00,0.563
TRACE 56483,-89.68,-90.50,0.612
TRACE 58228,-89.66,-90.00,0.566
TRACE 59984,-89.64,-90.00,0.567
TRACE 61876,-89.62,-90.00,0.504
TRACE 63631,-89.60,-90.00,0.505
TRACE 65393,-89.57,-89.00,-0.508
TRACE 67176,-89.55,-89.00,-0.507
TRACE 68971,-89.52,-89.00,-0.537
TRACE 70751,-89.50,-89.00,-0.503
TRACE 72526,-89.47,-89.00,-0.502
TRACE 74301,-89.45,-89.00,-0.501
TRACE 76077,-89.42,-89.00,-0.500
TRACE 77875,-89.39,-89.00,0.486
TRACE 79645,-89.37,-90.00,0.582
TRACE 81408,-89.34,-90.00,0.584
TRACE 83159,-89.31,-90.00,0.585
TRACE 84939,-89.28,-90.00,0.587
TRACE 86706,-89.25,-90.00,0.588
TRACE 88470,-89.22,-90.00,0.590
TRACE 90238,-89.19,-90.00,0.592
TRACE 92003,-89.15,-90.00,0.529
TRACE 93759,-89.12,-90.00,0.530
TRACE 95529,-89.09,-89.00,-0.483
TRACE 97311,-89.05,-89.00,-0.481
TRACE 99082,-89.02,-89.00,-0.480
TRACE 100858,-88.98,-89.00,-0.478
TRACE 102660,-88.95,-89.00,-0.476
TRACE 104456,-88.91,-89.00,-0.474
TRACE 106250,-88.87,-89.00,-0.472
TRACE 108047,-88.83,-89.00,0.514
TRACE 109820,-88.79,-90.00,0.610
TRACE 111595,-88.75,-90.00,0.611
TRACE 113359,-88.71,-90.00,0.613
TRACE 115130,-88.67,-90.00,0.615
TRACE 116900,-88.63,-90.00,0.617
TRACE 118656,-88.59,-90.00,0.619
TRACE 120449,-88.55,-90.00,0.621
TRACE 122229,-88.51,-90.00,0.559
TRACE 124018,-88.46,-89.50,0.514
TRACE 125797,-88.42,-89.00,0.468
TRACE 127575,-88.37,-89.00,0.470
TRACE 129426,-88.32,-89.00,0.473
TRACE 131170,-88.28,-89.00,0.475
TRACE 132954,-88.23,-88.50,-0.490
TRACE 134729,-88.18,-88.00,-0.535
TRACE 136520,-88.14,-88.00,-0.501
TRACE 138313,-88.09,-88.00,-0.467
TRACE 140097,-88.04,-88.00,-0.465
TRACE 141884,-87.99,-88.00,-0.463
TRACE 143678,-87.94,-88.00,-0.460
TRACE 145450,-87.88,-88.50,0.541
TRACE 147214,-87.83,-89.00,0.622
TRACE 148982,-87.78,-89.00,0.624
TRACE 150751,-87.73,-89.00,0.627
TRACE 152512,-87.67,-89.00,0.629
TRACE 154281,-87.62,-89.00,0.631
TRACE 156053,-87.56,-89.00,0.634
TRACE 157824,-87.51,-88.00,0.509
TRACE 159609,-87.45,-88.00,0.479
TRACE 161409,-87.39,-88.00,0.482
TRACE 163166,-87.34,-87.00,-0.530
TRACE 164972,-87.28,-87.00,-0.527
TRACE 166753,-87.22,-87.00,-0.525
TRACE 168525,-87.16,-86.50,-0.569
TRACE 170311,-87.10,-86.00,-0.550
TRACE 172100,-87.04,-86.00,-0.547
TRACE 173876,-86.98,-86.50,-0.498
TRACE 175671,-86.91,-87.00,0.536
TRACE 186780,-86.51,-88.00,0.619
TRACE 188558,-86.44,-89.00,0.688
TRACE 190346,-86.38,-89.00,0.709
TRACE 192103,-86.31,-89.00,0.730
TRACE 193889,-86.24,-89.00,0.733
TRACE 195679,-86.17,-89.00,0.717
TRACE 197451,-86.10,-88.00,0.635
TRACE 199211,-86.03,-88.00,0.601
TRACE 200988,-85.96,-88.00,0.539
TRACE 202780,-85.89,-87.00,-0.472
TRACE 204578,-85.81,-87.00,-0.469
TRACE 206354,-85.74,-87.00,-0.466
TRACE 208120,-85.67,-86.00,-0.558
TRACE 209922,-85.59,-86.00,-0.491
TRACE 211703,-85.52,-86.00,-0.487
TRACE 213488,-85.44,-86.00,-0.484
TRACE 215266,-85.37,-86.50,0.549
TRACE 217031,-85.29,-87.00,0.599
TRACE 218824,-85.21,-87.00,0.602
TRACE 220592,-85.13,-87.00,0.670
TRACE 222375,-85.05,-87.00,0.673
TRACE 224268,-84.97,-87.00,0.675
TRACE 226030,-84.89,-87.00,0.678
TRACE 227793,-84.81,-87.00,0.650
TRACE 229564,-84.73,-86.00,0.527
TRACE 231345,-84.65,-86.00,0.530
TRACE 233125,-84.57,-86.00,0.533
TRACE 234907,-84.48,-86.00,0.536
TRACE 236687,-84.40,-85.00,-0.476
TRACE 238470,-84.31,-85.00,-0.472
TRACE 240253,-84.23,-85.00,-0.469
TRACE 242059,-84.14,-85.00,0.519
TRACE 243821,-84.06,-84.50,0.475
TRACE 245575,-83.97,-84.50,0.478
TRACE 247408,-83.88,-84.50,0.482
TRACE 249173,-83.79,-85.00,0.596
TRACE 250971,-83.70,-84.00,0.505
TRACE 252721,-83.61,-84.00,0.508
TRACE 254500,-83.52,-84.00,0.512
TRACE 256293,-83.43,-84.00,0.547
TRACE 258050,-83.34,-83.00,-0.464
TRACE 259836,-83.25,-83.00,-0.460
TRACE 261632,-83.15,-83.00,-0.489
TRACE 263417,-83.06,-83.00,0.499
TRACE 265200,-82.97,-83.00,0.502
TRACE 266997,-82.87,-83.00,0.506
TRACE 268767,-82.78,-83.00,0.509
TRACE 270531,-82.68,-83.00,0.577
TRACE 272305,-82.59,-83.00,0.580
TRACE 274076,-82.49,-82.00,0.490
TRACE 275837,-82.39,-82.00,0.493
TRACE 277623,-82.29,-82.00,0.497
TRACE 279392,-82.19,-81.00,-0.514
TRACE 281177,-82.09,-81.00,-0.511
TRACE 282975,-81.99,-81.00,-0.506
TRACE 284740,-81.89,-81.00,-0.503
TRACE 286522,-81.79,-81.00,0.485
TRACE 288290,-81.69,-81.00,0.489
TRACE 290065,-81.59,-81.00,0.493
TRACE 291843,-81.48,-81.00,0.561
TRACE 293620,-81.38,-81.00,0.564
TRACE 295384,-81.27,-81.00,0.568
TRACE 297160,-81.17,-81.00,0.572
TRACE 298934,-81.06,-80.00,0.481
TRACE 300708,-80.96,-80.00,0.475
TRACE 302521,-80.85,-80.00,0.478
TRACE 304321,-80.74,-79.00,-0.532
TRACE 306138,-80.63,-79.00,-0.529
TRACE 307964,-80.52,-79.00,-0.525
TRACE 309785,-80.41,-79.00,-0.521
TRACE 311619,-80.30,-79.00,0.466
TRACE 313414,-80.20,-79.00,0.469
TRACE 315247,-80.09,-78.50,-0.494
TRACE 317070,-79.98,-78.00,-0.474
TRACE 318903,-79.87,-78.00,-0.471
TRACE 320702,-79.76,-78.00,-0.468
TRACE 322520,-79.65,-78.50,0.502
TRACE 324336,-79.54,-78.50,0.505
TRACE 326135,-79.43,-79.00,0.555
TRACE 327957,-79.32,-79.00,0.590
TRACE 329774,-79.21,-78.50,0.578
TRACE 331602,-79.10,-78.00,0.535
TRACE 333412,-79.00,-78.00,0.538
TRACE 335219,-78.89,-78.00,0.510
TRACE 337047,-78.78,-78.00,0.513
TRACE 338854,-78.67,-77.00,-0.528
TRACE 340682,-78.56,-77.00,-0.525
TRACE 342499,-78.45,-77.00,-0.490
TRACE 344395,-78.34,-77.00,0.465
TRACE 346220,-78.23,-77.00,0.469
TRACE 348018,-78.12,-77.00,0.472
TRACE 349819,-78.01,-77.00,0.475
TRACE 351620,-77.90,-76.50,0.495
TRACE 353433,-77.79,-76.00,-0.469
TRACE 355256,-77.68,-76.00,-0.465
TRACE 357062,-77.58,-76.00,-0.462
TRACE 358890,-77.47,-76.00,0.461
TRACE 370024,-76.80,-78.00,0.640
TRACE 371837,-76.69,-78.00,0.644
TRACE 373653,-76.58,-78.00,0.665
TRACE 375473,-76.47,-78.00,0.686
TRACE 377267,-76.36,-78.00,0.690
TRACE 379085,-76.25,-78.00,0.693
TRACE 380890,-76.15,-78.00,0.696
TRACE 382712,-76.04,-78.00,0.627
TRACE 384536,-75.93,-78.00,0.630
TRACE 386340,-75.82,-78.00,0.633
TRACE 388149,-75.71,-77.00,0.544
TRACE 389964,-75.60,-77.00,0.547
TRACE 391776,-75.49,-77.00,0.550
TRACE 393603,-75.38,-76.50,0.507
TRACE 395387,-75.28,-76.00,0.463
TRACE 397186,-75.17,-76.00,0.466
TRACE 398987,-75.06,-75.00,-0.544
TRACE 400817,-74.95,-75.00,-0.477
TRACE 402640,-74.84,-75.00,-0.473
TRACE 404446,-74.73,-74.00,-0.563
TRACE 406395,-74.62,-74.00,-0.527
TRACE 408201,-74.51,-74.50,0.474
TRACE 410029,-74.40,-75.00,0.524
TRACE 411847,-74.29,-75.00,0.589
TRACE 413650,-74.18,-75.00,0.593
TRACE 415448,-74.07,-75.00,0.596
TRACE 417259,-73.96,-75.00,0.662
TRACE 419064,-73.86,-75.00,0.665
TRACE 420869,-73.75,-75.00,0.637
TRACE 422696,-73.64,-75.00,0.609
TRACE 424495,-73.53,-75.00,0.612
TRACE 426289,-73.42,-75.00,0.615
TRACE 428116,-73.31,-74.00,0.525
TRACE 429952,-73.20,-74.00,0.529
TRACE 431756,-73.09,-74.00,0.532
TRACE 433536,-72.99,-73.00,-0.478
TRACE 435378,-72.88,-73.00,-0.474
TRACE 437200,-72.77,-73.00,-0.471
TRACE 439008,-72.66,-73.00,-0.468
TRACE 440829,-72.55,-72.50,0.472
TRACE 442650,-72.44,-73.00,0.522
TRACE 444446,-72.33,-73.00,0.525
TRACE 446259,-72.22,-73.00,0.591
TRACE 448056,-72.12,-72.50,0.548
TRACE 449862,-72.01,-72.00,0.505
TRACE 451662,-71.90,-72.00,0.508
TRACE 453468,-71.79,-72.00,0.543
TRACE 455283,-71.68,-71.00,-0.499
TRACE 457115,-71.57,-71.00,-0.495
TRACE 458928,-71.46,-71.00,-0.492
TRACE 460748,-71.36,-71.00,0.463
TRACE 462552,-71.25,-71.00,0.498
TRACE 464368,-71.14,-71.00,0.501
TRACE 466169,-71.03,-71.00,0.504
TRACE 467986,-70.92,-71.00,0.570
TRACE 469777,-70.81,-71.00,0.574
TRACE 471600,-70.70,-70.50,0.530
TRACE 473400,-70.60,-70.00,0.487
TRACE 475195,-70.49,-70.00,0.490
TRACE 476992,-70.38,-69.00,-0.520
TRACE 478828,-70.27,-69.00,-0.517
TRACE 480637,-70.16,-69.00,-0.513
TRACE 482446,-70.05,-69.00,-0.510
TRACE 484262,-69.94,-69.00,-0.475
TRACE 486074,-69.84,-69.00,0.480
TRACE 487889,-69.73,-69.00,0.483
TRACE 489724,-69.62,-69.00,0.550
TRACE 491540,-69.51,-68.50,0.506
TRACE 493355,-69.40,-68.00,0.463
TRACE 495203,-69.29,-68.00,0.467
TRACE 497042,-69.18,-68.00,0.470
TRACE 498844,-69.07,-68.00,0.473
TRACE 500648,-68.96,-68.00,0.476
TRACE 502471,-68.85,-67.50,-0.487
TRACE 504308,-68.74,-67.00,-0.498
TRACE 506121,-68.63,-67.00,-0.464
TRACE 507938,-68.52,-67.00,-0.461
TRACE 509768,-68.41,-67.00,0.463
TRACE 511563,-68.31,-67.00,0.466
TRACE 513376,-68.20,-67.00,0.469
TRACE 515185,-68.09,-67.00,0.504
TRACE 517005,-67.98,-67.00,0.539
TRACE 518794,-67.87,-67.00,0.542
TRACE 520602,-67.76,-66.50,0.498
TRACE 522416,-67.66,-66.00,-0.465
TRACE 524295,-67.54,-66.00,-0.461
TRACE 526133,-67.43,-66.00,0.462
TRACE 527943,-67.32,-66.00,0.466
TRACE 529751,-67.21,-66.00,0.469
TRACE 531573,-67.11,-66.00,0.472
TRACE 533379,-67.00,-66.00,0.507
TRACE 535194,-66.89,-66.00,0.541
TRACE 537004,-66.78,-66.00,0.545
TRACE 538834,-66.67,-66.00,0.548
TRACE 549905,-66.01,-65.00,0.501
TRACE 551708,-65.90,-65.00,0.505
TRACE 553509,-65.79,-64.50,0.475
TRACE 555319,-65.68,-64.00,-0.475
TRACE 557138,-65.57,-64.00,-0.472
TRACE 558974,-65.46,-63.00,-0.535
TRACE 560798,-65.35,-63.00,-0.532
TRACE 562637,-65.24,-63.00,-0.545
TRACE 564460,-65.13,-63.00,-0.541
TRACE 566308,-65.02,-63.00,-0.506
TRACE 568144,-64.91,-63.00,-0.472
TRACE 569965,-64.80,-63.50,0.498
TRACE 571799,-64.69,-64.00,0.610
TRACE 573607,-64.58,-64.00,0.613
TRACE 575418,-64.47,-64.00,0.616
TRACE 577217,-64.37,-64.00,0.620
TRACE 579020,-64.26,-63.50,0.577
TRACE 580827,-64.15,-63.00,0.533
TRACE 582653,-64.04,-63.00,0.505
TRACE 584465,-63.93,-63.00,0.477
TRACE 586401,-63.82,-62.50,-0.485
TRACE 588224,-63.71,-62.00,-0.528
TRACE 590047,-63.60,-62.00,-0.525
TRACE 591853,-63.49,-61.00,-0.583
TRACE 593677,-63.38,-61.00,-0.548
TRACE 595507,-63.27,-61.00,-0.545
TRACE 597326,-63.16,-61.50,-0.495
TRACE 599146,-63.05,-62.00,0.505
TRACE 600933,-62.94,-62.00,0.540
TRACE 602752,-62.83,-62.00,0.543
TRACE 604551,-62.73,-62.00,0.609
TRACE 606351,-62.62,-62.00,0.613
TRACE 608216,-62.51,-62.00,0.616
TRACE 610048,-62.40,-61.50,0.541
TRACE 611840,-62.29,-61.00,0.466
TRACE 613651,-62.18,-61.00,0.470
TRACE 615462,-62.07,-61.00,0.473
TRACE 617283,-61.96,-61.00,0.476
TRACE 619082,-61.86,-60.00,-0.533
TRACE 620898,-61.75,-60.00,-0.531
TRACE 622731,-61.64,-59.50,-0.542
TRACE 624554,-61.53,-59.00,-0.554
TRACE 626368,-61.42,-59.00,-0.550
TRACE 628176,-61.31,-59.50,-0.501
TRACE 629981,-61.20,-60.00,0.469
TRACE 631811,-61.09,-60.00,0.535
TRACE 633611,-60.98,-60.00,0.538
TRACE 635410,-60.88,-60.00,0.573
TRACE 637222,-60.77,-60.00,0.608
TRACE 639041,-60.66,-60.00,0.611
TRACE 640846,-60.55,-60.00,0.583
TRACE 642660,-60.44,-60.00,0.555
TRACE 644466,-60.33,-60.00,0.558
TRACE 646265,-60.22,-59.00,0.468
TRACE 648064,-60.12,-59.00,0.471
TRACE 649884,-60.01,-59.00,0.475
TRACE 651695,-59.90,-59.00,0.478
TRACE 653484,-59.79,-58.00,-0.532
TRACE 655308,-59.68,-58.00,-0.529
TRACE 657160,-59.57,-58.00,-0.525
TRACE 658970,-59.46,-57.00,-0.552
TRACE 660780,-59.35,-57.00,-0.548
TRACE 662599,-59.24,-57.00,-0.545
TRACE 664423,-59.13,-58.00,0.471
TRACE 666223,-59.03,-58.00,0.537
TRACE 668027,-58.92,-58.00,0.540
TRACE 669841,-58.81,-58.00,0.544
TRACE 671635,-58.70,-58.00,0.610
TRACE 673552,-58.59,-58.00,0.613
TRACE 675371,-58.48,-58.00,0.616
TRACE 677164,-58.37,-58.00,0.557
TRACE 678962,-58.26,-58.00,0.560
TRACE 680787,-58.15,-58.00,0.563
TRACE 682607,-58.04,-58.00,0.567
TRACE 684417,-57.93,-58.00,0.570
TRACE 686204,-57.83,-58.00,0.573
TRACE 688017,-57.72,-57.00,0.483
TRACE 689816,-57.61,-57.00,0.486
TRACE 691619,-57.50,-57.00,0.490
TRACE 693418,-57.39,-57.00,0.493
TRACE 695230,-57.29,-56.00,-0.517
TRACE 697056,-57.18,-56.00,-0.514
TRACE 698887,-57.07,-56.00,-0.510
TRACE 700711,-56.96,-55.00,-0.537
TRACE 702538,-56.85,-55.00,-0.533
TRACE 704380,-56.74,-55.00,-0.529
TRACE 706203,-56.63,-55.00,-0.526
TRACE 708015,-56.52,-55.00,-0.460
TRACE 709840,-56.41,-55.50,0.509
TRACE 711655,-56.30,-56.00,0.559
TRACE 713453,-56.19,-56.00,0.625
TRACE 715255,-56.08,-56.00,0.628
TRACE 717096,-55.97,-55.50,0.585
TRACE 728157,-55.31,-54.00,0.492
TRACE 729977,-55.20,-53.00,-0.491
TRACE 731821,-55.09,-53.00,-0.506
TRACE 733670,-54.98,-52.50,-0.554
TRACE 735493,-54.87,-52.00,-0.583
TRACE 737325,-54.76,-52.00,-0.580
TRACE 739155,-54.65,-52.00,-0.558
TRACE 740989,-54.54,-52.00,-0.553
TRACE 742820,-54.43,-52.00,-0.487
TRACE 744671,-54.32,-52.00,-0.484
TRACE 746526,-54.21,-52.00,0.471
TRACE 748340,-54.10,-52.00,0.505
TRACE 750157,-53.99,-52.50,0.554
TRACE 751988,-53.88,-52.50,0.558
TRACE 753803,-53.77,-52.00,0.515
TRACE 755627,-53.66,-52.00,0.518
TRACE 757442,-53.55,-52.00,0.521
TRACE 759242,-53.45,-52.00,0.525
TRACE 761044,-53.34,-51.00,-0.485
TRACE 762868,-53.23,-51.00,-0.513
TRACE 764819,-53.11,-51.00,-0.509
TRACE 766626,-53.00,-51.00,-0.474
TRACE 768450,-52.89,-51.00,-0.471
TRACE 770282,-52.78,-51.00,-0.468
TRACE 772088,-52.67,-51.00,-0.465
TRACE 773909,-52.57,-51.00,0.521
TRACE 775725,-52.46,-51.00,0.524
TRACE 777531,-52.35,-51.00,0.528
TRACE 779328,-52.24,-51.50,0.577
TRACE 781153,-52.13,-52.00,0.627
TRACE 782955,-52.02,-52.00,0.630
TRACE 784767,-51.91,-51.50,0.587
TRACE 786667,-51.80,-51.00,0.544
TRACE 788471,-51.69,-51.00,0.547
TRACE 790275,-51.58,-51.00,0.550
TRACE 792079,-51.48,-51.00,0.522
TRACE 793887,-51.37,-51.00,0.494
TRACE 795683,-51.26,-51.00,0.497
TRACE 797495,-51.15,-51.00,0.532
TRACE 799299,-51.04,-50.00,0.473
TRACE 801102,-50.93,-50.00,0.477
TRACE 802906,-50.83,-50.00,0.480
TRACE 804723,-50.72,-49.00,-0.530
TRACE 806558,-50.61,-49.00,-0.526
TRACE 808405,-50.50,-49.00,-0.523
TRACE 810235,-50.39,-49.00,-0.519
TRACE 812062,-50.28,-48.50,-0.499
TRACE 813890,-50.17,-48.50,-0.496
TRACE 815719,-50.06,-48.50,-0.492
TRACE 817536,-49.95,-49.00,0.540
TRACE 819347,-49.84,-49.00,0.543
TRACE 821154,-49.73,-49.00,0.546
TRACE 822977,-49.62,-49.00,0.549
TRACE 824819,-49.51,-48.50,0.538
TRACE 826631,-49.40,-48.00,0.495
TRACE 828438,-49.29,-48.00,0.498
TRACE 830251,-49.18,-48.00,0.470
TRACE 832066,-49.08,-48.00,0.473
TRACE 833868,-48.97,-47.00,-0.537
TRACE 835697,-48.86,-47.00,-0.534
TRACE 837533,-48.75,-47.00,-0.499
TRACE 839346,-48.64,-47.00,-0.464
TRACE 841175,-48.53,-47.00,-0.461
TRACE 843002,-48.42,-47.00,0.463
TRACE 844821,-48.31,-47.00,0.466
TRACE 846633,-48.20,-47.00,0.532
TRACE 848461,-48.09,-47.00,0.535
TRACE 850262,-47.98,-47.00,0.538
TRACE 852112,-47.87,-47.00,0.542
TRACE 853943,-47.76,-46.50,0.499
TRACE 855751,-47.65,-46.00,-0.464
TRACE 857561,-47.55,-46.00,-0.461
TRACE 859381,-47.44,-46.00,0.462
TRACE 861201,-47.33,-46.00,0.465
TRACE 863008,-47.22,-46.00,0.469
TRACE 864827,-47.11,-46.00,0.472
TRACE 866632,-47.00,-46.00,0.506
TRACE 868454,-46.89,-46.00,0.541
TRACE 870235,-46.79,-46.00,0.544
TRACE 872055,-46.68,-46.00,0.548
TRACE 873868,-46.57,-46.00,0.551
TRACE 875670,-46.46,-46.00,0.554
TRACE 877461,-46.35,-46.00,0.557
TRACE 879254,-46.24,-46.00,0.561
TRACE 881056,-46.14,-45.00,0.470
TRACE 882978,-46.02,-45.00,0.475
TRACE 884791,-45.91,-45.00,0.478
TRACE 886597,-45.80,-44.50,-0.485
TRACE 888408,-45.70,-44.00,-0.528
TRACE 890232,-45.59,-44.00,-0.525
TRACE 892034,-45.48,-44.00,-0.522
TRACE 893852,-45.37,-44.00,0.464
TRACE 895668,-45.26,-44.00,0.467
TRACE 897477,-45.15,-43.00,-0.543
TRACE 908605,-44.48,-43.00,0.469
TRACE 910430,-44.37,-43.00,0.490
TRACE 912253,-44.26,-43.00,0.494
TRACE 914064,-44.16,-43.00,0.497
TRACE 915895,-44.05,-43.00,0.500
TRACE 917707,-43.94,-42.50,0.470
TRACE 919548,-43.83,-42.00,0.477
TRACE 921361,-43.72,-42.00,-0.466
TRACE 923205,-43.61,-42.00,-0.463
TRACE 925036,-43.50,-41.00,-0.552
TRACE 926855,-43.39,-41.00,-0.549
TRACE 928679,-43.28,-41.00,-0.546
TRACE 930535,-43.17,-41.00,-0.511
TRACE 932377,-43.06,-41.50,0.490
TRACE 934185,-42.95,-42.00,0.540
TRACE 935995,-42.84,-42.00,0.543
TRACE 937816,-42.73,-42.00,0.609
TRACE 939638,-42.62,-42.00,0.612
TRACE 941455,-42.51,-42.00,0.615
TRACE 943260,-42.40,-42.00,0.619
TRACE 945111,-42.29,-41.00,0.498
TRACE 946914,-42.19,-41.00,0.470
TRACE 948748,-42.08,-41.00,0.473
TRACE 950554,-41.97,-41.00,0.476
TRACE 952362,-41.86,-40.00,-0.533
TRACE 954200,-41.75,-40.00,-0.530
TRACE 956021,-41.64,-39.50,-0.573
TRACE 957827,-41.53,-39.00,-0.554
TRACE 959644,-41.42,-39.00,-0.550
TRACE 961461,-41.31,-39.00,-0.547
TRACE 963292,-41.20,-40.00,0.469
TRACE 965102,-41.09,-40.00,0.535
TRACE 966933,-40.98,-40.00,0.538
TRACE 968751,-40.87,-40.00,0.573
TRACE 970562,-40.77,-40.00,0.608
TRACE 972374,-40.66,-40.00,0.611
TRACE 974182,-40.55,-40.00,0.614
TRACE 975996,-40.44,-40.00,0.555
TRACE 977806,-40.33,-40.00,0.558
TRACE 979619,-40.22,-39.00,0.468
TRACE 981417,-40.11,-39.00,0.471
TRACE 983220,-40.01,-39.00,0.475
TRACE 985042,-39.90,-39.00,0.478
TRACE 986843,-39.79,-38.00,-0.532
TRACE 988668,-39.68,-38.00,-0.529
TRACE 990504,-39.57,-38.00,-0.525
TRACE 992331,-39.46,-37.00,-0.552
TRACE 994124,-39.35,-37.00,-0.548
TRACE 995939,-39.24,-37.50,-0.499
TRACE 997771,-39.13,-38.00,0.471
TRACE 999591,-39.02,-38.00,0.537
TRACE 1001389,-38.92,-38.00,0.541
TRACE 1003180,-38.81,-38.00,0.544
TRACE 1004996,-38.70,-38.00,0.610
TRACE 1006789,-38.59,-38.00,0.613
TRACE 1008606,-38.48,-38.00,0.585
TRACE 1010406,-38.38,-38.00,0.557
TRACE 1012211,-38.27,-38.00,0.560
TRACE 1014018,-38.16,-38.00,0.563
TRACE 1015826,-38.05,-38.00,0.566
TRACE 1017616,-37.94,-38.00,0.570
TRACE 1019407,-37.84,-37.00,0.480
TRACE 1021228,-37.73,-37.00,0.483
TRACE 1023016,-37.62,-37.00,0.486
TRACE 1024810,-37.51,-36.50,-0.478
TRACE 1026637,-37.40,-36.00,-0.521
TRACE 1028452,-37.29,-36.00,-0.518
TRACE 1030246,-37.19,-36.00,-0.514
TRACE 1032209,-37.07,-36.00,0.473
TRACE 1034011,-36.96,-36.00,0.477
TRACE 1035822,-36.85,-36.00,0.480
TRACE 1037633,-36.74,-36.00,0.515
TRACE 1039463,-36.63,-35.00,-0.463
TRACE 1041285,-36.52,-35.00,-0.460
TRACE 1043108,-36.41,-35.00,0.463
TRACE 1044904,-36.31,-35.00,0.466
TRACE 1046714,-36.20,-35.00,0.469
TRACE 1048546,-36.09,-35.00,0.473
TRACE 1050356,-35.98,-35.00,0.476
TRACE 1052157,-35.87,-35.00,0.542
TRACE 1053975,-35.76,-34.50,0.499
TRACE 1055772,-35.65,-34.50,0.502
TRACE 1057591,-35.54,-34.00,-0.461
TRACE 1059400,-35.44,-34.00,0.462
TRACE 1061204,-35.33,-34.00,0.465
TRACE 1063033,-35.22,-34.00,0.468
TRACE 1064848,-35.11,-33.00,-0.541
TRACE 1066648,-35.00,-33.00,-0.507
TRACE 1068463,-34.89,-33.00,-0.503
TRACE 1070290,-34.78,-33.00,-0.468
TRACE 1072115,-34.67,-33.00,-0.465
TRACE 1073928,-34.56,-33.00,-0.462
TRACE 1075764,-34.45,-33.00,0.462
TRACE 1086860,-33.79,-35.00,0.677
TRACE 1088684,-33.68,-35.00,0.680
TRACE 1090472,-33.57,-35.00,0.684
TRACE 1092276,-33.46,-35.00,0.687
TRACE 1094113,-33.35,-35.00,0.690
TRACE 1095941,-33.24,-35.00,0.693
TRACE 1097757,-33.13,-35.00,0.697
TRACE 1099577,-33.03,-35.00,0.627
TRACE 1101378,-32.92,-34.00,0.537
TRACE 1103187,-32.81,-34.00,0.541
TRACE 1104982,-32.70,-33.00,-0.469
TRACE 1106812,-32.59,-33.00,-0.466
TRACE 1108626,-32.48,-33.00,-0.463
TRACE 1110447,-32.37,-32.50,-0.506
TRACE 1112263,-32.26,-32.00,-0.549
TRACE 1114077,-32.16,-32.00,-0.483
TRACE 1115893,-32.05,-32.00,-0.479
TRACE 1117710,-31.94,-32.50,0.553
TRACE 1119509,-31.83,-33.00,0.603
TRACE 1121322,-31.72,-33.00,0.606
TRACE 1123265,-31.60,-33.00,0.641
TRACE 1125081,-31.50,-33.00,0.676
TRACE 1126895,-31.39,-33.00,0.679
TRACE 1128694,-31.28,-32.00,0.590
TRACE 1130503,-31.17,-32.00,0.562
TRACE 1132321,-31.06,-32.00,0.534
TRACE 1134134,-30.95,-31.00,-0.475
TRACE 1135956,-30.84,-31.00,-0.473
TRACE 1137773,-30.73,-31.00,-0.470
TRACE 1139601,-30.62,-31.00,-0.467
TRACE 1141410,-30.52,-31.00,0.520
TRACE 1143218,-30.41,-30.50,0.476
TRACE 1145108,-30.29,-30.50,0.480
TRACE 1146919,-30.18,-30.00,0.500
TRACE 1148731,-30.08,-30.00,0.503
TRACE 1150542,-29.97,-30.00,0.506
TRACE 1152354,-29.86,-29.50,0.463
TRACE 1154162,-29.75,-29.00,-0.500
TRACE 1155974,-29.64,-29.00,-0.465
TRACE 1157793,-29.53,-29.00,-0.463
TRACE 1159628,-29.42,-29.00,0.492
TRACE 1161424,-29.31,-29.00,0.496
TRACE 1163245,-29.21,-29.00,0.499
TRACE 1165046,-29.10,-29.00,0.534
TRACE 1166855,-28.99,-29.00,0.568
TRACE 1168658,-28.88,-28.00,0.479
TRACE 1170477,-28.77,-28.00,0.482
TRACE 1172273,-28.66,-28.00,0.485
TRACE 1174075,-28.56,-27.00,-0.525
TRACE 1175898,-28.45,-27.00,-0.522
TRACE 1177717,-28.34,-27.00,-0.518
TRACE 1179538,-28.23,-27.00,-0.515
TRACE 1181335,-28.12,-27.00,0.471
TRACE 1183132,-28.01,-27.00,0.474
TRACE 1184929,-27.90,-27.00,0.478
TRACE 1186742,-27.80,-27.00,0.544
TRACE 1188559,-27.69,-26.50,0.501
TRACE 1190374,-27.58,-26.50,0.504
TRACE 1192170,-27.47,-26.00,0.461
TRACE 1193988,-27.36,-26.00,0.464
TRACE 1195806,-27.25,-26.00,0.467
TRACE 1197616,-27.14,-26.00,0.471
TRACE 1199417,-27.03,-26.00,0.474
TRACE 1201228,-26.93,-26.00,0.509
TRACE 1203040,-26.82,-25.00,-0.501
TRACE 1204862,-26.71,-25.00,-0.466
TRACE 1206689,-26.60,-25.00,-0.463
TRACE 1208523,-26.49,-25.00,0.460
TRACE 1210323,-26.38,-25.00,0.464
TRACE 1212166,-26.27,-25.00,0.467
TRACE 1213960,-26.16,-25.00,0.470
TRACE 1215767,-26.05,-25.00,0.536
TRACE 1217583,-25.95,-25.00,0.540
TRACE 1219379,-25.84,-25.00,0.543
TRACE 1221178,-25.73,-25.00,0.546
TRACE 1222991,-25.62,-24.50,0.503
TRACE 1224803,-25.51,-24.00,-0.461
TRACE 1226614,-25.40,-24.00,0.463
TRACE 1228439,-25.29,-24.00,0.466
TRACE 1230239,-25.19,-24.00,0.469
TRACE 1232061,-25.08,-24.00,0.473
TRACE 1233864,-24.97,-24.00,0.476
TRACE 1235675,-24.86,-23.00,-0.502
TRACE 1237476,-24.75,-23.00,-0.468
TRACE 1239299,-24.64,-23.00,-0.464
TRACE 1241224,-24.53,-23.00,-0.460
TRACE 1243055,-24.42,-23.00,0.463
TRACE 1244850,-24.31,-23.00,0.466
TRACE 1246651,-24.20,-23.00,0.469
TRACE 1248479,-24.09,-23.00,0.535
TRACE 1250285,-23.98,-23.00,0.539
TRACE 1252087,-23.87,-23.00,0.542
TRACE 1253906,-23.77,-23.00,0.545
TRACE 1255721,-23.66,-23.00,0.548
TRACE 1266798,-22.99,-22.00,0.502
TRACE 1268615,-22.88,-22.00,0.505
TRACE 1270442,-22.77,-22.00,0.508
TRACE 1272245,-22.67,-21.00,-0.475
TRACE 1274069,-22.56,-21.00,-0.471
TRACE 1275924,-22.44,-21.00,-0.468
TRACE 1277738,-22.34,-21.00,-0.465
TRACE 1279561,-22.23,-21.00,0.469
TRACE 1281388,-22.12,-21.00,0.472
TRACE 1283205,-22.01,-21.00,0.475
TRACE 1285024,-21.90,-21.00,0.541
TRACE 1286838,-21.79,-20.00,-0.468
TRACE 1288684,-21.68,-20.00,-0.465
TRACE 1290531,-21.57,-20.00,-0.462
TRACE 1292355,-21.46,-20.00,0.462
TRACE 1294171,-21.35,-20.00,0.465
TRACE 1295975,-21.24,-20.00,0.468
TRACE 1297781,-21.13,-20.00,0.471
TRACE 1299607,-21.02,-20.00,0.537
TRACE 1301424,-20.91,-20.00,0.541
TRACE 1303408,-20.80,-20.00,0.544
TRACE 1305207,-20.69,-19.50,0.501
TRACE 1307034,-20.58,-19.00,-0.462
TRACE 1308845,-20.47,-19.00,0.462
TRACE 1310649,-20.36,-19.00,0.465
TRACE 1312467,-20.25,-19.00,0.468
TRACE 1314273,-20.14,-19.00,0.471
TRACE 1316072,-20.04,-19.00,0.474
TRACE 1317866,-19.93,-19.00,0.509
TRACE 1319663,-19.82,-19.00,0.543
TRACE 1321481,-19.71,-19.00,0.547
TRACE 1323292,-19.60,-18.00,-0.463
TRACE 1325245,-19.49,-18.00,0.461
TRACE 1327056,-19.38,-18.00,0.464
TRACE 1328862,-19.27,-17.50,-0.499
TRACE 1330690,-19.16,-17.00,-0.542
TRACE 1332512,-19.05,-17.00,-0.538
TRACE 1334344,-18.94,-17.00,-0.535
TRACE 1336180,-18.83,-17.00,-0.469
TRACE 1338002,-18.72,-17.00,-0.466
TRACE 1339806,-18.61,-17.00,-0.463
TRACE 1341618,-18.50,-17.00,0.492
TRACE 1343425,-18.39,-17.00,0.526
TRACE 1345215,-18.29,-17.00,0.529
TRACE 1347037,-18.18,-17.00,0.533
TRACE 1348853,-18.07,-17.00,0.536
TRACE 1350658,-17.96,-17.00,0.539
TRACE 1352451,-17.85,-16.50,0.496
TRACE 1354270,-17.74,-16.00,-0.468
TRACE 1356079,-17.64,-16.00,-0.464
TRACE 1357886,-17.53,-16.00,-0.461
TRACE 1359724,-17.42,-16.00,0.462
TRACE 1361528,-17.31,-16.00,0.466
TRACE 1363332,-17.20,-16.00,0.469
TRACE 1365149,-17.09,-15.50,-0.463
TRACE 1366966,-16.98,-15.00,-0.474
TRACE 1368756,-16.87,-15.00,-0.471
TRACE 1370602,-16.76,-15.00,-0.468
TRACE 1372427,-16.65,-15.00,-0.465
TRACE 1374255,-16.54,-15.00,-0.461
TRACE 1376081,-16.44,-15.00,0.462
TRACE 1377886,-16.33,-15.00,0.497
TRACE 1379710,-16.22,-15.00,0.531
TRACE 1381512,-16.11,-15.00,0.535
TRACE 1383325,-16.00,-15.00,0.538
TRACE 1385138,-15.89,-15.00,0.541
TRACE 1386932,-15.78,-15.00,0.544
TRACE 1388732,-15.68,-15.00,0.548
TRACE 1390618,-15.56,-14.00,-0.462
TRACE 1392441,-15.45,-14.00,0.462
TRACE 1394246,-15.35,-14.00,0.465
TRACE 1396068,-15.24,-14.00,0.468
TRACE 1397880,-15.13,-13.00,-0.541
TRACE 1399701,-15.02,-13.00,-0.538
TRACE 1401520,-14.91,-13.00,-0.534
TRACE 1403344,-14.80,-13.00,-0.469
TRACE 1405167,-14.69,-13.00,-0.466
TRACE 1406977,-14.58,-13.00,-0.462
TRACE 1408816,-14.47,-13.00,0.461
TRACE 1410613,-14.36,-13.50,0.574
TRACE 1412419,-14.25,-14.00,0.623
TRACE 1414213,-14.15,-14.00,0.627
TRACE 1416030,-14.04,-14.00,0.630
TRACE 1417840,-13.93,-14.00,0.633
TRACE 1419669,-13.82,-13.00,0.543
TRACE 1421490,-13.71,-13.00,0.547
TRACE 1423296,-13.60,-13.00,0.518
TRACE 1425091,-13.49,-13.00,0.490
TRACE 1426913,-13.39,-12.00,-0.520
TRACE 1428735,-13.28,-12.00,-0.516
TRACE 1430565,-13.17,-12.00,-0.513
TRACE 1432386,-13.06,-11.00,-0.540
TRACE 1434212,-12.95,-11.00,-0.536
TRACE 1445290,-12.28,-12.50,0.556
TRACE 1447110,-12.17,-13.00,0.593
TRACE 1448936,-12.06,-13.00,0.632
TRACE 1450762,-11.95,-13.00,0.636
TRACE 1452569,-11.85,-13.00,0.639
TRACE 1454387,-11.74,-13.00,0.679
TRACE 1456184,-11.63,-13.00,0.682
TRACE 1457993,-11.52,-13.00,0.644
TRACE 1459827,-11.41,-13.00,0.616
TRACE 1461652,-11.30,-13.00,0.619
TRACE 1463479,-11.19,-13.00,0.622
TRACE 1465287,-11.08,-13.00,0.626
TRACE 1467091,-10.97,-12.00,0.536
TRACE 1468914,-10.87,-12.00,0.539
TRACE 1470710,-10.76,-12.00,0.542
TRACE 1472532,-10.65,-11.00,-0.467
TRACE 1474329,-10.54,-11.00,-0.464
TRACE 1476157,-10.43,-11.00,-0.461
TRACE 1478011,-10.32,-10.50,-0.504
TRACE 1479819,-10.21,-10.00,-0.484
TRACE 1481656,-10.10,-10.00,-0.481
TRACE 1483525,-9.99,-10.00,-0.477
TRACE 1485345,-9.88,-10.00,0.509
TRACE 1487144,-9.77,-10.00,0.512
TRACE 1488938,-9.66,-10.00,0.515
TRACE 1490777,-9.55,-10.00,0.550
TRACE 1492579,-9.45,-10.00,0.585
TRACE 1494383,-9.34,-10.00,0.588
TRACE 1496197,-9.23,-10.00,0.591
TRACE 1498001,-9.12,-10.00,0.594
TRACE 1499805,-9.01,-9.00,0.504
TRACE 1501605,-8.90,-9.00,0.497
TRACE 1503484,-8.79,-9.00,0.500
TRACE 1505378,-8.68,-9.00,0.503
TRACE 1507239,-8.57,-8.50,-0.460
TRACE 1509112,-8.46,-8.00,-0.503
TRACE 1510978,-8.35,-8.00,-0.500
TRACE 1512859,-8.24,-8.00,0.485
TRACE 1514742,-8.14,-8.00,0.488
TRACE 1516617,-8.03,-8.00,0.490
TRACE 1518483,-7.93,-8.00,0.493
TRACE 1520367,-7.82,-8.00,0.526
TRACE 1522235,-7.72,-7.00,0.468
TRACE 1524102,-7.61,-7.00,0.470
TRACE 1525961,-7.51,-7.00,0.472
TRACE 1527842,-7.41,-7.00,0.475
TRACE 1529716,-7.31,-6.00,-0.534
TRACE 1531592,-7.20,-6.00,-0.532
TRACE 1533486,-7.10,-6.00,-0.529
TRACE 1535370,-7.00,-6.00,-0.466
TRACE 1537239,-6.90,-6.00,-0.463
TRACE 1539123,-6.81,-6.00,-0.461
TRACE 1541004,-6.71,-6.00,0.461
TRACE 1542879,-6.61,-6.00,0.524
TRACE 1544762,-6.51,-6.00,0.526
TRACE 1546645,-6.42,-6.50,0.574
TRACE 1548527,-6.32,-7.00,0.622
TRACE 1550397,-6.23,-7.00,0.624
TRACE 1552286,-6.14,-7.00,0.626
TRACE 1554170,-6.04,-6.50,0.583
TRACE 1556048,-5.95,-6.00,0.539
TRACE 1557924,-5.86,-6.00,0.541
TRACE 1559793,-5.77,-6.00,0.513
TRACE 1561664,-5.68,-6.00,0.484
TRACE 1563540,-5.59,-6.00,0.487
TRACE 1565418,-5.50,-5.00,-0.522
TRACE 1567437,-5.41,-5.00,-0.489
TRACE 1569333,-5.32,-5.00,0.463
TRACE 1571213,-5.23,-5.00,0.465
TRACE 1573076,-5.15,-5.00,0.467
TRACE 1574966,-5.06,-4.50,-0.496
TRACE 1576872,-4.98,-4.00,-0.539
TRACE 1578752,-4.90,-4.00,-0.477
TRACE 1580639,-4.81,-4.00,-0.476
TRACE 1582523,-4.73,-4.00,-0.474
TRACE 1584407,-4.65,-4.50,0.493
TRACE 1586273,-4.57,-5.00,0.540
TRACE 1588144,-4.49,-5.00,0.572
TRACE 1590042,-4.41,-5.00,0.604
TRACE 1591916,-4.33,-5.00,0.606
TRACE 1593780,-4.25,-5.00,0.608
TRACE 1595749,-4.17,-5.00,0.609
TRACE 1597634,-4.10,-5.00,0.580
TRACE 1599514,-4.02,-5.00,0.552
TRACE 1601364,-3.95,-5.00,0.553
TRACE 1603232,-3.87,-4.00,0.464
TRACE 1605126,-3.80,-4.00,0.466
TRACE 1606997,-3.73,-4.00,0.467
TRACE 1608889,-3.65,-4.00,0.468
TRACE 1620031,-3.24,-2.00,-0.550
TRACE 1621999,-3.17,-1.00,-0.153
TRACE 1623844,-3.10,-1.00,-0.152
TRACE 1625692,-3.04,-1.00,-0.115
TRACE 1627552,-2.97,-1.00,-0.114
TRACE 1629408,-2.91,-1.00,-0.113
TRACE 1631265,-2.85,-1.00,-0.112
TRACE 1633145,-2.78,-1.00,-0.064
TRACE 1635016,-2.72,-1.00,-0.002
TRACE 1636911,-2.66,-1.00,-0.001
TRACE 1638765,-2.60,-1.00,0.000
TRACE 1640619,-2.54,-1.00,0.001
TRACE 1642493,-2.48,-1.00,0.002
TRACE 1644346,-2.42,-1.00,0.003
TRACE 1646221,-2.36,-1.00,0.004
TRACE 1648070,-2.31,-1.00,0.005
TRACE 1649945,-2.25,-1.00,0.006
TRACE 1651813,-2.20,-0.50,-0.038
TRACE 1653674,-2.14,-0.50,-0.037
TRACE 1655748,-2.08,0.00,-0.081
TRACE 1657575,-2.03,0.00,-0.080
TRACE 1659373,-1.98,0.00,-0.080
TRACE 1661186,-1.93,0.00,-0.079
TRACE 1663006,-1.88,0.00,-0.078
TRACE 1664850,-1.83,0.00,-0.047
TRACE 1666700,-1.78,0.00,-0.046
TRACE 1668522,-1.73,0.00,-0.015
TRACE 1670357,-1.68,0.00,-0.014
TRACE 1672204,-1.63,0.00,-0.013
TRACE 1674021,-1.59,0.00,-0.012
TRACE 1675924,-1.54,0.00,-0.012
TRACE 1677759,-1.49,0.00,-0.011
TRACE 1679580,-1.45,0.00,-0.010
TRACE 1681432,-1.41,0.00,-0.009
TRACE 1683255,-1.36,0.00,-0.009
TRACE 1685097,-1.32,0.00,-0.008
TRACE 1686956,-1.28,0.00,-0.008
TRACE 1688807,-1.24,0.00,-0.007
TRACE 1690651,-1.20,0.00,-0.007
TRACE 1692490,-1.16,0.00,-0.006
TRACE 1694332,-1.12,0.00,-0.005
TRACE 1696180,-1.08,0.00,-0.005
TRACE 1698021,-1.04,0.00,-0.004
TRACE 1699876,-1.00,0.00,-0.004
TRACE 1701735,-0.97,0.00,-0.004
TRACE 1703582,-0.93,0.00,-0.003
TRACE 1705444,-0.89,0.00,-0.003
TRACE 1707281,-0.86,0.00,-0.002
TRACE 1709129,-0.83,0.00,-0.002
TRACE 1710988,-0.79,0.00,-0.002
TRACE 1712812,-0.76,0.00,-0.001
TRACE 1714664,-0.73,0.00,-0.001
TRACE 1716500,-0.70,0.00,-0.001
TRACE 1718349,-0.67,0.00,-0.001
TRACE 1720207,-0.64,0.00,-0.000
TRACE 1722039,-0.61,0.00,-0.000
TRACE 1723882,-0.58,0.00,0.000
TRACE 1725730,-0.55,0.00,0.000
TRACE 1727563,-0.52,0.00,0.000
TRACE 1729402,-0.50,0.00,0.000
TRACE 1731252,-0.47,0.00,0.001
TRACE 1733073,-0.45,0.00,0.001
TRACE 1734935,-0.42,0.00,0.001
TRACE 1736772,-0.40,0.00,0.001
TRACE 1738614,-0.38,0.00,0.001
TRACE 1740588,-0.35,0.00,0.001
TRACE 1742419,-0.33,0.00,0.001
TRACE 1744255,-0.31,0.00,0.001
TRACE 1746112,-0.29,0.00,0.001
TRACE 1747978,-0.27,0.00,0.001
TRACE 1749835,-0.25,0.00,0.001
TRACE 1751675,-0.23,0.00,0.000
TRACE 1753524,-0.22,0.00,0.000
TRACE 1755377,-0.20,0.00,0.000
TRACE 1757235,-0.18,0.00,-0.000
TRACE 1759074,-0.17,0.00,-0.000
TRACE 1760935,-0.15,0.00,-0.001
TRACE 1762782,-0.14,0.00,-0.001
TRACE 1764613,-0.13,0.00,-0.001
TRACE 1766465,-0.11,0.00,-0.001
TRACE 1768304,-0.10,0.00,-0.002
TRACE 1770192,-0.09,0.00,-0.002
TRACE 1772041,-0.08,0.00,-0.002
TRACE 1773880,-0.07,0.00,-0.003
TRACE 1775746,-0.06,0.00,-0.003
TRACE 1777579,-0.05,0.00,-0.003
TRACE 1779421,-0.04,0.00,-0.004
TRACE 1781265,-0.04,0.00,-0.004
TRACE 1783121,-0.03,0.00,-0.005
TRACE 1794270,-0.00,0.00,-0.008
TRACE 1796142,-0.00,0.00,-0.009
TRACE 1798020,-0.00,0.00,-0.009
TRACE 1799882,-0.00,0.00,-0.010
TRACE 1801743,0.00,0.00,0.000
TRACE 1803383,0.00,0.00,0.000
TRACE 1804984,0.00,0.00,0.000
TRACE 1806595,0.00,0.00,0.000
TRACE 1808202,0.00,0.00,0.000
TRACE 1809799,0.00,0.00,0.000
TRACE 1811416,0.00,0.00,0.000
TRACE 1813015,0.00,0.00,0.000
TRACE 1814588,0.00,0.00,0.000
TRACE 1816187,0.00,0.00,0.000
TRACE 1817751,0.00,0.00,0.000
TRACE 1819342,0.00,0.00,0.000
TRACE 1820935,0.00,0.00,0.000
TRACE 1822524,0.00,0.00,0.000
TRACE 1824108,0.00,0.00,0.000
TRACE 1825707,0.00,0.00,0.000
TRACE 1827290,0.00,0.00,0.000
TRACE 1828883,0.00,0.00,0.000
TRACE 1830497,0.00,0.00,0.000
TRACE 1832100,0.00,0.00,0.000
TRACE 1833690,0.00,0.00,0.000
TRACE 1835274,0.00,0.00,0.000
TRACE 1836868,0.00,0.00,0.000
TRACE 1838495,0.00,0.00,0.000
TRACE 1840086,0.00,0.00,0.000
TRACE 1841673,0.00,0.00,0.000
TRACE 1843275,0.00,0.00,0.000
TRACE 1844842,0.00,0.00,0.000
TRACE 1846432,0.00,0.00,0.000
TRACE 1848027,0.00,0.00,0.000
TRACE 1849615,0.00,0.00,0.000
TRACE 1851208,0.00,0.00,0.000
TRACE 1852815,0.00,0.00,0.000
>>> 
HOST arm.nominal = 0
arm.nominal = 0
>>> 
HOST arm.motor.coast(); arm.servo.off()
arm.motor.coast(); arm.servo.off()
>>> 